checking Client module consistency...
/workspace/baseline/examples/material_sorting/shelf/state_tracker.py:127: UserWarning: layout.scene.shelf_opening_yaw missing; fallback DEFAULT_SHELF_OPENING_YAW=0.0
  self.geometry = geometry or load_shelf_geometry()
/workspace/baseline/examples/material_sorting/perception/shelf_empty_confirm.py:90: UserWarning: layout.scene.shelf_opening_yaw missing; fallback DEFAULT_SHELF_OPENING_YAW=0.0
  self.geometry = geometry or load_shelf_geometry()
[INFO] [1787835725.674225861] [six_angels_material_sorting_client]: scheduler RL overlay enabled; policy_mode=rl_guarded
[INFO] [1787835725.690531328] [six_angels_material_sorting_client]: client started; waiting for instruction, odometry and joint states; execution_mode=task123_full; scheduler=v2
[INFO] [1787835725.691185015] [six_angels_material_sorting_client]: scheduler_policy=rl_guarded; event_log=/workspace/artifacts/scheduler_v2_multiseed_20260918.jsonl; measured_carry_guard=False
[INFO] [1787835725.691876341] [six_angels_material_sorting_client]: runtime_health=odom_max_age=0.750s, joint_max_age=0.750s, stale_grace=2.000s, control_period=0.050s
[WARN] [1787835725.692503198] [six_angels_material_sorting_client]: scheduler v2 is active: task plans and command/resource guards are enforced
[INFO] [1787835725.693123125] [six_angels_material_sorting_client]: semantic audit disabled
[WARN] [1787835725.693752092] [six_angels_material_sorting_client]: task123_full enables integrated task-1/task-2 execution and task-3 top-box pick, measured packaging-box left placement, and safe return; task transitions remain referee-driven
[INFO] [1787835725.741513520] [six_angels_material_sorting_client]: waiting for: instructions
[INFO] [1787835725.854956236] [six_angels_material_sorting_client]: instructions accepted: T1=brown->shelf_point, T2=yellow->table_point, T3=pink->shelf_prop_side
/usr/local/lib/python3.10/dist-packages/matplotlib/projections/__init__.py:63: UserWarning: Unable to import Axes3D. This may be due to multiple versions of Matplotlib being installed (e.g. as a system package and as a pip package). As a result, the 3D projection is not available.
  warnings.warn("Unable to import Axes3D. This may be due to multiple versions of "
[INFO] [1787835728.624994858] [material_box_detect]: material_box_detect up; backend=yolo; checkpoint=/workspace/baseline/examples/material_sorting/perception/checkpoints/best.pt; conf=0.65; center_compensation_scale=0.70; detection_log_period=0.0s
[INFO] [1787835730.741453555] [six_angels_material_sorting_client]: client inputs ready; starting three-task competition controller
[INFO] [1787835730.743345876] [six_angels_material_sorting_client]: controller=starting_task task=1 attempt=1 stage=navigate_to_pick score=0: starting task 1 attempt 1
[INFO] [1787835730.744172242] [six_angels_material_sorting_client]: CONTROL_LOOP_HEALTH samples=101/101 interval_p95=50.16ms interval_p99=50.19ms execution_p95=0.44ms interval_misses=0 execution_misses=0
[INFO] [1787835730.792022590] [six_angels_material_sorting_client]: controller=executing_stage task=1 attempt=1 stage=navigate_to_pick score=0: task 1 entering navigate_to_pick
[INFO] [1787835730.885912695] [six_angels_material_sorting_client]: controller=executing_stage task=1 attempt=1 stage=navigate_to_pick score=0: task 1 attempt 1 stage=navigate_to_pick
[INFO] [1787835731.259772395] [six_angels_material_sorting_client]: scheduler candidate action=task1:navigate_to_pick:stand:left source=rl reason=accepted costmap_v=1
[INFO] [1787835732.937907660] [six_angels_material_sorting_client]: progress task=1 stage=navigate_to_pick: task 1 navigating to pick stand (-1.08, 1.55); nav_status=navigating; NAV_TEL phase=task1_pick status=navigating segment=nav_table x=-0.700 y=0.550 yaw=2.092 dist=1.070 yaw_err=-0.521 cmd=(0.000,0.650) clear=0.300 footprint=transit_stowed path=1.400 planned_straight=1.070 detour=1.309
[INFO] [1787835734.979377199] [six_angels_material_sorting_client]: progress task=1 stage=navigate_to_pick: task 1 navigating to pick stand (-1.08, 1.55); nav_status=navigating; NAV_TEL phase=task1_pick status=navigating segment=nav_table x=-0.699 y=0.549 yaw=2.754 dist=1.071 yaw_err=-1.183 cmd=(0.000,0.634) clear=0.300 footprint=transit_stowed path=1.400 planned_straight=1.070 detour=1.309
[INFO] [1787835735.775147046] [six_angels_material_sorting_client]: CONTROL_LOOP_HEALTH samples=199/199 interval_p95=55.12ms interval_p99=126.41ms execution_p95=2.97ms interval_misses=3 execution_misses=3
[INFO] [1787835736.944243696] [six_angels_material_sorting_client]: progress task=1 stage=navigate_to_pick: task 1 navigating to pick stand (-1.08, 1.55); nav_status=navigating; NAV_TEL phase=task1_pick status=navigating segment=nav_table x=-0.857 y=0.576 yaw=2.957 dist=0.999 yaw_err=-1.386 cmd=(0.188,-0.321) clear=0.350 footprint=transit_stowed path=1.400 planned_straight=1.070 detour=1.309
[INFO] [1787835739.004203534] [six_angels_material_sorting_client]: progress task=1 stage=navigate_to_pick: task 1 navigating to pick stand (-1.08, 1.55); nav_status=navigating; NAV_TEL phase=task1_pick status=navigating segment=nav_table x=-0.994 y=0.633 yaw=2.454 dist=0.921 yaw_err=-0.883 cmd=(0.189,-0.636) clear=0.350 footprint=transit_stowed path=1.400 planned_straight=1.070 detour=1.309
[INFO] [1787835740.921193075] [six_angels_material_sorting_client]: CONTROL_LOOP_HEALTH samples=300/300 interval_p95=55.37ms interval_p99=85.11ms execution_p95=2.85ms interval_misses=3 execution_misses=4
[INFO] [1787835740.992582304] [six_angels_material_sorting_client]: progress task=1 stage=navigate_to_pick: task 1 navigating to pick stand (-1.08, 1.55); nav_status=navigating; NAV_TEL phase=task1_pick status=navigating segment=nav_table x=-1.096 y=0.798 yaw=1.825 dist=0.753 yaw_err=-0.254 cmd=(0.200,-0.431) clear=0.550 footprint=transit_stowed path=1.400 planned_straight=1.070 detour=1.309
[INFO] [1787835743.048665104] [six_angels_material_sorting_client]: progress task=1 stage=navigate_to_pick: task 1 navigating to pick stand (-1.08, 1.55); nav_status=navigating; NAV_TEL phase=task1_pick status=navigating segment=nav_table x=-1.113 y=0.982 yaw=1.561 dist=0.569 yaw_err=0.010 cmd=(0.200,-0.063) clear=0.700 footprint=transit_stowed path=1.400 planned_straight=1.070 detour=1.309
[INFO] [1787835745.042969136] [six_angels_material_sorting_client]: progress task=1 stage=navigate_to_pick: task 1 navigating to pick stand (-1.08, 1.55); nav_status=navigating; NAV_TEL phase=task1_pick status=navigating segment=nav_table x=-1.106 y=1.175 yaw=1.524 dist=0.376 yaw_err=0.047 cmd=(0.200,-0.010) clear=0.500 footprint=transit_stowed path=1.400 planned_straight=1.070 detour=1.309
[INFO] [1787835745.842798895] [six_angels_material_sorting_client]: CONTROL_LOOP_HEALTH samples=400/400 interval_p95=55.51ms interval_p99=85.11ms execution_p95=2.87ms interval_misses=4 execution_misses=5
[INFO] [1787835747.092723659] [six_angels_material_sorting_client]: progress task=1 stage=navigate_to_pick: task 1 navigating to pick stand (-1.08, 1.55); nav_status=navigating; NAV_TEL phase=task1_pick status=navigating segment=nav_table x=-1.097 y=1.347 yaw=1.518 dist=0.204 yaw_err=0.052 cmd=(0.183,-0.002) clear=0.350 footprint=transit_stowed path=1.400 planned_straight=1.070 detour=1.309
[INFO] [1787835749.093350702] [six_angels_material_sorting_client]: progress task=1 stage=navigate_to_pick: task 1 navigating to pick stand (-1.08, 1.55); nav_status=final_positioning; NAV_TEL phase=task1_pick status=final_positioning segment=nav_table x=-1.091 y=1.447 yaw=1.482 dist=0.104 yaw_err=0.089 cmd=(0.083,-0.035) clear=0.250 footprint=transit_stowed path=1.400 planned_straight=1.070 detour=1.309
[INFO] [1787835750.843466481] [six_angels_material_sorting_client]: CONTROL_LOOP_HEALTH samples=400/500 interval_p95=55.47ms interval_p99=61.74ms execution_p95=2.92ms interval_misses=4 execution_misses=5
[INFO] [1787835750.893416788] [six_angels_material_sorting_client]: controller=executing_stage task=1 attempt=1 stage=acquire_target score=0: task 1 entering acquire_target: task 1 reached the detected table-side pick stand; stopping before arm motion; NAV_GOAL_REACHED segment=nav_table
[INFO] [1787835750.942290422] [six_angels_material_sorting_client]: controller=executing_stage task=1 attempt=1 stage=acquire_target score=0: task 1 attempt 1 stage=acquire_target
[INFO] [1787835750.991849491] [six_angels_material_sorting_client]: controller=executing_stage task=1 attempt=1 stage=align_for_pick score=0: task 1 entering align_for_pick: task 1 target locked for open pregrasp at (-0.959, 2.255, 0.834); orientation=yaw90; source=rgbd_cuboid
[INFO] [1787835751.042167467] [six_angels_material_sorting_client]: controller=executing_stage task=1 attempt=1 stage=align_for_pick score=0: task 1 attempt 1 stage=align_for_pick
[INFO] [1787835753.042409633] [six_angels_material_sorting_client]: progress task=1 stage=align_for_pick: task 1 moving both open arms to pregrasp; target_base=(0.78, -0.096, 0.834); arm_tol=0.030, slide_err=0.002, left_err=0.008, right_err=0.003, cmd_err=0.000, max_vel=0.368
[INFO] [1787835753.992449115] [six_angels_material_sorting_client]: controller=executing_stage task=1 attempt=1 stage=grasp score=0: task 1 entering grasp: task 1 both open arms reached the non-contact pregrasp pose
[INFO] [1787835754.042768451] [six_angels_material_sorting_client]: controller=executing_stage task=1 attempt=1 stage=grasp score=0: task 1 attempt 1 stage=grasp
[INFO] [1787835755.892943986] [six_angels_material_sorting_client]: CONTROL_LOOP_HEALTH samples=400/601 interval_p95=55.08ms interval_p99=57.53ms execution_p95=2.80ms interval_misses=4 execution_misses=5
[INFO] [1787835756.043151268] [six_angels_material_sorting_client]: progress task=1 stage=grasp: task 1 settling at the compliant contact start pose; compliance=active; left[contact=False, aligned=False, angle=1.0deg, effort_delta=1.24, effort_threshold=0.35, firm=True, firm_latched=False, velocity=0.000]; right[contact=False, aligned=False, angle=0.7deg, effort_delta=1.93, effort_threshold=0.35, firm=True, firm_latched=False, velocity=0.000]; target_base=(0.779, -0.099, 0.834); arm_tol=0.240, slide_err=0.006, left_err=0.017, right_err=0.017, cmd_err=0.000, max_vel=0.002; compliance=active; left[contact=False, aligned=False, angle=1.0deg, effort_delta=1.24, effort_threshold=0.35, firm=True, firm_latched=False, velocity=0.000]; right[contact=False, aligned=False, angle=0.7deg, effort_delta=1.93, effort_threshold=0.35, firm=True, firm_latched=False, velocity=0.000]
[INFO] [1787835758.094577318] [six_angels_material_sorting_client]: progress task=1 stage=grasp: task 1 continuously advancing the compliant contact search; speed=0.5 mm/s, offset=1.1/16.0 mm, surface_clearance=8.9 mm; compliance=active; left[contact=True, aligned=False, angle=1.5deg, effort_delta=0.02, effort_threshold=0.35, firm=False, firm_latched=False, velocity=0.000]; right[contact=True, aligned=True, angle=1.8deg, effort_delta=0.33, effort_threshold=0.35, firm=False, firm_latched=False, velocity=0.000]
[INFO] [1787835760.095246895] [six_angels_material_sorting_client]: progress task=1 stage=grasp: task 1 continuously advancing the compliant contact search; speed=0.5 mm/s, offset=2.1/16.0 mm, surface_clearance=7.9 mm; compliance=active; left[contact=True, aligned=False, angle=1.5deg, effort_delta=0.02, effort_threshold=0.35, firm=False, firm_latched=False, velocity=0.000]; right[contact=True, aligned=True, angle=1.8deg, effort_delta=0.24, effort_threshold=0.35, firm=False, firm_latched=False, velocity=0.001]
[INFO] [1787835760.895101867] [six_angels_material_sorting_client]: CONTROL_LOOP_HEALTH samples=400/701 interval_p95=53.72ms interval_p99=55.79ms execution_p95=4.78ms interval_misses=4 execution_misses=5
[INFO] [1787835762.094690540] [six_angels_material_sorting_client]: progress task=1 stage=grasp: task 1 continuously advancing the compliant contact search; speed=0.5 mm/s, offset=3.1/16.0 mm, surface_clearance=6.9 mm; compliance=active; left[contact=True, aligned=False, angle=1.4deg, effort_delta=0.02, effort_threshold=0.35, firm=False, firm_latched=False, velocity=0.000]; right[contact=True, aligned=True, angle=1.8deg, effort_delta=0.17, effort_threshold=0.35, firm=False, firm_latched=False, velocity=0.000]
[INFO] [1787835764.144578731] [six_angels_material_sorting_client]: progress task=1 stage=grasp: task 1 continuously advancing the compliant contact search; speed=0.5 mm/s, offset=4.1/16.0 mm, surface_clearance=5.9 mm; compliance=active; left[contact=True, aligned=False, angle=1.4deg, effort_delta=0.02, effort_threshold=0.35, firm=False, firm_latched=False, velocity=0.000]; right[contact=True, aligned=True, angle=1.8deg, effort_delta=0.11, effort_threshold=0.35, firm=False, firm_latched=False, velocity=0.001]
[INFO] [1787835765.945116501] [six_angels_material_sorting_client]: CONTROL_LOOP_HEALTH samples=400/802 interval_p95=50.21ms interval_p99=50.80ms execution_p95=4.84ms interval_misses=4 execution_misses=5
[INFO] [1787835766.145229841] [six_angels_material_sorting_client]: progress task=1 stage=grasp: task 1 continuously advancing the compliant contact search; speed=0.5 mm/s, offset=5.1/16.0 mm, surface_clearance=4.9 mm; compliance=active; left[contact=True, aligned=False, angle=1.4deg, effort_delta=0.02, effort_threshold=0.35, firm=False, firm_latched=False, velocity=0.001]; right[contact=True, aligned=True, angle=1.8deg, effort_delta=0.06, effort_threshold=0.35, firm=False, firm_latched=False, velocity=0.000]
[INFO] [1787835768.194987454] [six_angels_material_sorting_client]: progress task=1 stage=grasp: task 1 continuously advancing the compliant contact search; speed=0.5 mm/s, offset=6.1/16.0 mm, surface_clearance=3.9 mm; compliance=active; left[contact=True, aligned=False, angle=1.4deg, effort_delta=0.02, effort_threshold=0.35, firm=False, firm_latched=False, velocity=0.000]; right[contact=True, aligned=True, angle=1.8deg, effort_delta=0.02, effort_threshold=0.35, firm=False, firm_latched=False, velocity=0.000]
[INFO] [1787835770.245547865] [six_angels_material_sorting_client]: progress task=1 stage=grasp: task 1 continuously advancing the compliant contact search; speed=0.5 mm/s, offset=7.2/16.0 mm, surface_clearance=2.8 mm; compliance=active; left[contact=True, aligned=False, angle=1.4deg, effort_delta=0.02, effort_threshold=0.35, firm=False, firm_latched=False, velocity=0.000]; right[contact=True, aligned=True, angle=1.8deg, effort_delta=0.01, effort_threshold=0.35, firm=False, firm_latched=False, velocity=0.000]
[INFO] [1787835770.994821053] [six_angels_material_sorting_client]: CONTROL_LOOP_HEALTH samples=400/903 interval_p95=50.22ms interval_p99=50.80ms execution_p95=5.23ms interval_misses=4 execution_misses=5
[INFO] [1787835772.294864042] [six_angels_material_sorting_client]: progress task=1 stage=grasp: task 1 continuously advancing the compliant contact search; speed=0.5 mm/s, offset=8.2/16.0 mm, surface_clearance=1.8 mm; compliance=active; left[contact=True, aligned=False, angle=1.4deg, effort_delta=0.03, effort_threshold=0.35, firm=False, firm_latched=False, velocity=0.000]; right[contact=True, aligned=True, angle=1.8deg, effort_delta=0.02, effort_threshold=0.35, firm=False, firm_latched=False, velocity=0.000]
[INFO] [1787835774.294905189] [six_angels_material_sorting_client]: progress task=1 stage=grasp: task 1 continuously advancing the compliant contact search; speed=0.5 mm/s, offset=9.2/16.0 mm, surface_clearance=0.8 mm; compliance=active; left[contact=True, aligned=False, angle=1.5deg, effort_delta=0.03, effort_threshold=0.35, firm=False, firm_latched=False, velocity=0.000]; right[contact=True, aligned=True, angle=1.8deg, effort_delta=0.03, effort_threshold=0.35, firm=False, firm_latched=False, velocity=0.000]
[INFO] [1787835775.994849022] [six_angels_material_sorting_client]: CONTROL_LOOP_HEALTH samples=400/1003 interval_p95=50.21ms interval_p99=50.45ms execution_p95=5.19ms interval_misses=4 execution_misses=5
[INFO] [1787835776.296219061] [six_angels_material_sorting_client]: progress task=1 stage=grasp: task 1 continuously advancing the compliant contact search; speed=0.5 mm/s, offset=10.2/16.0 mm, surface_clearance=0.0 mm; compliance=active; left[contact=True, aligned=False, angle=1.5deg, effort_delta=0.03, effort_threshold=0.35, firm=False, firm_latched=False, velocity=0.000]; right[contact=True, aligned=True, angle=1.8deg, effort_delta=0.04, effort_threshold=0.35, firm=False, firm_latched=False, velocity=0.001]
[INFO] [1787835778.296152810] [six_angels_material_sorting_client]: progress task=1 stage=grasp: task 1 continuously applying locked-wrist preload; offset=11.6/12.8 mm; compliance=active; left[contact=True, aligned=True, angle=1.5deg, effort_delta=0.03, effort_threshold=0.35, firm=False, firm_latched=False, velocity=0.001]; right[contact=True, aligned=True, angle=1.8deg, effort_delta=0.07, effort_threshold=0.35, firm=False, firm_latched=False, velocity=0.000]
[INFO] [1787835780.143307031] [six_angels_material_sorting_client]: controller=executing_stage task=1 attempt=1 stage=lift score=0: task 1 entering lift: task 1 bilateral compliant grasp settled with locked wrists and 12.8 mm bounded preload; compliance=active; left[contact=True, aligned=True, angle=1.5deg, effort_delta=0.05, effort_threshold=0.35, firm=False, firm_latched=False, velocity=0.000]; right[contact=True, aligned=True, angle=1.8deg, effort_delta=0.09, effort_threshold=0.35, firm=False, firm_latched=False, velocity=0.000]
[INFO] [1787835780.192325414] [six_angels_material_sorting_client]: controller=executing_stage task=1 attempt=1 stage=lift score=0: task 1 attempt 1 stage=lift
[INFO] [1787835781.042626625] [six_angels_material_sorting_client]: CONTROL_LOOP_HEALTH samples=400/1104 interval_p95=50.19ms interval_p99=50.62ms execution_p95=4.88ms interval_misses=4 execution_misses=5
[INFO] [1787835782.242260063] [six_angels_material_sorting_client]: progress task=1 stage=lift: task 1 raising the spine while preserving arm preload; lift=0.150m, slide_target=0.318, slide_err=0.057, left_err=0.022, right_err=0.044, cmd_err=0.027, max_vel=0.077
[INFO] [1787835784.292315813] [six_angels_material_sorting_client]: progress task=1 stage=lift: task 1 raising the spine while preserving arm preload; lift=0.150m, slide_target=0.318, slide_err=0.010, left_err=0.022, right_err=0.043, cmd_err=0.000, max_vel=0.008
[INFO] [1787835784.692641693] [six_angels_material_sorting_client]: controller=executing_stage task=1 attempt=1 stage=transport score=0: task 1 entering transport: task 1 lifted the held box 0.150 m; holding before transport
[INFO] [1787835784.697395809] [material_box_detect]: started task-stage shelf empty confirmation
[INFO] [1787835784.799346555] [six_angels_material_sorting_client]: controller=executing_stage task=1 attempt=1 stage=transport score=0: task 1 attempt 1 stage=transport
[INFO] [1787835784.844355508] [six_angels_material_sorting_client]: scheduler candidate action=task1:transport:stand:center source=rl reason=accepted costmap_v=62
[INFO] [1787835786.098814921] [six_angels_material_sorting_client]: CONTROL_LOOP_HEALTH samples=400/1205 interval_p95=50.20ms interval_p99=54.90ms execution_p95=4.65ms interval_misses=4 execution_misses=6
[INFO] [1787835786.792097385] [six_angels_material_sorting_client]: progress task=1 stage=transport: task 1 holding lifted box and retreating straight; remaining=0.608 m
[INFO] [1787835788.793346512] [six_angels_material_sorting_client]: progress task=1 stage=transport: task 1 holding lifted box and retreating straight; remaining=0.496 m
[INFO] [1787835790.792514041] [six_angels_material_sorting_client]: progress task=1 stage=transport: task 1 holding lifted box and retreating straight; remaining=0.381 m
[INFO] [1787835791.142640726] [six_angels_material_sorting_client]: CONTROL_LOOP_HEALTH samples=400/1306 interval_p95=50.33ms interval_p99=55.05ms execution_p95=4.01ms interval_misses=4 execution_misses=6
[INFO] [1787835792.796019879] [six_angels_material_sorting_client]: progress task=1 stage=transport: task 1 holding lifted box and retreating straight; remaining=0.269 m
[INFO] [1787835794.845240317] [six_angels_material_sorting_client]: progress task=1 stage=transport: task 1 holding lifted box and retreating straight; remaining=0.155 m
[INFO] [1787835796.192212677] [six_angels_material_sorting_client]: CONTROL_LOOP_HEALTH samples=400/1407 interval_p95=50.62ms interval_p99=55.05ms execution_p95=3.88ms interval_misses=4 execution_misses=6
[INFO] [1787835796.892171578] [six_angels_material_sorting_client]: progress task=1 stage=transport: task 1 holding lifted box and retreating straight; remaining=0.075 m
[INFO] [1787835798.892746774] [six_angels_material_sorting_client]: progress task=1 stage=transport: task 1 holding lifted box and retreating straight; remaining=0.032 m
[INFO] [1787835800.943122619] [six_angels_material_sorting_client]: progress task=1 stage=transport: task 1 moving directly to the safe shelf pre-place stand; goal=(-0.94, 0.67, 3.14); nav_status=navigating; NAV_TEL phase=transfer status=navigating segment=nav_shelf x=-1.110 y=0.789 yaw=1.333 dist=0.208 yaw_err=1.808 cmd=(0.000,-0.550) clear=0.550 footprint=transit_carry path=0.180 planned_straight=0.211 detour=0.854; shelf_frames=7; shelf_state=collecting
[INFO] [1787835801.193238928] [six_angels_material_sorting_client]: CONTROL_LOOP_HEALTH samples=400/1507 interval_p95=50.63ms interval_p99=55.05ms execution_p95=2.52ms interval_misses=4 execution_misses=6
[INFO] [1787835802.943155279] [six_angels_material_sorting_client]: progress task=1 stage=transport: task 1 moving directly to the safe shelf pre-place stand; goal=(-0.94, 0.67, 3.14); nav_status=navigating; NAV_TEL phase=transfer status=navigating segment=nav_shelf x=-1.110 y=0.788 yaw=0.772 dist=0.208 yaw_err=2.369 cmd=(0.000,-0.550) clear=0.500 footprint=transit_carry path=0.180 planned_straight=0.211 detour=0.854; shelf_frames=7; shelf_state=collecting
[INFO] [1787835804.968100234] [six_angels_material_sorting_client]: progress task=1 stage=transport: task 1 moving directly to the safe shelf pre-place stand; goal=(-0.94, 0.67, 3.14); nav_status=navigating; NAV_TEL phase=transfer status=navigating segment=nav_shelf x=-1.110 y=0.788 yaw=0.168 dist=0.208 yaw_err=2.974 cmd=(0.000,-0.550) clear=0.550 footprint=transit_carry path=0.180 planned_straight=0.211 detour=0.854; shelf_frames=7; shelf_state=collecting
[INFO] [1787835806.193381209] [six_angels_material_sorting_client]: CONTROL_LOOP_HEALTH samples=400/1607 interval_p95=50.35ms interval_p99=51.73ms execution_p95=2.72ms interval_misses=4 execution_misses=6
[INFO] [1787835806.943310730] [six_angels_material_sorting_client]: progress task=1 stage=transport: task 1 moving directly to the safe shelf pre-place stand; goal=(-0.94, 0.67, 3.14); nav_status=navigating; NAV_TEL phase=transfer status=navigating segment=nav_shelf x=-1.107 y=0.787 yaw=-0.405 dist=0.205 yaw_err=-2.737 cmd=(0.160,-0.154) clear=0.350 footprint=transit_carry path=0.180 planned_straight=0.211 detour=0.854; shelf_frames=7; shelf_state=collecting
[INFO] [1787835808.944005439] [six_angels_material_sorting_client]: progress task=1 stage=transport: task 1 moving directly to the safe shelf pre-place stand; goal=(-0.94, 0.67, 3.14); nav_status=final_positioning; NAV_TEL phase=transfer status=final_positioning segment=nav_shelf x=-1.010 y=0.731 yaw=-0.625 dist=0.094 yaw_err=-2.517 cmd=(0.075,-0.080) clear=0.200 footprint=transit_carry path=0.180 planned_straight=0.211 detour=0.854; shelf_frames=7; shelf_state=collecting
[INFO] [1787835810.992930316] [six_angels_material_sorting_client]: progress task=1 stage=transport: task 1 moving directly to the safe shelf pre-place stand; goal=(-0.94, 0.67, 3.14); nav_status=final_aligning; NAV_TEL phase=transfer status=final_aligning segment=nav_shelf x=-0.971 y=0.701 yaw=-0.797 dist=0.045 yaw_err=-2.345 cmd=(0.000,-0.500) clear=0.150 footprint=transit_carry path=0.180 planned_straight=0.211 detour=0.854; shelf_frames=7; shelf_state=collecting
[INFO] [1787835811.193678015] [six_angels_material_sorting_client]: CONTROL_LOOP_HEALTH samples=400/1707 interval_p95=50.21ms interval_p99=50.91ms execution_p95=2.87ms interval_misses=4 execution_misses=6
[INFO] [1787835812.993693407] [six_angels_material_sorting_client]: progress task=1 stage=transport: task 1 moving directly to the safe shelf pre-place stand; goal=(-0.94, 0.67, 3.14); nav_status=final_aligning; NAV_TEL phase=transfer status=final_aligning segment=nav_shelf x=-0.971 y=0.702 yaw=-1.363 dist=0.045 yaw_err=-1.779 cmd=(0.000,-0.500) clear=0.100 footprint=transit_carry path=0.180 planned_straight=0.211 detour=0.854; shelf_frames=7; shelf_state=collecting
[INFO] [1787835815.056495895] [six_angels_material_sorting_client]: progress task=1 stage=transport: task 1 moving directly to the safe shelf pre-place stand; goal=(-0.94, 0.67, 3.14); nav_status=final_aligning; NAV_TEL phase=transfer status=final_aligning segment=nav_shelf x=-0.971 y=0.702 yaw=-1.936 dist=0.045 yaw_err=-1.205 cmd=(0.000,-0.500) clear=0.100 footprint=transit_carry path=0.180 planned_straight=0.211 detour=0.854; shelf_frames=7; shelf_state=collecting
[INFO] [1787835816.243031689] [six_angels_material_sorting_client]: CONTROL_LOOP_HEALTH samples=400/1808 interval_p95=50.21ms interval_p99=50.73ms execution_p95=2.96ms interval_misses=4 execution_misses=6
[INFO] [1787835817.044074634] [six_angels_material_sorting_client]: progress task=1 stage=transport: task 1 moving directly to the safe shelf pre-place stand; goal=(-0.94, 0.67, 3.14); nav_status=final_aligning; NAV_TEL phase=transfer status=final_aligning segment=nav_shelf x=-0.971 y=0.702 yaw=-2.483 dist=0.045 yaw_err=-0.659 cmd=(0.000,-0.500) clear=0.150 footprint=transit_carry path=0.180 planned_straight=0.211 detour=0.854; shelf_frames=7; shelf_state=collecting
[INFO] [1787835819.094447977] [six_angels_material_sorting_client]: progress task=1 stage=transport: task 1 moving directly to the safe shelf pre-place stand; goal=(-0.94, 0.67, 3.14); nav_status=final_aligning; NAV_TEL phase=transfer status=final_aligning segment=nav_shelf x=-0.971 y=0.702 yaw=-3.018 dist=0.045 yaw_err=-0.124 cmd=(0.000,-0.247) clear=0.400 footprint=transit_carry path=0.180 planned_straight=0.211 detour=0.854; shelf_frames=7; shelf_state=collecting
[INFO] [1787835819.555153347] [six_angels_material_sorting_client]: controller=executing_stage task=1 attempt=1 stage=align_for_place score=30: task 1 entering align_for_place: task 1 reached the target-aligned safe shelf pre-place stand by direct A* with the carried center still 0.75 m in front of the shelf
[INFO] [1787835819.593342575] [six_angels_material_sorting_client]: controller=executing_stage task=1 attempt=1 stage=align_for_place score=30: task 1 attempt 1 stage=align_for_place
[INFO] [1787835821.292819426] [six_angels_material_sorting_client]: CONTROL_LOOP_HEALTH samples=400/1909 interval_p95=50.21ms interval_p99=50.73ms execution_p95=3.02ms interval_misses=4 execution_misses=6
[INFO] [1787835821.642166667] [six_angels_material_sorting_client]: progress task=1 stage=align_for_place: task 1 lowering the carried box to expose candidate L1; slide_target=0.622, slide_err=0.202, left_err=0.023, right_err=0.036, cmd_err=0.184, slide_vel=0.086, max_vel=0.086
[INFO] [1787835823.642445114] [six_angels_material_sorting_client]: progress task=1 stage=align_for_place: task 1 lowering the carried box to expose candidate L1; slide_target=0.622, slide_err=0.082, left_err=0.023, right_err=0.035, cmd_err=0.064, slide_vel=0.146, max_vel=0.146
[INFO] [1787835825.692197193] [six_angels_material_sorting_client]: progress task=1 stage=align_for_place: task 1 lowering the carried box to expose candidate L1; slide_target=0.622, slide_err=0.000, left_err=0.023, right_err=0.035, cmd_err=0.000, slide_vel=0.013, max_vel=0.016
[INFO] [1787835826.342934126] [six_angels_material_sorting_client]: CONTROL_LOOP_HEALTH samples=400/2010 interval_p95=50.24ms interval_p99=50.95ms execution_p95=2.91ms interval_misses=4 execution_misses=6
[INFO] [1787835827.741936653] [six_angels_material_sorting_client]: progress task=1 stage=align_for_place: task 1 scanning shelf semantics for task-2 colour 'yellow'; head_pitch=-0.16, frames=7, colored=locked:yellow@L3(3), packaging=locked:L2(3), empty=L1(2/3), occupancy=locked:L1(3)
[INFO] [1787835829.741931304] [six_angels_material_sorting_client]: progress task=1 stage=align_for_place: task 1 moving held box to shelf clearance height; slide_target=0.739, slide_err=0.026, left_err=0.023, right_err=0.034, cmd_err=0.009, slide_vel=0.084, max_vel=0.084
[INFO] [1787835831.392377196] [six_angels_material_sorting_client]: CONTROL_LOOP_HEALTH samples=400/2111 interval_p95=50.25ms interval_p99=51.00ms execution_p95=2.86ms interval_misses=4 execution_misses=6
[INFO] [1787835831.791889405] [six_angels_material_sorting_client]: progress task=1 stage=align_for_place: task 1 aligning laterally outside the shelf; lateral alignment rotating toward shelf-front direction; yaw_err=1.529
[INFO] [1787835833.791882377] [six_angels_material_sorting_client]: progress task=1 stage=align_for_place: task 1 aligning laterally outside the shelf; lateral alignment rotating toward shelf-front direction; yaw_err=1.183
[INFO] [1787835835.792635037] [six_angels_material_sorting_client]: progress task=1 stage=align_for_place: task 1 aligning laterally outside the shelf; lateral alignment rotating toward shelf-front direction; yaw_err=0.820
[INFO] [1787835836.442304478] [six_angels_material_sorting_client]: CONTROL_LOOP_HEALTH samples=400/2212 interval_p95=50.23ms interval_p99=50.98ms execution_p95=2.70ms interval_misses=4 execution_misses=6
[INFO] [1787835837.792806111] [six_angels_material_sorting_client]: progress task=1 stage=align_for_place: task 1 aligning laterally outside the shelf; lateral alignment rotating toward shelf-front direction; yaw_err=0.423
[INFO] [1787835839.842048358] [six_angels_material_sorting_client]: progress task=1 stage=align_for_place: task 1 aligning laterally outside the shelf; lateral alignment rotating toward shelf-front direction; yaw_err=0.078
[INFO] [1787835841.491981246] [six_angels_material_sorting_client]: CONTROL_LOOP_HEALTH samples=400/2313 interval_p95=50.20ms interval_p99=50.95ms execution_p95=1.77ms interval_misses=4 execution_misses=6
[INFO] [1787835841.841949325] [six_angels_material_sorting_client]: progress task=1 stage=align_for_place: task 1 aligning laterally outside the shelf; lateral alignment restoring shelf-facing yaw; yaw_err=-1.459
[INFO] [1787835843.842110361] [six_angels_material_sorting_client]: progress task=1 stage=align_for_place: task 1 aligning laterally outside the shelf; lateral alignment restoring shelf-facing yaw; yaw_err=-1.037
[INFO] [1787835845.842913125] [six_angels_material_sorting_client]: progress task=1 stage=align_for_place: task 1 aligning laterally outside the shelf; lateral alignment restoring shelf-facing yaw; yaw_err=-0.633
[INFO] [1787835846.492086899] [six_angels_material_sorting_client]: CONTROL_LOOP_HEALTH samples=400/2413 interval_p95=50.19ms interval_p99=50.62ms execution_p95=1.57ms interval_misses=4 execution_misses=6
[INFO] [1787835847.892114685] [six_angels_material_sorting_client]: progress task=1 stage=align_for_place: task 1 aligning laterally outside the shelf; lateral alignment restoring shelf-facing yaw; yaw_err=-0.235
[INFO] [1787835849.942471591] [six_angels_material_sorting_client]: progress task=1 stage=align_for_place: task 1 entering the recognized empty shelf layer; advancing straight; remaining=0.865 m
[INFO] [1787835851.492400365] [six_angels_material_sorting_client]: CONTROL_LOOP_HEALTH samples=400/2513 interval_p95=50.19ms interval_p99=50.26ms execution_p95=1.54ms interval_misses=4 execution_misses=6
[INFO] [1787835851.992156111] [six_angels_material_sorting_client]: progress task=1 stage=align_for_place: task 1 entering the recognized empty shelf layer; advancing straight; remaining=0.754 m
[INFO] [1787835854.042192671] [six_angels_material_sorting_client]: progress task=1 stage=align_for_place: task 1 entering the recognized empty shelf layer; advancing straight; remaining=0.646 m
[INFO] [1787835856.042494201] [six_angels_material_sorting_client]: progress task=1 stage=align_for_place: task 1 entering the recognized empty shelf layer; advancing straight; remaining=0.546 m
[INFO] [1787835856.492572407] [six_angels_material_sorting_client]: CONTROL_LOOP_HEALTH samples=400/2613 interval_p95=50.20ms interval_p99=50.26ms execution_p95=1.56ms interval_misses=4 execution_misses=6
[INFO] [1787835858.092124904] [six_angels_material_sorting_client]: progress task=1 stage=align_for_place: task 1 entering the recognized empty shelf layer; advancing straight; remaining=0.442 m
[INFO] [1787835860.092385806] [six_angels_material_sorting_client]: progress task=1 stage=align_for_place: task 1 entering the recognized empty shelf layer; advancing straight; remaining=0.336 m
[INFO] [1787835861.542832533] [six_angels_material_sorting_client]: CONTROL_LOOP_HEALTH samples=400/2714 interval_p95=50.18ms interval_p99=50.26ms execution_p95=1.56ms interval_misses=4 execution_misses=6
[INFO] [1787835862.092546349] [six_angels_material_sorting_client]: progress task=1 stage=align_for_place: task 1 entering the recognized empty shelf layer; advancing straight; remaining=0.235 m
[INFO] [1787835864.142342933] [six_angels_material_sorting_client]: progress task=1 stage=align_for_place: task 1 entering the recognized empty shelf layer; advancing straight; remaining=0.138 m
[INFO] [1787835866.192182738] [six_angels_material_sorting_client]: progress task=1 stage=align_for_place: task 1 entering the recognized empty shelf layer; advancing straight; remaining=0.074 m
[INFO] [1787835866.543159484] [six_angels_material_sorting_client]: CONTROL_LOOP_HEALTH samples=400/2814 interval_p95=50.18ms interval_p99=50.28ms execution_p95=1.58ms interval_misses=4 execution_misses=6
[INFO] [1787835868.192028715] [six_angels_material_sorting_client]: progress task=1 stage=align_for_place: task 1 entering the recognized empty shelf layer; advancing straight; remaining=0.036 m
[INFO] [1787835869.343217089] [six_angels_material_sorting_client]: controller=executing_stage task=1 attempt=1 stage=place score=30: task 1 entering place: task 1 entered only the recognized empty shelf layer L1; confidence=0.51
[INFO] [1787835869.392926899] [six_angels_material_sorting_client]: controller=executing_stage task=1 attempt=1 stage=place score=30: task 1 attempt 1 stage=place
[INFO] [1787835869.796367171] [material_box_detect]: stopped task-stage shelf empty confirmation
[INFO] [1787835871.442531267] [six_angels_material_sorting_client]: progress task=1 stage=place: task 1 lowering box compliantly onto shelf board; slide_target=0.782, slide_err=0.000, left_err=0.029, right_err=0.024, cmd_err=0.000, slide_vel=0.014, max_vel=0.088; compliant_place_phase=fast_approach, remaining_mm=12.0, step_mm=2.0, completion=None; placement_effort=active, slide_ratio=0.00, left_wrist_ratio=0.00, right_wrist_ratio=0.00, left_arm_max=0.00, right_arm_max=0.00, candidate=False, confirmed=False
[INFO] [1787835871.543525729] [six_angels_material_sorting_client]: CONTROL_LOOP_HEALTH samples=400/2914 interval_p95=50.17ms interval_p99=50.44ms execution_p95=1.81ms interval_misses=4 execution_misses=6
[INFO] [1787835873.442329656] [six_angels_material_sorting_client]: progress task=1 stage=place: task 1 lowering box compliantly onto shelf board; slide_target=0.786, slide_err=0.003, left_err=0.031, right_err=0.024, cmd_err=0.000, slide_vel=0.005, max_vel=0.005; compliant_place_phase=fine_descent, remaining_mm=8.0, step_mm=2.0, completion=None; placement_effort=active, slide_ratio=244.56, left_wrist_ratio=0.78, right_wrist_ratio=1.40, left_arm_max=7.17, right_arm_max=10.29, candidate=False, confirmed=False
[INFO] [1787835875.492167015] [six_angels_material_sorting_client]: progress task=1 stage=place: task 1 holding gentle shelf-release waypoint 1/1 at half_width=0.160 m (0.15/0.25s)
[INFO] [1787835875.593139727] [six_angels_material_sorting_client]: controller=executing_stage task=1 attempt=1 stage=verify_place score=30: task 1 entering verify_place: task 1 gently unloaded preload and opened both arms on the empty shelf layer
[INFO] [1787835875.642289740] [six_angels_material_sorting_client]: controller=executing_stage task=1 attempt=1 stage=verify_place score=30: task 1 attempt 1 stage=verify_place
[INFO] [1787835876.592230087] [six_angels_material_sorting_client]: CONTROL_LOOP_HEALTH samples=400/3015 interval_p95=50.17ms interval_p99=50.41ms execution_p95=1.85ms interval_misses=4 execution_misses=6
[INFO] [1787835876.642671423] [six_angels_material_sorting_client]: controller=executing_stage task=1 attempt=1 stage=return_to_end score=30: task 1 entering return_to_end: task 1 shelf placement settled; handing result to referee
[INFO] [1787835876.779293057] [six_angels_material_sorting_client]: controller=executing_stage task=1 attempt=1 stage=return_to_end score=30: task 1 attempt 1 stage=return_to_end
[INFO] [1787835876.794259192] [six_angels_material_sorting_client]: scheduler candidate action=task1:return_to_end:stand:left source=rl reason=accepted costmap_v=122
[INFO] [1787835878.742847840] [six_angels_material_sorting_client]: progress task=1 stage=return_to_end: task 1 retreating straight; remaining=0.205 m after release
[INFO] [1787835880.853304556] [six_angels_material_sorting_client]: progress task=1 stage=return_to_end: task 1 retreating straight; remaining=0.097 m after release
[INFO] [1787835881.647814014] [six_angels_material_sorting_client]: CONTROL_LOOP_HEALTH samples=400/3115 interval_p95=50.73ms interval_p99=60.39ms execution_p95=1.94ms interval_misses=5 execution_misses=8
[INFO] [1787835882.842087974] [six_angels_material_sorting_client]: progress task=1 stage=return_to_end: task 1 retreating straight; remaining=0.042 m after release
[INFO] [1787835884.842278826] [six_angels_material_sorting_client]: progress task=1 stage=return_to_end: task 1 retracting arms after shelf retreat; transport retract; slide_err=0.137, left_err=0.750, right_err=0.698, cmd_err=0.635, max_vel=2.340
[INFO] [1787835886.637672667] [six_angels_material_sorting_client]: CONTROL_LOOP_HEALTH samples=400/3215 interval_p95=55.21ms interval_p99=60.62ms execution_p95=1.97ms interval_misses=6 execution_misses=8
[INFO] [1787835886.871447352] [six_angels_material_sorting_client]: progress task=1 stage=return_to_end: task 1 returning to the end zone; goal=(-0.78, 0.55, 1.57); nav_status=navigating; NAV_TEL phase=transfer status=navigating segment=nav_end x=-1.526 y=0.653 yaw=-3.076 dist=0.753 yaw_err=-1.637 cmd=(0.000,0.550) clear=0.450 footprint=transit_stowed path=0.757 planned_straight=0.753 detour=1.005
[INFO] [1787835888.870251252] [six_angels_material_sorting_client]: progress task=1 stage=return_to_end: task 1 returning to the end zone; goal=(-0.78, 0.55, 1.57); nav_status=navigating; NAV_TEL phase=transfer status=navigating segment=nav_end x=-1.525 y=0.653 yaw=-2.554 dist=0.752 yaw_err=-2.158 cmd=(0.000,0.550) clear=0.350 footprint=transit_stowed path=0.757 planned_straight=0.753 detour=1.005
[INFO] [1787835890.892940113] [six_angels_material_sorting_client]: progress task=1 stage=return_to_end: task 1 returning to the end zone; goal=(-0.78, 0.55, 1.57); nav_status=navigating; NAV_TEL phase=transfer status=navigating segment=nav_end x=-1.525 y=0.653 yaw=-1.988 dist=0.752 yaw_err=-2.724 cmd=(0.000,0.550) clear=0.300 footprint=transit_stowed path=0.757 planned_straight=0.753 detour=1.005
[INFO] [1787835891.643166395] [six_angels_material_sorting_client]: CONTROL_LOOP_HEALTH samples=400/3316 interval_p95=57.45ms interval_p99=60.62ms execution_p95=2.94ms interval_misses=6 execution_misses=8
[INFO] [1787835892.893044618] [six_angels_material_sorting_client]: progress task=1 stage=return_to_end: task 1 returning to the end zone; goal=(-0.78, 0.55, 1.57); nav_status=navigating; NAV_TEL phase=transfer status=navigating segment=nav_end x=-1.525 y=0.654 yaw=-1.414 dist=0.752 yaw_err=2.985 cmd=(0.000,0.550) clear=0.350 footprint=transit_stowed path=0.757 planned_straight=0.753 detour=1.005
[INFO] [1787835894.961443461] [six_angels_material_sorting_client]: progress task=1 stage=return_to_end: task 1 returning to the end zone; goal=(-0.78, 0.55, 1.57); nav_status=navigating; NAV_TEL phase=transfer status=navigating segment=nav_end x=-1.525 y=0.654 yaw=-0.821 dist=0.752 yaw_err=2.392 cmd=(0.000,0.550) clear=0.300 footprint=transit_stowed path=0.757 planned_straight=0.753 detour=1.005
[INFO] [1787835896.719644772] [six_angels_material_sorting_client]: CONTROL_LOOP_HEALTH samples=400/3417 interval_p95=58.42ms interval_p99=60.81ms execution_p95=3.04ms interval_misses=6 execution_misses=9
[INFO] [1787835896.962173244] [six_angels_material_sorting_client]: progress task=1 stage=return_to_end: task 1 returning to the end zone; goal=(-0.78, 0.55, 1.57); nav_status=navigating; NAV_TEL phase=transfer status=navigating segment=nav_end x=-1.517 y=0.652 yaw=-0.253 dist=0.744 yaw_err=1.823 cmd=(0.180,0.274) clear=0.400 footprint=transit_stowed path=0.757 planned_straight=0.753 detour=1.005
[INFO] [1787835898.994446179] [six_angels_material_sorting_client]: progress task=1 stage=return_to_end: task 1 returning to the end zone; goal=(-0.78, 0.55, 1.57); nav_status=navigating; NAV_TEL phase=transfer status=navigating segment=nav_end x=-1.354 y=0.629 yaw=-0.087 dist=0.579 yaw_err=1.658 cmd=(0.180,0.026) clear=0.450 footprint=transit_stowed path=0.757 planned_straight=0.753 detour=1.005
[INFO] [1787835901.031221683] [six_angels_material_sorting_client]: progress task=1 stage=return_to_end: task 1 returning to the end zone; goal=(-0.78, 0.55, 1.57); nav_status=navigating; NAV_TEL phase=transfer status=navigating segment=nav_end x=-1.180 y=0.615 yaw=-0.085 dist=0.405 yaw_err=1.656 cmd=(0.180,-0.019) clear=0.400 footprint=transit_stowed path=0.757 planned_straight=0.753 detour=1.005
[INFO] [1787835901.743218368] [six_angels_material_sorting_client]: CONTROL_LOOP_HEALTH samples=400/3518 interval_p95=57.45ms interval_p99=60.29ms execution_p95=3.13ms interval_misses=6 execution_misses=11
[INFO] [1787835902.992923074] [six_angels_material_sorting_client]: progress task=1 stage=return_to_end: task 1 returning to the end zone; goal=(-0.78, 0.55, 1.57); nav_status=navigating; NAV_TEL phase=transfer status=navigating segment=nav_end x=-1.007 y=0.599 yaw=-0.101 dist=0.232 yaw_err=1.671 cmd=(0.178,-0.006) clear=0.400 footprint=transit_stowed path=0.757 planned_straight=0.753 detour=1.005
[INFO] [1787835905.043907368] [six_angels_material_sorting_client]: progress task=1 stage=return_to_end: task 1 returning to the end zone; goal=(-0.78, 0.55, 1.57); nav_status=final_positioning; NAV_TEL phase=transfer status=final_positioning segment=nav_end x=-0.878 y=0.581 yaw=-0.243 dist=0.103 yaw_err=1.814 cmd=(0.083,-0.131) clear=0.350 footprint=transit_stowed path=0.757 planned_straight=0.753 detour=1.005
[INFO] [1787835906.806105282] [six_angels_material_sorting_client]: CONTROL_LOOP_HEALTH samples=400/3619 interval_p95=57.20ms interval_p99=60.29ms execution_p95=3.13ms interval_misses=6 execution_misses=11
[INFO] [1787835907.104631944] [six_angels_material_sorting_client]: progress task=1 stage=return_to_end: task 1 returning to the end zone; goal=(-0.78, 0.55, 1.57); nav_status=final_aligning; NAV_TEL phase=transfer status=final_aligning segment=nav_end x=-0.846 y=0.573 yaw=0.023 dist=0.070 yaw_err=1.548 cmd=(0.000,0.500) clear=0.400 footprint=transit_stowed path=0.757 planned_straight=0.753 detour=1.005
[INFO] [1787835909.142722394] [six_angels_material_sorting_client]: progress task=1 stage=return_to_end: task 1 returning to the end zone; goal=(-0.78, 0.55, 1.57); nav_status=final_aligning; NAV_TEL phase=transfer status=final_aligning segment=nav_end x=-0.847 y=0.573 yaw=0.555 dist=0.071 yaw_err=1.016 cmd=(0.000,0.500) clear=0.300 footprint=transit_stowed path=0.757 planned_straight=0.753 detour=1.005
[INFO] [1787835911.192742474] [six_angels_material_sorting_client]: progress task=1 stage=return_to_end: task 1 returning to the end zone; goal=(-0.78, 0.55, 1.57); nav_status=final_aligning; NAV_TEL phase=transfer status=final_aligning segment=nav_end x=-0.847 y=0.572 yaw=1.063 dist=0.071 yaw_err=0.508 cmd=(0.000,0.500) clear=0.300 footprint=transit_stowed path=0.757 planned_straight=0.753 detour=1.005
[INFO] [1787835911.843115920] [six_angels_material_sorting_client]: CONTROL_LOOP_HEALTH samples=400/3720 interval_p95=55.37ms interval_p99=60.10ms execution_p95=2.99ms interval_misses=6 execution_misses=11
[INFO] [1787835913.192824527] [six_angels_material_sorting_client]: progress task=1 stage=return_to_end: task 1 returning to the end zone; goal=(-0.78, 0.55, 1.57); nav_status=final_aligning; NAV_TEL phase=transfer status=final_aligning segment=nav_end x=-0.847 y=0.572 yaw=1.494 dist=0.071 yaw_err=0.076 cmd=(0.000,0.153) clear=0.350 footprint=transit_stowed path=0.757 planned_straight=0.753 detour=1.005
[INFO] [1787835913.252960885] [six_angels_material_sorting_client]: controller=waiting_for_referee task=1 attempt=1 stage=- score=40: task 1 local sequence completed; waiting for Server referee: task 1 returned to the end zone; local sequence complete
[INFO] [1787835913.292261118] [six_angels_material_sorting_client]: controller=starting_task task=2 attempt=1 stage=navigate_to_pick score=40: referee advanced to task 2; starting attempt 1
[INFO] [1787835913.342127758] [six_angels_material_sorting_client]: controller=executing_stage task=2 attempt=1 stage=navigate_to_pick score=40: task 2 entering navigate_to_pick
[INFO] [1787835913.396968512] [six_angels_material_sorting_client]: controller=executing_stage task=2 attempt=1 stage=navigate_to_pick score=40: task 2 attempt 1 stage=navigate_to_pick
[INFO] [1787835913.502153614] [six_angels_material_sorting_client]: scheduler candidate action=task2:navigate_to_pick:stand:left source=rl reason=accepted costmap_v=163
[INFO] [1787835915.393058225] [six_angels_material_sorting_client]: progress task=2 stage=navigate_to_pick: task 2 navigating to the yellow shelf box; goal=(-1.50, 0.80, 3.14); nav_status=navigating; NAV_TEL phase=transfer status=navigating segment=nav_shelf x=-0.856 y=0.651 yaw=1.842 dist=0.661 yaw_err=1.300 cmd=(0.102,0.398) clear=0.400 footprint=transit_stowed path=0.850 planned_straight=0.690 detour=1.231
[INFO] [1787835916.843095429] [six_angels_material_sorting_client]: CONTROL_LOOP_HEALTH samples=400/3820 interval_p95=50.28ms interval_p99=57.23ms execution_p95=2.94ms interval_misses=6 execution_misses=11
[INFO] [1787835917.442775560] [six_angels_material_sorting_client]: progress task=2 stage=navigate_to_pick: task 2 navigating to the yellow shelf box; goal=(-1.50, 0.80, 3.14); nav_status=navigating; NAV_TEL phase=transfer status=navigating segment=nav_shelf x=-0.906 y=0.743 yaw=2.317 dist=0.596 yaw_err=0.825 cmd=(0.144,0.550) clear=0.450 footprint=transit_stowed path=0.850 planned_straight=0.690 detour=1.231
[INFO] [1787835919.492818443] [six_angels_material_sorting_client]: progress task=2 stage=navigate_to_pick: task 2 navigating to the yellow shelf box; goal=(-1.50, 0.80, 3.14); nav_status=navigating; NAV_TEL phase=transfer status=navigating segment=nav_shelf x=-1.040 y=0.821 yaw=2.888 dist=0.461 yaw_err=0.254 cmd=(0.180,0.526) clear=0.600 footprint=transit_stowed path=0.850 planned_straight=0.690 detour=1.231
[INFO] [1787835921.542924767] [six_angels_material_sorting_client]: progress task=2 stage=navigate_to_pick: task 2 navigating to the yellow shelf box; goal=(-1.50, 0.80, 3.14); nav_status=navigating; NAV_TEL phase=transfer status=navigating segment=nav_shelf x=-1.205 y=0.829 yaw=-3.046 dist=0.296 yaw_err=-0.096 cmd=(0.180,0.121) clear=0.650 footprint=transit_stowed path=0.850 planned_straight=0.690 detour=1.231
[INFO] [1787835921.843447980] [six_angels_material_sorting_client]: CONTROL_LOOP_HEALTH samples=400/3920 interval_p95=50.24ms interval_p99=50.65ms execution_p95=2.70ms interval_misses=6 execution_misses=11
[INFO] [1787835923.592995902] [six_angels_material_sorting_client]: progress task=2 stage=navigate_to_pick: task 2 navigating to the yellow shelf box; goal=(-1.50, 0.80, 3.14); nav_status=final_positioning; NAV_TEL phase=transfer status=final_positioning segment=nav_shelf x=-1.354 y=0.808 yaw=-2.990 dist=0.147 yaw_err=-0.152 cmd=(0.100,-0.162) clear=0.600 footprint=transit_stowed path=0.850 planned_straight=0.690 detour=1.231
[INFO] [1787835925.592898250] [six_angels_material_sorting_client]: progress task=2 stage=navigate_to_pick: task 2 navigating to the yellow shelf box; goal=(-1.50, 0.80, 3.14); nav_status=final_positioning; NAV_TEL phase=transfer status=final_positioning segment=nav_shelf x=-1.432 y=0.800 yaw=-3.086 dist=0.068 yaw_err=-0.055 cmd=(0.054,-0.036) clear=0.600 footprint=transit_stowed path=0.850 planned_straight=0.690 detour=1.231
[INFO] [1787835925.893280283] [six_angels_material_sorting_client]: controller=executing_stage task=2 attempt=1 stage=acquire_target score=40: task 2 entering acquire_target: task 2 reached the far shelf arm-staging stand for yellow
[INFO] [1787835925.942240507] [six_angels_material_sorting_client]: controller=executing_stage task=2 attempt=1 stage=acquire_target score=40: task 2 attempt 1 stage=acquire_target
[INFO] [1787835925.992274596] [six_angels_material_sorting_client]: controller=executing_stage task=2 attempt=1 stage=align_for_pick score=40: task 2 entering align_for_pick: task 2 validated the yellow shelf layer; coarse target=(-2.665, 0.878, 1.173); full RGB-D object centre will be locked after camera settling
[INFO] [1787835926.042452274] [six_angels_material_sorting_client]: controller=executing_stage task=2 attempt=1 stage=align_for_pick score=40: task 2 attempt 1 stage=align_for_pick
[INFO] [1787835926.893028698] [six_angels_material_sorting_client]: CONTROL_LOOP_HEALTH samples=400/4021 interval_p95=50.22ms interval_p99=50.90ms execution_p95=2.70ms interval_misses=6 execution_misses=11
[INFO] [1787835928.042632131] [six_angels_material_sorting_client]: progress task=2 stage=align_for_pick: task 2 moving the retracted arms to the target shelf layer; slide_target=0.129, slide_err=0.002, left_err=0.003, right_err=0.003, cmd_err=0.000, slide_vel=0.009, max_vel=0.009
[INFO] [1787835930.042603210] [six_angels_material_sorting_client]: progress task=2 stage=align_for_pick: task 2 holding outside the shelf and collecting fresh target-centre frames; center_samples=2/7 quality=mask_cloud_cuboid rejected=0
[INFO] [1787835931.942465461] [six_angels_material_sorting_client]: CONTROL_LOOP_HEALTH samples=400/4122 interval_p95=50.22ms interval_p99=51.17ms execution_p95=2.64ms interval_misses=6 execution_misses=11
[INFO] [1787835932.092379309] [six_angels_material_sorting_client]: progress task=2 stage=align_for_pick: task 2 advancing straight toward the locked object centre; advancing straight; remaining=0.393 m
[INFO] [1787835934.142047799] [six_angels_material_sorting_client]: progress task=2 stage=align_for_pick: task 2 advancing straight toward the locked object centre; advancing straight; remaining=0.301 m
[INFO] [1787835936.141978120] [six_angels_material_sorting_client]: progress task=2 stage=align_for_pick: task 2 advancing straight toward the locked object centre; advancing straight; remaining=0.205 m
[INFO] [1787835936.942639115] [six_angels_material_sorting_client]: CONTROL_LOOP_HEALTH samples=400/4222 interval_p95=50.21ms interval_p99=51.17ms execution_p95=2.28ms interval_misses=6 execution_misses=11
[INFO] [1787835938.142038311] [six_angels_material_sorting_client]: progress task=2 stage=align_for_pick: task 2 advancing straight toward the locked object centre; advancing straight; remaining=0.121 m
[INFO] [1787835940.142721119] [six_angels_material_sorting_client]: progress task=2 stage=align_for_pick: task 2 advancing straight toward the locked object centre; advancing straight; remaining=0.070 m
[INFO] [1787835941.942708594] [six_angels_material_sorting_client]: CONTROL_LOOP_HEALTH samples=400/4322 interval_p95=50.21ms interval_p99=51.00ms execution_p95=2.11ms interval_misses=6 execution_misses=11
[INFO] [1787835942.142584952] [six_angels_material_sorting_client]: progress task=2 stage=align_for_pick: task 2 advancing straight toward the locked object centre; advancing straight; remaining=0.037 m
[INFO] [1787835944.192095447] [six_angels_material_sorting_client]: progress task=2 stage=align_for_pick: task 2 correcting final base drift before shelf pregrasp; lateral alignment rotating toward shelf-front direction; yaw_err=1.475
[INFO] [1787835946.192033371] [six_angels_material_sorting_client]: progress task=2 stage=align_for_pick: task 2 correcting final base drift before shelf pregrasp; lateral alignment rotating toward shelf-front direction; yaw_err=1.111
[INFO] [1787835946.992050050] [six_angels_material_sorting_client]: CONTROL_LOOP_HEALTH samples=400/4423 interval_p95=50.21ms interval_p99=50.88ms execution_p95=1.72ms interval_misses=6 execution_misses=11
[INFO] [1787835948.242001235] [six_angels_material_sorting_client]: progress task=2 stage=align_for_pick: task 2 correcting final base drift before shelf pregrasp; lateral alignment rotating toward shelf-front direction; yaw_err=0.741
[INFO] [1787835950.292549576] [six_angels_material_sorting_client]: progress task=2 stage=align_for_pick: task 2 correcting final base drift before shelf pregrasp; lateral alignment rotating toward shelf-front direction; yaw_err=0.373
[INFO] [1787835951.992476046] [six_angels_material_sorting_client]: CONTROL_LOOP_HEALTH samples=400/4523 interval_p95=50.19ms interval_p99=50.85ms execution_p95=1.58ms interval_misses=6 execution_misses=11
[INFO] [1787835952.292806180] [six_angels_material_sorting_client]: progress task=2 stage=align_for_pick: task 2 correcting final base drift before shelf pregrasp; lateral alignment rotating toward shelf-front direction; yaw_err=0.083
[INFO] [1787835954.342139759] [six_angels_material_sorting_client]: progress task=2 stage=align_for_pick: task 2 correcting final base drift before shelf pregrasp; lateral alignment rotating toward shelf-front direction; yaw_err=0.015
[INFO] [1787835956.342543364] [six_angels_material_sorting_client]: progress task=2 stage=align_for_pick: task 2 correcting final base drift before shelf pregrasp; lateral alignment restoring shelf-facing yaw; yaw_err=-1.385
[INFO] [1787835957.042690236] [six_angels_material_sorting_client]: CONTROL_LOOP_HEALTH samples=400/4624 interval_p95=50.18ms interval_p99=50.38ms execution_p95=1.55ms interval_misses=6 execution_misses=11
[INFO] [1787835958.342424852] [six_angels_material_sorting_client]: progress task=2 stage=align_for_pick: task 2 correcting final base drift before shelf pregrasp; lateral alignment restoring shelf-facing yaw; yaw_err=-1.032
[INFO] [1787835960.391959442] [six_angels_material_sorting_client]: progress task=2 stage=align_for_pick: task 2 correcting final base drift before shelf pregrasp; lateral alignment restoring shelf-facing yaw; yaw_err=-0.678
[INFO] [1787835962.092335112] [six_angels_material_sorting_client]: CONTROL_LOOP_HEALTH samples=400/4725 interval_p95=50.19ms interval_p99=50.48ms execution_p95=1.57ms interval_misses=6 execution_misses=11
[INFO] [1787835962.441711272] [six_angels_material_sorting_client]: progress task=2 stage=align_for_pick: task 2 correcting final base drift before shelf pregrasp; lateral alignment restoring shelf-facing yaw; yaw_err=-0.280
[INFO] [1787835964.442056249] [six_angels_material_sorting_client]: progress task=2 stage=align_for_pick: task 2 correcting final base drift before shelf pregrasp; lateral alignment restoring shelf-facing yaw; yaw_err=-0.053
[INFO] [1787835966.442325208] [six_angels_material_sorting_client]: progress task=2 stage=align_for_pick: task 2 fine-aligning arms around the shelf box; task 1 moving both open arms to pregrasp; target_base=(0.761, -0.007, 1.195); arm_tol=0.030, slide_err=0.030, left_err=1.167, right_err=1.163, cmd_err=1.040, max_vel=1.200
[INFO] [1787835967.092943199] [six_angels_material_sorting_client]: CONTROL_LOOP_HEALTH samples=400/4825 interval_p95=50.20ms interval_p99=50.48ms execution_p95=1.72ms interval_misses=6 execution_misses=11
[INFO] [1787835968.442768007] [six_angels_material_sorting_client]: progress task=2 stage=align_for_pick: task 2 fine-aligning arms around the shelf box; task 1 moving both open arms to pregrasp; target_base=(0.761, -0.007, 1.195); arm_tol=0.030, slide_err=0.011, left_err=0.003, right_err=0.003, cmd_err=0.000, max_vel=0.011
[INFO] [1787835968.992909711] [six_angels_material_sorting_client]: controller=executing_stage task=2 attempt=1 stage=grasp score=40: task 2 entering grasp: task 2 both open arms reached the shelf-box pregrasp pose after the safe straight approach
[INFO] [1787835969.042874460] [six_angels_material_sorting_client]: controller=executing_stage task=2 attempt=1 stage=grasp score=40: task 2 attempt 1 stage=grasp
[INFO] [1787835971.042805752] [six_angels_material_sorting_client]: progress task=2 stage=grasp: task 1 settling at the compliant contact start pose; compliance=active; left[contact=False, aligned=False, angle=0.7deg, effort_delta=0.73, effort_threshold=0.35, firm=False, firm_latched=False, velocity=0.006]; right[contact=False, aligned=False, angle=0.6deg, effort_delta=0.93, effort_threshold=0.35, firm=False, firm_latched=False, velocity=0.040]; target_base=(0.761, -0.006, 1.195); arm_tol=0.240, slide_err=0.007, left_err=0.010, right_err=0.010, cmd_err=0.000, max_vel=0.040; compliance=active; left[contact=False, aligned=False, angle=0.7deg, effort_delta=0.73, effort_threshold=0.35, firm=False, firm_latched=False, velocity=0.006]; right[contact=False, aligned=False, angle=0.6deg, effort_delta=0.93, effort_threshold=0.35, firm=False, firm_latched=False, velocity=0.040]
[INFO] [1787835972.142710293] [six_angels_material_sorting_client]: CONTROL_LOOP_HEALTH samples=400/4926 interval_p95=50.20ms interval_p99=50.55ms execution_p95=1.87ms interval_misses=6 execution_misses=11
[INFO] [1787835973.094541935] [six_angels_material_sorting_client]: progress task=2 stage=grasp: task 1 continuously advancing the compliant contact search; speed=0.5 mm/s, offset=0.7/16.0 mm, surface_clearance=9.3 mm; compliance=active; left[contact=True, aligned=False, angle=0.1deg, effort_delta=0.13, effort_threshold=0.35, firm=False, firm_latched=False, velocity=0.001]; right[contact=True, aligned=False, angle=0.1deg, effort_delta=0.07, effort_threshold=0.35, firm=False, firm_latched=False, velocity=0.000]
[INFO] [1787835975.094941956] [six_angels_material_sorting_client]: progress task=2 stage=grasp: task 1 continuously advancing the compliant contact search; speed=0.5 mm/s, offset=1.7/16.0 mm, surface_clearance=8.3 mm; compliance=active; left[contact=True, aligned=False, angle=0.0deg, effort_delta=0.00, effort_threshold=0.35, firm=False, firm_latched=False, velocity=0.001]; right[contact=True, aligned=False, angle=0.1deg, effort_delta=0.02, effort_threshold=0.35, firm=False, firm_latched=False, velocity=0.001]
[INFO] [1787835977.144739150] [six_angels_material_sorting_client]: progress task=2 stage=grasp: task 1 continuously advancing the compliant contact search; speed=0.5 mm/s, offset=2.7/16.0 mm, surface_clearance=7.3 mm; compliance=active; left[contact=True, aligned=False, angle=0.1deg, effort_delta=0.01, effort_threshold=0.35, firm=False, firm_latched=False, velocity=0.001]; right[contact=True, aligned=False, angle=0.1deg, effort_delta=0.01, effort_threshold=0.35, firm=False, firm_latched=False, velocity=0.002]
[INFO] [1787835977.145691035] [six_angels_material_sorting_client]: CONTROL_LOOP_HEALTH samples=400/5026 interval_p95=50.21ms interval_p99=50.65ms execution_p95=3.94ms interval_misses=6 execution_misses=11
[INFO] [1787835979.194682814] [six_angels_material_sorting_client]: progress task=2 stage=grasp: task 1 continuously advancing the compliant contact search; speed=0.5 mm/s, offset=3.7/16.0 mm, surface_clearance=6.3 mm; compliance=active; left[contact=True, aligned=False, angle=0.2deg, effort_delta=0.01, effort_threshold=0.35, firm=False, firm_latched=False, velocity=0.001]; right[contact=True, aligned=False, angle=0.0deg, effort_delta=0.01, effort_threshold=0.35, firm=False, firm_latched=False, velocity=0.001]
[INFO] [1787835981.194616479] [six_angels_material_sorting_client]: progress task=2 stage=grasp: task 1 continuously advancing the compliant contact search; speed=0.5 mm/s, offset=4.7/16.0 mm, surface_clearance=5.3 mm; compliance=active; left[contact=True, aligned=False, angle=0.2deg, effort_delta=0.01, effort_threshold=0.35, firm=False, firm_latched=False, velocity=0.001]; right[contact=True, aligned=False, angle=0.0deg, effort_delta=0.01, effort_threshold=0.35, firm=False, firm_latched=False, velocity=0.001]
[INFO] [1787835982.194837910] [six_angels_material_sorting_client]: CONTROL_LOOP_HEALTH samples=400/5127 interval_p95=50.20ms interval_p99=50.66ms execution_p95=4.64ms interval_misses=6 execution_misses=11
[INFO] [1787835983.244717303] [six_angels_material_sorting_client]: progress task=2 stage=grasp: task 1 continuously advancing the compliant contact search; speed=0.5 mm/s, offset=5.8/16.0 mm, surface_clearance=4.2 mm; compliance=active; left[contact=True, aligned=False, angle=0.2deg, effort_delta=0.01, effort_threshold=0.35, firm=False, firm_latched=False, velocity=0.002]; right[contact=True, aligned=False, angle=0.0deg, effort_delta=0.01, effort_threshold=0.35, firm=False, firm_latched=False, velocity=0.001]
[INFO] [1787835985.245391915] [six_angels_material_sorting_client]: progress task=2 stage=grasp: task 1 continuously advancing the compliant contact search; speed=0.5 mm/s, offset=6.8/16.0 mm, surface_clearance=3.2 mm; compliance=active; left[contact=True, aligned=False, angle=0.3deg, effort_delta=0.01, effort_threshold=0.35, firm=False, firm_latched=False, velocity=0.003]; right[contact=True, aligned=False, angle=0.1deg, effort_delta=0.02, effort_threshold=0.35, firm=False, firm_latched=False, velocity=0.005]
[INFO] [1787835987.244905354] [six_angels_material_sorting_client]: CONTROL_LOOP_HEALTH samples=400/5228 interval_p95=50.20ms interval_p99=50.79ms execution_p95=4.71ms interval_misses=6 execution_misses=11
[INFO] [1787835987.295378762] [six_angels_material_sorting_client]: progress task=2 stage=grasp: task 1 continuously advancing the compliant contact search; speed=0.5 mm/s, offset=7.8/16.0 mm, surface_clearance=2.2 mm; compliance=active; left[contact=True, aligned=False, angle=0.3deg, effort_delta=0.02, effort_threshold=0.35, firm=False, firm_latched=False, velocity=0.000]; right[contact=True, aligned=False, angle=0.1deg, effort_delta=0.02, effort_threshold=0.35, firm=False, firm_latched=False, velocity=0.002]
[INFO] [1787835989.295361939] [six_angels_material_sorting_client]: progress task=2 stage=grasp: task 1 continuously advancing the compliant contact search; speed=0.5 mm/s, offset=8.8/16.0 mm, surface_clearance=1.2 mm; compliance=active; left[contact=True, aligned=False, angle=0.3deg, effort_delta=0.02, effort_threshold=0.35, firm=False, firm_latched=False, velocity=0.000]; right[contact=True, aligned=False, angle=0.1deg, effort_delta=0.02, effort_threshold=0.35, firm=False, firm_latched=False, velocity=0.000]
[INFO] [1787835991.295451036] [six_angels_material_sorting_client]: progress task=2 stage=grasp: task 1 continuously advancing the compliant contact search; speed=0.5 mm/s, offset=9.8/16.0 mm, surface_clearance=0.2 mm; compliance=active; left[contact=True, aligned=False, angle=0.3deg, effort_delta=0.02, effort_threshold=0.35, firm=False, firm_latched=False, velocity=0.001]; right[contact=True, aligned=False, angle=0.1deg, effort_delta=0.02, effort_threshold=0.35, firm=False, firm_latched=False, velocity=0.001]
[INFO] [1787835992.244952533] [six_angels_material_sorting_client]: CONTROL_LOOP_HEALTH samples=400/5328 interval_p95=50.21ms interval_p99=50.73ms execution_p95=4.78ms interval_misses=6 execution_misses=11
[INFO] [1787835993.344698018] [six_angels_material_sorting_client]: progress task=2 stage=grasp: task 1 continuously advancing the compliant contact search; speed=0.5 mm/s, offset=10.8/16.0 mm, surface_clearance=0.0 mm; compliance=active; left[contact=True, aligned=False, angle=0.3deg, effort_delta=0.02, effort_threshold=0.35, firm=False, firm_latched=False, velocity=0.000]; right[contact=True, aligned=False, angle=0.1deg, effort_delta=0.02, effort_threshold=0.35, firm=False, firm_latched=False, velocity=0.000]
[INFO] [1787835995.394659486] [six_angels_material_sorting_client]: progress task=2 stage=grasp: task 1 continuously advancing the compliant contact search; speed=0.5 mm/s, offset=11.8/16.0 mm, surface_clearance=0.0 mm; compliance=active; left[contact=True, aligned=False, angle=0.4deg, effort_delta=0.02, effort_threshold=0.35, firm=False, firm_latched=False, velocity=0.002]; right[contact=True, aligned=False, angle=0.1deg, effort_delta=0.02, effort_threshold=0.35, firm=False, firm_latched=False, velocity=0.001]
[INFO] [1787835997.245958030] [six_angels_material_sorting_client]: CONTROL_LOOP_HEALTH samples=400/5428 interval_p95=50.23ms interval_p99=50.81ms execution_p95=5.04ms interval_misses=6 execution_misses=11
[INFO] [1787835997.395848070] [six_angels_material_sorting_client]: progress task=2 stage=grasp: task 1 continuously advancing the compliant contact search; speed=0.5 mm/s, offset=12.8/16.0 mm, surface_clearance=0.0 mm; compliance=active; left[contact=True, aligned=False, angle=0.4deg, effort_delta=0.02, effort_threshold=0.35, firm=False, firm_latched=False, velocity=0.004]; right[contact=True, aligned=False, angle=0.2deg, effort_delta=0.02, effort_threshold=0.35, firm=False, firm_latched=False, velocity=0.004]
[INFO] [1787835999.446307657] [six_angels_material_sorting_client]: progress task=2 stage=grasp: task 1 continuously advancing the compliant contact search; speed=0.5 mm/s, offset=13.9/16.0 mm, surface_clearance=0.0 mm; compliance=active; left[contact=True, aligned=False, angle=0.4deg, effort_delta=0.02, effort_threshold=0.35, firm=False, firm_latched=False, velocity=0.001]; right[contact=True, aligned=False, angle=0.2deg, effort_delta=0.02, effort_threshold=0.35, firm=False, firm_latched=False, velocity=0.000]
[INFO] [1787836001.445140954] [six_angels_material_sorting_client]: progress task=2 stage=grasp: task 1 continuously advancing the compliant contact search; speed=0.5 mm/s, offset=14.9/16.0 mm, surface_clearance=0.0 mm; compliance=active; left[contact=True, aligned=False, angle=0.4deg, effort_delta=0.02, effort_threshold=0.35, firm=False, firm_latched=False, velocity=0.005]; right[contact=True, aligned=False, angle=0.2deg, effort_delta=0.02, effort_threshold=0.35, firm=False, firm_latched=False, velocity=0.001]
[INFO] [1787836002.294814512] [six_angels_material_sorting_client]: CONTROL_LOOP_HEALTH samples=400/5529 interval_p95=50.24ms interval_p99=50.81ms execution_p95=5.19ms interval_misses=6 execution_misses=11
[INFO] [1787836003.494606417] [six_angels_material_sorting_client]: progress task=2 stage=grasp: task 1 continuously advancing the compliant contact search; speed=0.5 mm/s, offset=15.9/16.0 mm, surface_clearance=0.0 mm; compliance=active; left[contact=True, aligned=False, angle=0.4deg, effort_delta=0.02, effort_threshold=0.35, firm=False, firm_latched=False, velocity=0.001]; right[contact=True, aligned=False, angle=0.2deg, effort_delta=0.02, effort_threshold=0.35, firm=False, firm_latched=False, velocity=0.000]
[INFO] [1787836005.542361930] [six_angels_material_sorting_client]: progress task=2 stage=grasp: task 1 holding maximum soft contact while waiting for bilateral wrist alignment (1.0/2.0s); compliance=active; left[contact=True, aligned=False, angle=0.3deg, effort_delta=0.04, effort_threshold=0.35, firm=False, firm_latched=False, velocity=0.000]; right[contact=True, aligned=False, angle=0.1deg, effort_delta=0.04, effort_threshold=0.35, firm=False, firm_latched=False, velocity=0.000]
[INFO] [1787836007.343844166] [six_angels_material_sorting_client]: CONTROL_LOOP_HEALTH samples=400/5630 interval_p95=50.36ms interval_p99=50.73ms execution_p95=5.18ms interval_misses=6 execution_misses=11
[INFO] [1787836007.543011929] [six_angels_material_sorting_client]: progress task=2 stage=grasp: task 1 moving inward with compliant wrist monitoring; offset=16.0 mm; compliance=active; left[contact=False, aligned=False, angle=0.7deg, effort_delta=2.21, effort_threshold=0.35, firm=True, firm_latched=False, velocity=0.021]; right[contact=False, aligned=False, angle=0.7deg, effort_delta=2.25, effort_threshold=0.35, firm=True, firm_latched=False, velocity=0.000]; target_base=(0.789, -0.011, 1.195); arm_tol=0.240, slide_err=0.006, left_err=0.022, right_err=0.022, cmd_err=0.000, max_vel=0.021; compliance=active; left[contact=False, aligned=False, angle=0.7deg, effort_delta=2.21, effort_threshold=0.35, firm=True, firm_latched=False, velocity=0.021]; right[contact=False, aligned=False, angle=0.7deg, effort_delta=2.25, effort_threshold=0.35, firm=True, firm_latched=False, velocity=0.000]
[INFO] [1787836009.592290976] [six_angels_material_sorting_client]: progress task=2 stage=grasp: task 1 moving inward with compliant wrist monitoring; offset=16.0 mm; compliance=active; left[contact=False, aligned=False, angle=0.7deg, effort_delta=2.02, effort_threshold=0.35, firm=True, firm_latched=False, velocity=0.015]; right[contact=False, aligned=False, angle=0.7deg, effort_delta=2.19, effort_threshold=0.35, firm=True, firm_latched=False, velocity=0.003]; target_base=(0.789, -0.011, 1.195); arm_tol=0.240, slide_err=0.006, left_err=0.022, right_err=0.022, cmd_err=0.000, max_vel=0.015; compliance=active; left[contact=False, aligned=False, angle=0.7deg, effort_delta=2.02, effort_threshold=0.35, firm=True, firm_latched=False, velocity=0.015]; right[contact=False, aligned=False, angle=0.7deg, effort_delta=2.19, effort_threshold=0.35, firm=True, firm_latched=False, velocity=0.003]
[INFO] [1787836011.592249869] [six_angels_material_sorting_client]: progress task=2 stage=grasp: task 1 moving inward with compliant wrist monitoring; offset=16.0 mm; compliance=active; left[contact=False, aligned=False, angle=0.7deg, effort_delta=1.97, effort_threshold=0.35, firm=True, firm_latched=False, velocity=0.015]; right[contact=False, aligned=False, angle=0.8deg, effort_delta=2.14, effort_threshold=0.35, firm=True, firm_latched=False, velocity=0.002]; target_base=(0.789, -0.011, 1.195); arm_tol=0.240, slide_err=0.006, left_err=0.021, right_err=0.021, cmd_err=0.000, max_vel=0.015; compliance=active; left[contact=False, aligned=False, angle=0.7deg, effort_delta=1.97, effort_threshold=0.35, firm=True, firm_latched=False, velocity=0.015]; right[contact=False, aligned=False, angle=0.8deg, effort_delta=2.14, effort_threshold=0.35, firm=True, firm_latched=False, velocity=0.002]
[INFO] [1787836012.392488876] [six_angels_material_sorting_client]: CONTROL_LOOP_HEALTH samples=400/5731 interval_p95=50.26ms interval_p99=50.73ms execution_p95=5.16ms interval_misses=6 execution_misses=11
[INFO] [1787836013.592781931] [six_angels_material_sorting_client]: progress task=2 stage=grasp: task 1 moving inward with compliant wrist monitoring; offset=16.0 mm; compliance=active; left[contact=False, aligned=False, angle=0.7deg, effort_delta=1.91, effort_threshold=0.35, firm=True, firm_latched=False, velocity=0.013]; right[contact=False, aligned=False, angle=0.8deg, effort_delta=2.10, effort_threshold=0.35, firm=True, firm_latched=False, velocity=0.003]; target_base=(0.789, -0.011, 1.195); arm_tol=0.240, slide_err=0.006, left_err=0.021, right_err=0.021, cmd_err=0.000, max_vel=0.013; compliance=active; left[contact=False, aligned=False, angle=0.7deg, effort_delta=1.91, effort_threshold=0.35, firm=True, firm_latched=False, velocity=0.013]; right[contact=False, aligned=False, angle=0.8deg, effort_delta=2.10, effort_threshold=0.35, firm=True, firm_latched=False, velocity=0.003]
[INFO] [1787836015.642549547] [six_angels_material_sorting_client]: progress task=2 stage=grasp: task 1 moving inward with compliant wrist monitoring; offset=16.0 mm; compliance=active; left[contact=False, aligned=False, angle=0.7deg, effort_delta=1.90, effort_threshold=0.35, firm=True, firm_latched=False, velocity=0.001]; right[contact=False, aligned=False, angle=0.8deg, effort_delta=2.07, effort_threshold=0.35, firm=True, firm_latched=False, velocity=0.008]; target_base=(0.789, -0.011, 1.195); arm_tol=0.240, slide_err=0.006, left_err=0.021, right_err=0.021, cmd_err=0.000, max_vel=0.008; compliance=active; left[contact=False, aligned=False, angle=0.7deg, effort_delta=1.90, effort_threshold=0.35, firm=True, firm_latched=False, velocity=0.001]; right[contact=False, aligned=False, angle=0.8deg, effort_delta=2.07, effort_threshold=0.35, firm=True, firm_latched=False, velocity=0.008]
[INFO] [1787836017.392657512] [six_angels_material_sorting_client]: CONTROL_LOOP_HEALTH samples=400/5831 interval_p95=50.18ms interval_p99=50.60ms execution_p95=5.09ms interval_misses=6 execution_misses=11
[INFO] [1787836017.692340483] [six_angels_material_sorting_client]: progress task=2 stage=grasp: task 1 moving inward with compliant wrist monitoring; offset=16.0 mm; compliance=active; left[contact=False, aligned=False, angle=0.7deg, effort_delta=1.84, effort_threshold=0.35, firm=True, firm_latched=False, velocity=0.018]; right[contact=False, aligned=False, angle=0.8deg, effort_delta=2.02, effort_threshold=0.35, firm=True, firm_latched=False, velocity=0.002]; target_base=(0.789, -0.011, 1.195); arm_tol=0.240, slide_err=0.006, left_err=0.021, right_err=0.021, cmd_err=0.000, max_vel=0.018; compliance=active; left[contact=False, aligned=False, angle=0.7deg, effort_delta=1.84, effort_threshold=0.35, firm=True, firm_latched=False, velocity=0.018]; right[contact=False, aligned=False, angle=0.8deg, effort_delta=2.02, effort_threshold=0.35, firm=True, firm_latched=False, velocity=0.002]
[INFO] [1787836019.692603677] [six_angels_material_sorting_client]: progress task=2 stage=grasp: task 1 moving inward with compliant wrist monitoring; offset=16.0 mm; compliance=active; left[contact=False, aligned=False, angle=0.7deg, effort_delta=1.69, effort_threshold=0.35, firm=True, firm_latched=False, velocity=0.004]; right[contact=False, aligned=False, angle=0.8deg, effort_delta=1.84, effort_threshold=0.35, firm=True, firm_latched=False, velocity=0.003]; target_base=(0.789, -0.011, 1.195); arm_tol=0.240, slide_err=0.006, left_err=0.020, right_err=0.020, cmd_err=0.000, max_vel=0.004; compliance=active; left[contact=False, aligned=False, angle=0.7deg, effort_delta=1.69, effort_threshold=0.35, firm=True, firm_latched=False, velocity=0.004]; right[contact=False, aligned=False, angle=0.8deg, effort_delta=1.84, effort_threshold=0.35, firm=True, firm_latched=False, velocity=0.003]
[INFO] [1787836021.742471784] [six_angels_material_sorting_client]: progress task=2 stage=grasp: task 1 moving inward with compliant wrist monitoring; offset=16.0 mm; compliance=active; left[contact=False, aligned=False, angle=0.8deg, effort_delta=1.53, effort_threshold=0.35, firm=True, firm_latched=False, velocity=0.009]; right[contact=False, aligned=False, angle=0.9deg, effort_delta=1.58, effort_threshold=0.35, firm=True, firm_latched=False, velocity=0.001]; target_base=(0.789, -0.011, 1.195); arm_tol=0.240, slide_err=0.006, left_err=0.020, right_err=0.020, cmd_err=0.000, max_vel=0.009; compliance=active; left[contact=False, aligned=False, angle=0.8deg, effort_delta=1.53, effort_threshold=0.35, firm=True, firm_latched=False, velocity=0.009]; right[contact=False, aligned=False, angle=0.9deg, effort_delta=1.58, effort_threshold=0.35, firm=True, firm_latched=False, velocity=0.001]
[INFO] [1787836022.442627492] [six_angels_material_sorting_client]: CONTROL_LOOP_HEALTH samples=400/5932 interval_p95=50.16ms interval_p99=50.49ms execution_p95=3.91ms interval_misses=6 execution_misses=11
[INFO] [1787836023.794455421] [six_angels_material_sorting_client]: progress task=2 stage=grasp: task 1 continuously applying locked-wrist preload; offset=16.3/18.0 mm; compliance=active; left[contact=True, aligned=True, angle=0.3deg, effort_delta=0.24, effort_threshold=0.35, firm=False, firm_latched=True, velocity=0.000]; right[contact=True, aligned=True, angle=0.5deg, effort_delta=0.21, effort_threshold=0.35, firm=False, firm_latched=True, velocity=0.001]
[INFO] [1787836025.842215050] [six_angels_material_sorting_client]: progress task=2 stage=grasp: task 1 holding aligned wrists while the bounded preload settles; compliance=active; left[contact=True, aligned=True, angle=0.3deg, effort_delta=0.35, effort_threshold=0.35, firm=False, firm_latched=True, velocity=0.000]; right[contact=True, aligned=True, angle=0.5deg, effort_delta=0.27, effort_threshold=0.35, firm=False, firm_latched=True, velocity=0.002]; target_base=(0.792, -0.012, 1.195); arm_tol=0.240, slide_err=0.006, left_err=0.021, right_err=0.021, cmd_err=0.000, max_vel=0.002; compliance=active; left[contact=True, aligned=True, angle=0.3deg, effort_delta=0.35, effort_threshold=0.35, firm=False, firm_latched=True, velocity=0.000]; right[contact=True, aligned=True, angle=0.5deg, effort_delta=0.27, effort_threshold=0.35, firm=False, firm_latched=True, velocity=0.002]
[INFO] [1787836025.993202695] [six_angels_material_sorting_client]: controller=executing_stage task=2 attempt=1 stage=lift score=40: task 2 entering lift: task 1 bilateral compliant grasp settled with locked wrists and 18.0 mm bounded preload; compliance=active; left[contact=True, aligned=True, angle=0.3deg, effort_delta=0.35, effort_threshold=0.35, firm=False, firm_latched=True, velocity=0.002]; right[contact=True, aligned=True, angle=0.5deg, effort_delta=0.27, effort_threshold=0.35, firm=False, firm_latched=True, velocity=0.005]
[INFO] [1787836026.042382219] [six_angels_material_sorting_client]: controller=executing_stage task=2 attempt=1 stage=lift score=40: task 2 attempt 1 stage=lift
[INFO] [1787836027.492542497] [six_angels_material_sorting_client]: CONTROL_LOOP_HEALTH samples=400/6033 interval_p95=50.15ms interval_p99=50.24ms execution_p95=3.78ms interval_misses=6 execution_misses=11
[INFO] [1787836028.091937429] [six_angels_material_sorting_client]: progress task=2 stage=lift: task 1 raising the spine while preserving arm preload; lift=0.080m, slide_target=0.026, slide_err=0.015, left_err=0.021, right_err=0.021, cmd_err=0.000, max_vel=0.036
[INFO] [1787836029.592728454] [six_angels_material_sorting_client]: controller=executing_stage task=2 attempt=1 stage=transport score=40: task 2 entering transport: task 1 lifted the held box 0.080 m; holding before transport
[INFO] [1787836029.642999833] [six_angels_material_sorting_client]: controller=executing_stage task=2 attempt=1 stage=transport score=40: task 2 attempt 1 stage=transport
[INFO] [1787836031.132495435] [six_angels_material_sorting_client]: scheduler candidate action=task2:transport:stand:left source=rl reason=accepted costmap_v=198
[INFO] [1787836031.737296310] [six_angels_material_sorting_client]: progress task=2 stage=transport: task 2 holding the shelf box and retreating straight; remaining=0.527 m
[INFO] [1787836032.534264825] [six_angels_material_sorting_client]: CONTROL_LOOP_HEALTH samples=400/6131 interval_p95=50.25ms interval_p99=59.42ms execution_p95=3.80ms interval_misses=8 execution_misses=13
[INFO] [1787836033.678177486] [six_angels_material_sorting_client]: progress task=2 stage=transport: task 2 holding the shelf box and retreating straight; remaining=0.418 m
[INFO] [1787836035.691956437] [six_angels_material_sorting_client]: progress task=2 stage=transport: task 2 holding the shelf box and retreating straight; remaining=0.307 m
[INFO] [1787836037.600857763] [six_angels_material_sorting_client]: CONTROL_LOOP_HEALTH samples=400/6231 interval_p95=55.12ms interval_p99=59.80ms execution_p95=3.80ms interval_misses=8 execution_misses=13
[INFO] [1787836037.847925328] [six_angels_material_sorting_client]: progress task=2 stage=transport: task 2 holding the shelf box and retreating straight; remaining=0.181 m
[INFO] [1787836039.759877360] [six_angels_material_sorting_client]: progress task=2 stage=transport: task 2 holding the shelf box and retreating straight; remaining=0.093 m
[INFO] [1787836041.791783382] [six_angels_material_sorting_client]: progress task=2 stage=transport: task 2 holding the shelf box and retreating straight; remaining=0.045 m
[INFO] [1787836042.551148376] [six_angels_material_sorting_client]: CONTROL_LOOP_HEALTH samples=400/6329 interval_p95=57.13ms interval_p99=60.93ms execution_p95=3.83ms interval_misses=10 execution_misses=14
[INFO] [1787836043.988412562] [six_angels_material_sorting_client]: progress task=2 stage=transport: task 2 raising the held box to maximum transport height; slide_target=-0.040, slide_err=0.065, left_err=0.019, right_err=0.019, cmd_err=0.037, slide_vel=0.097, max_vel=0.097
[INFO] [1787836045.945224161] [six_angels_material_sorting_client]: progress task=2 stage=transport: task 2 raising the held box to maximum transport height; slide_target=-0.040, slide_err=0.010, left_err=0.018, right_err=0.018, cmd_err=0.000, slide_vel=0.007, max_vel=0.007
[INFO] [1787836047.693034515] [six_angels_material_sorting_client]: CONTROL_LOOP_HEALTH samples=400/6428 interval_p95=57.62ms interval_p99=100.44ms execution_p95=2.31ms interval_misses=12 execution_misses=16
[INFO] [1787836047.949078405] [six_angels_material_sorting_client]: progress task=2 stage=transport: task 2 preserving the shelf grasp while reversing toward table column x=-0.971; retreating straight; remaining=0.180 m; minimum carried-envelope clearance=0.365 m (carried_box to shelf)
[INFO] [1787836050.080044554] [six_angels_material_sorting_client]: progress task=2 stage=transport: task 2 preserving the shelf grasp while reversing toward table column x=-0.971; retreating straight; remaining=0.083 m; minimum carried-envelope clearance=0.457 m (left_shoulder to south_wall)
[INFO] [1787836052.044019299] [six_angels_material_sorting_client]: progress task=2 stage=transport: task 2 preserving the shelf grasp while reversing toward table column x=-0.971; retreating straight; remaining=0.036 m; minimum carried-envelope clearance=0.457 m (left_shoulder to south_wall)
[INFO] [1787836052.596103800] [six_angels_material_sorting_client]: CONTROL_LOOP_HEALTH samples=400/6524 interval_p95=57.39ms interval_p99=103.48ms execution_p95=2.53ms interval_misses=15 execution_misses=19
[INFO] [1787836053.962856470] [six_angels_material_sorting_client]: progress task=2 stage=transport: task 2 preserving the shelf grasp while turning north; goal=(-0.98, 0.79, 1.57); nav_status=final_aligning; NAV_TEL phase=transfer status=final_aligning segment=nav_table x=-0.979 y=0.787 yaw=2.993 dist=0.006 yaw_err=-1.422 cmd=(0.000,-0.500) clear=0.550 footprint=transit_carry path=0.000 planned_straight=0.000 detour=1.000; minimum carried-envelope clearance=0.471 m (left_shoulder to south_wall)
[INFO] [1787836055.994223689] [six_angels_material_sorting_client]: progress task=2 stage=transport: task 2 preserving the shelf grasp while turning north; goal=(-0.98, 0.79, 1.57); nav_status=final_aligning; NAV_TEL phase=transfer status=final_aligning segment=nav_table x=-0.978 y=0.787 yaw=2.423 dist=0.007 yaw_err=-0.853 cmd=(0.000,-0.500) clear=0.500 footprint=transit_carry path=0.000 planned_straight=0.000 detour=1.000; minimum carried-envelope clearance=0.569 m (left_shoulder to south_wall)
[INFO] [1787836057.598843731] [six_angels_material_sorting_client]: CONTROL_LOOP_HEALTH samples=400/6624 interval_p95=57.62ms interval_p99=103.48ms execution_p95=3.74ms interval_misses=15 execution_misses=19
[INFO] [1787836058.132315415] [six_angels_material_sorting_client]: progress task=2 stage=transport: task 2 preserving the shelf grasp while turning north; goal=(-0.98, 0.79, 1.57); nav_status=final_aligning; NAV_TEL phase=transfer status=final_aligning segment=nav_table x=-0.978 y=0.786 yaw=1.916 dist=0.007 yaw_err=-0.345 cmd=(0.000,-0.500) clear=0.500 footprint=transit_carry path=0.000 planned_straight=0.000 detour=1.000; minimum carried-envelope clearance=0.676 m (base to south_wall)
[INFO] [1787836060.036318241] [six_angels_material_sorting_client]: progress task=2 stage=transport: task 2 carrying the unchanged shelf grasp north toward table entry y=1.210; advancing straight; remaining=0.405 m; minimum carried-envelope clearance=0.695 m (base to south_wall)
[INFO] [1787836062.043059855] [six_angels_material_sorting_client]: progress task=2 stage=transport: task 2 carrying the unchanged shelf grasp north toward table entry y=1.210; advancing straight; remaining=0.302 m; minimum carried-envelope clearance=0.782 m (base to table)
[INFO] [1787836062.593558874] [six_angels_material_sorting_client]: CONTROL_LOOP_HEALTH samples=400/6724 interval_p95=57.72ms interval_p99=100.44ms execution_p95=4.07ms interval_misses=16 execution_misses=20
[INFO] [1787836064.068245977] [six_angels_material_sorting_client]: progress task=2 stage=transport: task 2 carrying the unchanged shelf grasp north toward table entry y=1.210; advancing straight; remaining=0.210 m; minimum carried-envelope clearance=0.690 m (base to table)
[INFO] [1787836066.093124771] [six_angels_material_sorting_client]: progress task=2 stage=transport: task 2 carrying the unchanged shelf grasp north toward table entry y=1.210; advancing straight; remaining=0.123 m; minimum carried-envelope clearance=0.629 m (base to table)
[INFO] [1787836067.643410756] [six_angels_material_sorting_client]: CONTROL_LOOP_HEALTH samples=400/6825 interval_p95=57.77ms interval_p99=60.12ms execution_p95=3.98ms interval_misses=16 execution_misses=20
[INFO] [1787836068.142958861] [six_angels_material_sorting_client]: progress task=2 stage=transport: task 2 carrying the unchanged shelf grasp north toward table entry y=1.210; advancing straight; remaining=0.071 m; minimum carried-envelope clearance=0.599 m (base to table)
[INFO] [1787836070.143066780] [six_angels_material_sorting_client]: progress task=2 stage=transport: task 2 carrying the unchanged shelf grasp north toward table entry y=1.210; advancing straight; remaining=0.037 m; minimum carried-envelope clearance=0.568 m (base to table)
[INFO] [1787836071.543368015] [six_angels_material_sorting_client]: controller=executing_stage task=2 attempt=1 stage=align_for_place score=70: task 2 entering align_for_place: task 2 reached the table entry through envelope-checked reverse, turn and forward segments without changing the grasp
[INFO] [1787836071.592410390] [six_angels_material_sorting_client]: controller=executing_stage task=2 attempt=1 stage=align_for_place score=70: task 2 attempt 1 stage=align_for_place
[INFO] [1787836072.692490455] [six_angels_material_sorting_client]: CONTROL_LOOP_HEALTH samples=400/6926 interval_p95=57.76ms interval_p99=59.90ms execution_p95=3.81ms interval_misses=16 execution_misses=20
[INFO] [1787836073.592870908] [six_angels_material_sorting_client]: progress task=2 stage=align_for_place: task 2 moving box to table clearance height; slide_target=0.413, slide_err=0.350, left_err=0.013, right_err=0.013, cmd_err=0.333, slide_vel=0.122, max_vel=0.122
[INFO] [1787836075.642037163] [six_angels_material_sorting_client]: progress task=2 stage=align_for_place: task 2 moving box to table clearance height; slide_target=0.413, slide_err=0.227, left_err=0.013, right_err=0.013, cmd_err=0.210, slide_vel=0.122, max_vel=0.122
[INFO] [1787836077.643169538] [six_angels_material_sorting_client]: progress task=2 stage=align_for_place: task 2 moving box to table clearance height; slide_target=0.413, slide_err=0.107, left_err=0.013, right_err=0.013, cmd_err=0.090, slide_vel=0.106, max_vel=0.106
[INFO] [1787836077.692726941] [six_angels_material_sorting_client]: CONTROL_LOOP_HEALTH samples=400/7026 interval_p95=56.99ms interval_p99=59.90ms execution_p95=3.27ms interval_misses=16 execution_misses=20
[INFO] [1787836079.692335695] [six_angels_material_sorting_client]: progress task=2 stage=align_for_place: task 2 moving box to table clearance height; slide_target=0.413, slide_err=0.005, left_err=0.015, right_err=0.015, cmd_err=0.000, slide_vel=0.021, max_vel=0.021
[INFO] [1787836081.743096113] [six_angels_material_sorting_client]: progress task=2 stage=align_for_place: task 2 advancing straight from table entry to the exact saved origin; advancing straight; remaining=0.226 m; minimum carried-envelope clearance=0.456 m (base to table)
[INFO] [1787836082.694041225] [six_angels_material_sorting_client]: CONTROL_LOOP_HEALTH samples=400/7126 interval_p95=55.10ms interval_p99=59.34ms execution_p95=2.91ms interval_misses=16 execution_misses=20
[INFO] [1787836083.743296536] [six_angels_material_sorting_client]: progress task=2 stage=align_for_place: task 2 advancing straight from table entry to the exact saved origin; advancing straight; remaining=0.120 m; minimum carried-envelope clearance=0.377 m (base to table)
[INFO] [1787836085.794954623] [six_angels_material_sorting_client]: progress task=2 stage=align_for_place: task 2 advancing straight from table entry to the exact saved origin; advancing straight; remaining=0.057 m; minimum carried-envelope clearance=0.338 m (base to table)
[INFO] [1787836087.743428394] [six_angels_material_sorting_client]: CONTROL_LOOP_HEALTH samples=400/7227 interval_p95=50.56ms interval_p99=57.76ms execution_p95=3.20ms interval_misses=16 execution_misses=20
[INFO] [1787836087.793631464] [six_angels_material_sorting_client]: controller=executing_stage task=2 attempt=1 stage=place score=70: task 2 entering place: task 2 aligned held box over task 1's original table coordinate
[INFO] [1787836087.842352280] [six_angels_material_sorting_client]: controller=executing_stage task=2 attempt=1 stage=place score=70: task 2 attempt 1 stage=place
[INFO] [1787836089.843371719] [six_angels_material_sorting_client]: progress task=2 stage=place: task 2 lowering box compliantly onto original table point; slide_target=0.456, slide_err=0.000, left_err=0.014, right_err=0.014, cmd_err=0.000, slide_vel=0.013, max_vel=0.069; compliant_place_phase=fast_approach, remaining_mm=12.0, step_mm=2.0, completion=None; placement_effort=active, slide_ratio=0.00, left_wrist_ratio=0.00, right_wrist_ratio=0.00, left_arm_max=0.00, right_arm_max=0.00, candidate=False, confirmed=False
[INFO] [1787836091.893225315] [six_angels_material_sorting_client]: progress task=2 stage=place: task 2 lowering box compliantly onto original table point; slide_target=0.460, slide_err=0.004, left_err=0.013, right_err=0.013, cmd_err=0.000, slide_vel=0.004, max_vel=0.004; compliant_place_phase=fine_descent, remaining_mm=8.0, step_mm=2.0, completion=None; placement_effort=active, slide_ratio=47.11, left_wrist_ratio=4.22, right_wrist_ratio=2.67, left_arm_max=4.22, right_arm_max=2.67, candidate=False, confirmed=False
[INFO] [1787836092.792395986] [six_angels_material_sorting_client]: CONTROL_LOOP_HEALTH samples=400/7328 interval_p95=50.22ms interval_p99=51.01ms execution_p95=3.23ms interval_misses=16 execution_misses=20
[INFO] [1787836093.792776262] [six_angels_material_sorting_client]: controller=executing_stage task=2 attempt=1 stage=verify_place score=70: task 2 entering verify_place: task 2 opened both arms and released at task 1's original point
[INFO] [1787836093.842268245] [six_angels_material_sorting_client]: controller=executing_stage task=2 attempt=1 stage=verify_place score=70: task 2 attempt 1 stage=verify_place
[INFO] [1787836094.892804560] [six_angels_material_sorting_client]: controller=executing_stage task=2 attempt=1 stage=return_to_end score=70: task 2 entering return_to_end: task 2 table placement settled; handing result to referee
[INFO] [1787836095.001000300] [six_angels_material_sorting_client]: controller=executing_stage task=2 attempt=1 stage=return_to_end score=70: task 2 attempt 1 stage=return_to_end
[INFO] [1787836095.042755642] [six_angels_material_sorting_client]: scheduler candidate action=task2:return_to_end:stand:left source=rl reason=accepted costmap_v=244
[INFO] [1787836096.950066110] [six_angels_material_sorting_client]: progress task=2 stage=return_to_end: task 2 retreating straight; remaining=0.217 m after table release
[INFO] [1787836097.842265237] [six_angels_material_sorting_client]: CONTROL_LOOP_HEALTH samples=400/7429 interval_p95=50.29ms interval_p99=55.86ms execution_p95=3.24ms interval_misses=16 execution_misses=21
[INFO] [1787836098.993743309] [six_angels_material_sorting_client]: progress task=2 stage=return_to_end: task 2 retreating straight; remaining=0.085 m after table release
[INFO] [1787836101.042421453] [six_angels_material_sorting_client]: progress task=2 stage=return_to_end: task 2 retreating straight; remaining=0.025 m after table release
[INFO] [1787836102.882508359] [six_angels_material_sorting_client]: CONTROL_LOOP_HEALTH samples=400/7529 interval_p95=50.74ms interval_p99=55.86ms execution_p95=3.21ms interval_misses=16 execution_misses=21
[INFO] [1787836103.092662680] [six_angels_material_sorting_client]: progress task=2 stage=return_to_end: task 2 retracting arms after table retreat; transport retract; slide_err=0.002, left_err=0.003, right_err=0.004, cmd_err=0.000, max_vel=0.032
[INFO] [1787836105.143850392] [six_angels_material_sorting_client]: progress task=2 stage=return_to_end: task 2 returning to the end zone; goal=(-0.78, 0.55, 1.57); nav_status=navigating; NAV_TEL phase=transfer status=navigating segment=nav_end x=-0.982 y=1.105 yaw=1.159 dist=0.591 yaw_err=0.412 cmd=(0.000,-0.550) clear=0.550 footprint=transit_stowed path=0.585 planned_straight=0.591 detour=0.991
[INFO] [1787836107.192882246] [six_angels_material_sorting_client]: progress task=2 stage=return_to_end: task 2 returning to the end zone; goal=(-0.78, 0.55, 1.57); nav_status=navigating; NAV_TEL phase=transfer status=navigating segment=nav_end x=-0.983 y=1.104 yaw=0.425 dist=0.590 yaw_err=1.146 cmd=(0.000,-0.550) clear=0.550 footprint=transit_stowed path=0.585 planned_straight=0.591 detour=0.991
[INFO] [1787836107.843085661] [six_angels_material_sorting_client]: CONTROL_LOOP_HEALTH samples=400/7629 interval_p95=50.74ms interval_p99=55.86ms execution_p95=2.59ms interval_misses=16 execution_misses=21
[INFO] [1787836109.242844675] [six_angels_material_sorting_client]: progress task=2 stage=return_to_end: task 2 returning to the end zone; goal=(-0.78, 0.55, 1.57); nav_status=navigating; NAV_TEL phase=transfer status=navigating segment=nav_end x=-0.983 y=1.104 yaw=-0.325 dist=0.590 yaw_err=1.896 cmd=(0.000,-0.550) clear=0.550 footprint=transit_stowed path=0.585 planned_straight=0.591 detour=0.991
[INFO] [1787836111.330568307] [six_angels_material_sorting_client]: progress task=2 stage=return_to_end: task 2 returning to the end zone; goal=(-0.78, 0.55, 1.57); nav_status=navigating; NAV_TEL phase=transfer status=navigating segment=nav_end x=-0.972 y=1.085 yaw=-1.073 dist=0.569 yaw_err=2.644 cmd=(0.180,-0.224) clear=0.550 footprint=transit_stowed path=0.585 planned_straight=0.591 detour=0.991
[INFO] [1787836112.918973631] [six_angels_material_sorting_client]: CONTROL_LOOP_HEALTH samples=400/7730 interval_p95=50.71ms interval_p99=55.86ms execution_p95=2.67ms interval_misses=16 execution_misses=21
[INFO] [1787836113.343036705] [six_angels_material_sorting_client]: progress task=2 stage=return_to_end: task 2 returning to the end zone; goal=(-0.78, 0.55, 1.57); nav_status=navigating; NAV_TEL phase=transfer status=navigating segment=nav_end x=-0.884 y=0.869 yaw=-1.233 dist=0.336 yaw_err=2.804 cmd=(0.180,-0.019) clear=0.550 footprint=transit_stowed path=0.585 planned_straight=0.591 detour=0.991
[INFO] [1787836115.355891691] [six_angels_material_sorting_client]: progress task=2 stage=return_to_end: task 2 returning to the end zone; goal=(-0.78, 0.55, 1.57); nav_status=final_positioning; NAV_TEL phase=transfer status=final_positioning segment=nav_end x=-0.816 y=0.670 yaw=-1.263 dist=0.125 yaw_err=2.834 cmd=(0.100,-0.028) clear=0.350 footprint=transit_stowed path=0.585 planned_straight=0.591 detour=0.991
[INFO] [1787836117.343922751] [six_angels_material_sorting_client]: progress task=2 stage=return_to_end: task 2 returning to the end zone; goal=(-0.78, 0.55, 1.57); nav_status=final_aligning; NAV_TEL phase=transfer status=final_aligning segment=nav_end x=-0.800 y=0.618 yaw=-0.902 dist=0.070 yaw_err=2.473 cmd=(0.000,0.500) clear=0.300 footprint=transit_stowed path=0.585 planned_straight=0.591 detour=0.991
[INFO] [1787836117.893817728] [six_angels_material_sorting_client]: CONTROL_LOOP_HEALTH samples=400/7830 interval_p95=50.23ms interval_p99=51.02ms execution_p95=2.84ms interval_misses=16 execution_misses=21
[INFO] [1787836119.393775824] [six_angels_material_sorting_client]: progress task=2 stage=return_to_end: task 2 returning to the end zone; goal=(-0.78, 0.55, 1.57); nav_status=final_aligning; NAV_TEL phase=transfer status=final_aligning segment=nav_end x=-0.800 y=0.618 yaw=-0.193 dist=0.071 yaw_err=1.764 cmd=(0.000,0.500) clear=0.400 footprint=transit_stowed path=0.585 planned_straight=0.591 detour=0.991
[INFO] [1787836121.442686101] [six_angels_material_sorting_client]: progress task=2 stage=return_to_end: task 2 returning to the end zone; goal=(-0.78, 0.55, 1.57); nav_status=final_aligning; NAV_TEL phase=transfer status=final_aligning segment=nav_end x=-0.801 y=0.618 yaw=0.498 dist=0.071 yaw_err=1.073 cmd=(0.000,0.500) clear=0.350 footprint=transit_stowed path=0.585 planned_straight=0.591 detour=0.991
[INFO] [1787836122.953579004] [six_angels_material_sorting_client]: CONTROL_LOOP_HEALTH samples=400/7931 interval_p95=50.19ms interval_p99=50.32ms execution_p95=2.87ms interval_misses=16 execution_misses=21
[INFO] [1787836123.442923113] [six_angels_material_sorting_client]: progress task=2 stage=return_to_end: task 2 returning to the end zone; goal=(-0.78, 0.55, 1.57); nav_status=final_aligning; NAV_TEL phase=transfer status=final_aligning segment=nav_end x=-0.802 y=0.617 yaw=1.217 dist=0.071 yaw_err=0.354 cmd=(0.000,0.500) clear=0.350 footprint=transit_stowed path=0.585 planned_straight=0.591 detour=0.991
[INFO] [1787836124.444203997] [six_angels_material_sorting_client]: controller=waiting_for_referee task=2 attempt=1 stage=- score=100: task 2 local sequence completed; waiting for Server referee: task 2 returned to the end zone; local sequence complete
[INFO] [1787836124.492864035] [six_angels_material_sorting_client]: controller=starting_task task=3 attempt=1 stage=navigate_to_pick score=100: referee advanced to task 3; starting attempt 1
[INFO] [1787836124.541345773] [six_angels_material_sorting_client]: task detection epoch retains pink RGB-D history
[INFO] [1787836124.543724721] [six_angels_material_sorting_client]: controller=executing_stage task=3 attempt=1 stage=navigate_to_pick score=100: task 3 entering navigate_to_pick
[INFO] [1787836124.660748007] [six_angels_material_sorting_client]: controller=executing_stage task=3 attempt=1 stage=navigate_to_pick score=100: task 3 attempt 1 stage=navigate_to_pick
[INFO] [1787836124.947751675] [six_angels_material_sorting_client]: scheduler candidate action=task3:navigate_to_pick:stand:left source=rl reason=accepted costmap_v=296
[INFO] [1787836126.603813594] [six_angels_material_sorting_client]: progress task=3 stage=navigate_to_pick: task 3 navigating to top-box pink pick stand; nav_status=navigating
[INFO] [1787836127.943628351] [six_angels_material_sorting_client]: CONTROL_LOOP_HEALTH samples=400/8029 interval_p95=51.79ms interval_p99=56.75ms execution_p95=3.68ms interval_misses=18 execution_misses=24
[INFO] [1787836128.643068432] [six_angels_material_sorting_client]: progress task=3 stage=navigate_to_pick: task 3 navigating to top-box pink pick stand; nav_status=navigating
[INFO] [1787836130.644128750] [six_angels_material_sorting_client]: progress task=3 stage=navigate_to_pick: task 3 navigating to top-box pink pick stand; nav_status=navigating
[INFO] [1787836132.693443809] [six_angels_material_sorting_client]: progress task=3 stage=navigate_to_pick: task 3 navigating to top-box pink pick stand; nav_status=navigating
[INFO] [1787836133.015956320] [six_angels_material_sorting_client]: CONTROL_LOOP_HEALTH samples=400/8130 interval_p95=54.62ms interval_p99=58.55ms execution_p95=3.86ms interval_misses=18 execution_misses=24
[INFO] [1787836134.879688184] [six_angels_material_sorting_client]: progress task=3 stage=navigate_to_pick: task 3 navigating to top-box pink pick stand; nav_status=navigating
[INFO] [1787836137.003450222] [six_angels_material_sorting_client]: progress task=3 stage=navigate_to_pick: task 3 navigating to top-box pink pick stand; nav_status=final_aligning
[INFO] [1787836137.043317064] [six_angels_material_sorting_client]: controller=executing_stage task=3 attempt=1 stage=acquire_target score=100: task 3 entering acquire_target: task 3 reached the detected pink top-box pick stand; NAV_GOAL_REACHED segment=nav_table
[INFO] [1787836137.092256160] [six_angels_material_sorting_client]: controller=executing_stage task=3 attempt=1 stage=acquire_target score=100: task 3 attempt 1 stage=acquire_target
[INFO] [1787836137.392149004] [six_angels_material_sorting_client]: controller=executing_stage task=3 attempt=1 stage=align_for_pick score=100: task 3 entering align_for_pick: task 3 reused the stable top-box center collected during navigation: center=(-0.544, 2.264, 1.006), orientation=yaw90
[INFO] [1787836137.442143635] [six_angels_material_sorting_client]: controller=executing_stage task=3 attempt=1 stage=align_for_pick score=100: task 3 attempt 1 stage=align_for_pick
[INFO] [1787836138.042886589] [six_angels_material_sorting_client]: CONTROL_LOOP_HEALTH samples=400/8225 interval_p95=55.42ms interval_p99=60.98ms execution_p95=7.73ms interval_misses=20 execution_misses=26
[INFO] [1787836139.442222220] [six_angels_material_sorting_client]: progress task=3 stage=align_for_pick: task 1 moving both open arms to pregrasp; target_base=(0.718, -0.006, 1.006); arm_tol=0.030, slide_err=0.001, left_err=0.002, right_err=0.002, cmd_err=0.000, max_vel=0.011
[INFO] [1787836140.043163433] [six_angels_material_sorting_client]: controller=executing_stage task=3 attempt=1 stage=grasp score=100: task 3 entering grasp: task 1 both open arms reached the non-contact pregrasp pose
[INFO] [1787836140.092323648] [six_angels_material_sorting_client]: controller=executing_stage task=3 attempt=1 stage=grasp score=100: task 3 attempt 1 stage=grasp
[INFO] [1787836142.093388759] [six_angels_material_sorting_client]: progress task=3 stage=grasp: task 1 starting continuous compliant inward motion; compliance=active; left[contact=False, aligned=False, angle=0.1deg, effort_delta=1.82, effort_threshold=0.35, firm=True, firm_latched=False, velocity=0.002]; right[contact=False, aligned=False, angle=0.1deg, effort_delta=1.80, effort_threshold=0.35, firm=True, firm_latched=False, velocity=0.001]
[INFO] [1787836143.046389967] [six_angels_material_sorting_client]: CONTROL_LOOP_HEALTH samples=400/8325 interval_p95=55.42ms interval_p99=60.98ms execution_p95=7.73ms interval_misses=20 execution_misses=26
[INFO] [1787836144.145373517] [six_angels_material_sorting_client]: progress task=3 stage=grasp: task 1 continuously applying locked-wrist preload; offset=1.7/2.7 mm; compliance=active; left[contact=True, aligned=True, angle=2.2deg, effort_delta=0.05, effort_threshold=0.35, firm=False, firm_latched=False, velocity=0.000]; right[contact=True, aligned=True, angle=2.0deg, effort_delta=0.03, effort_threshold=0.35, firm=False, firm_latched=False, velocity=0.000]
[INFO] [1787836145.693966345] [six_angels_material_sorting_client]: controller=executing_stage task=3 attempt=1 stage=lift score=100: task 3 entering lift: task 1 bilateral compliant grasp settled with locked wrists and 2.7 mm bounded preload; compliance=active; left[contact=True, aligned=True, angle=2.1deg, effort_delta=0.03, effort_threshold=0.35, firm=False, firm_latched=False, velocity=0.000]; right[contact=True, aligned=True, angle=2.0deg, effort_delta=0.01, effort_threshold=0.35, firm=False, firm_latched=False, velocity=0.000]
[INFO] [1787836145.742937881] [six_angels_material_sorting_client]: controller=executing_stage task=3 attempt=1 stage=lift score=100: task 3 attempt 1 stage=lift
[INFO] [1787836147.792963879] [six_angels_material_sorting_client]: progress task=3 stage=lift: task 3 raising the spine while preserving arm preload; bounded_contact=False; lift=0.150m, slide_target=0.146, slide_err=0.052, left_err=0.017, right_err=0.017, cmd_err=0.027, max_vel=0.055
[INFO] [1787836148.093225182] [six_angels_material_sorting_client]: CONTROL_LOOP_HEALTH samples=400/8426 interval_p95=54.84ms interval_p99=60.37ms execution_p95=5.41ms interval_misses=20 execution_misses=26
[INFO] [1787836149.592932004] [six_angels_material_sorting_client]: controller=executing_stage task=3 attempt=1 stage=transport score=100: task 3 entering transport: task 3 accepted the completed 0.15 m lift with bounded held-box contact motion; lift=0.150m, slide_target=0.146, slide_err=0.009, left_err=0.017, right_err=0.017, cmd_err=0.000, max_vel=0.006
[INFO] [1787836149.701992401] [six_angels_material_sorting_client]: controller=executing_stage task=3 attempt=1 stage=transport score=100: task 3 attempt 1 stage=transport
[INFO] [1787836149.743426564] [six_angels_material_sorting_client]: scheduler candidate action=task3:transport:stand:left source=rl reason=accepted costmap_v=319
[INFO] [1787836151.642254017] [six_angels_material_sorting_client]: progress task=3 stage=transport: task 3 holding the top-box and retreating from table; retreating straight; remaining=0.219 m
[INFO] [1787836152.542460849] [six_angels_material_sorting_client]: scheduler candidate action=task3:transport:stand:right source=rl reason=accepted costmap_v=319
[INFO] [1787836153.142292768] [six_angels_material_sorting_client]: CONTROL_LOOP_HEALTH samples=400/8527 interval_p95=53.27ms interval_p99=60.39ms execution_p95=5.14ms interval_misses=20 execution_misses=27
[INFO] [1787836153.692083057] [six_angels_material_sorting_client]: progress task=3 stage=transport: task 3 holding the top-box and retreating from table; retreating straight; remaining=0.086 m
[INFO] [1787836155.692183026] [six_angels_material_sorting_client]: progress task=3 stage=transport: task 3 holding the top-box and retreating from table; retreating straight; remaining=0.028 m
[INFO] [1787836157.741808329] [six_angels_material_sorting_client]: progress task=3 stage=transport: task 3 turning counter-clockwise toward the shelf before translation; yaw_error=1.248
[INFO] [1787836158.192207643] [six_angels_material_sorting_client]: CONTROL_LOOP_HEALTH samples=400/8628 interval_p95=50.68ms interval_p99=55.76ms execution_p95=4.98ms interval_misses=20 execution_misses=27
[INFO] [1787836159.792064859] [six_angels_material_sorting_client]: progress task=3 stage=transport: task 3 turning counter-clockwise toward the shelf before translation; yaw_error=0.738
[INFO] [1787836161.791997729] [six_angels_material_sorting_client]: progress task=3 stage=transport: task 3 turning counter-clockwise toward the shelf before translation; yaw_error=0.255
[INFO] [1787836163.192580988] [six_angels_material_sorting_client]: CONTROL_LOOP_HEALTH samples=400/8728 interval_p95=50.43ms interval_p99=55.76ms execution_p95=4.87ms interval_misses=20 execution_misses=27
[INFO] [1787836163.844357870] [six_angels_material_sorting_client]: progress task=3 stage=transport: task 1 advancing shelfward with the safe west-facing heading; advancing straight; remaining=0.455 m
[INFO] [1787836165.842018773] [six_angels_material_sorting_client]: progress task=3 stage=transport: task 1 advancing shelfward with the safe west-facing heading; advancing straight; remaining=0.334 m
[INFO] [1787836167.894603873] [six_angels_material_sorting_client]: progress task=3 stage=transport: task 1 advancing shelfward with the safe west-facing heading; advancing straight; remaining=0.207 m
[INFO] [1787836168.193049055] [six_angels_material_sorting_client]: CONTROL_LOOP_HEALTH samples=400/8828 interval_p95=50.53ms interval_p99=55.76ms execution_p95=1.84ms interval_misses=20 execution_misses=27
[INFO] [1787836169.896032618] [six_angels_material_sorting_client]: progress task=3 stage=transport: task 1 advancing shelfward with the safe west-facing heading; advancing straight; remaining=0.100 m
[INFO] [1787836171.942662278] [six_angels_material_sorting_client]: progress task=3 stage=transport: task 1 advancing shelfward with the safe west-facing heading; advancing straight; remaining=0.044 m
[INFO] [1787836173.193258506] [six_angels_material_sorting_client]: CONTROL_LOOP_HEALTH samples=400/8928 interval_p95=50.23ms interval_p99=51.55ms execution_p95=1.72ms interval_misses=20 execution_misses=27
[INFO] [1787836173.992848392] [six_angels_material_sorting_client]: progress task=3 stage=transport: task 3 moving laterally at the safe shelf-front clearance; lateral alignment rotating toward shelf-front direction; yaw_err=1.512
[INFO] [1787836176.042386918] [six_angels_material_sorting_client]: progress task=3 stage=transport: task 3 moving laterally at the safe shelf-front clearance; lateral alignment rotating toward shelf-front direction; yaw_err=1.033
[INFO] [1787836178.042753561] [six_angels_material_sorting_client]: progress task=3 stage=transport: task 3 moving laterally at the safe shelf-front clearance; lateral alignment rotating toward shelf-front direction; yaw_err=0.557
[INFO] [1787836178.242297736] [six_angels_material_sorting_client]: CONTROL_LOOP_HEALTH samples=400/9029 interval_p95=50.23ms interval_p99=50.95ms execution_p95=1.80ms interval_misses=20 execution_misses=27
[INFO] [1787836180.075399662] [six_angels_material_sorting_client]: progress task=3 stage=transport: task 3 moving laterally at the safe shelf-front clearance; lateral alignment rotating toward shelf-front direction; yaw_err=0.103
[INFO] [1787836182.092512082] [six_angels_material_sorting_client]: progress task=3 stage=transport: task 3 moving laterally at the safe shelf-front clearance; lateral alignment driving along shelf front; y_err=-0.237, x_err=-0.009
[INFO] [1787836183.242844831] [six_angels_material_sorting_client]: CONTROL_LOOP_HEALTH samples=400/9129 interval_p95=50.26ms interval_p99=50.93ms execution_p95=1.79ms interval_misses=20 execution_misses=27
[INFO] [1787836184.142405929] [six_angels_material_sorting_client]: progress task=3 stage=transport: task 3 moving laterally at the safe shelf-front clearance; lateral alignment driving along shelf front; y_err=-0.117, x_err=-0.008
[INFO] [1787836186.216838644] [six_angels_material_sorting_client]: progress task=3 stage=transport: task 3 moving laterally at the safe shelf-front clearance; lateral alignment driving along shelf front; y_err=-0.053, x_err=-0.008
[INFO] [1787836188.192123433] [six_angels_material_sorting_client]: progress task=3 stage=transport: task 3 moving laterally at the safe shelf-front clearance; lateral alignment restoring shelf-facing yaw; yaw_err=-1.537
[INFO] [1787836188.292473673] [six_angels_material_sorting_client]: CONTROL_LOOP_HEALTH samples=400/9230 interval_p95=50.24ms interval_p99=50.80ms execution_p95=1.80ms interval_misses=20 execution_misses=27
[INFO] [1787836190.192498198] [six_angels_material_sorting_client]: progress task=3 stage=transport: task 3 moving laterally at the safe shelf-front clearance; lateral alignment restoring shelf-facing yaw; yaw_err=-1.080
[INFO] [1787836192.242205937] [six_angels_material_sorting_client]: progress task=3 stage=transport: task 3 moving laterally at the safe shelf-front clearance; lateral alignment restoring shelf-facing yaw; yaw_err=-0.611
[INFO] [1787836193.293419111] [six_angels_material_sorting_client]: CONTROL_LOOP_HEALTH samples=400/9330 interval_p95=50.25ms interval_p99=50.79ms execution_p95=1.78ms interval_misses=20 execution_misses=27
[INFO] [1787836194.244749592] [six_angels_material_sorting_client]: progress task=3 stage=transport: task 3 moving laterally at the safe shelf-front clearance; lateral alignment restoring shelf-facing yaw; yaw_err=-0.154
[INFO] [1787836195.043395764] [six_angels_material_sorting_client]: controller=executing_stage task=3 attempt=1 stage=align_for_place score=140: task 3 entering align_for_place: task 1 reached the safe shelf pre-place stand with the carried center still 0.75 m in front of the shelf
[INFO] [1787836195.093118676] [six_angels_material_sorting_client]: controller=executing_stage task=3 attempt=1 stage=align_for_place score=140: task 3 attempt 1 stage=align_for_place
[INFO] [1787836197.093680411] [six_angels_material_sorting_client]: progress task=3 stage=align_for_place: task 1 moving held top-box to task-3 shelf clearance height; slide_target=0.355, slide_err=0.103, left_err=0.017, right_err=0.017, cmd_err=0.089, slide_vel=0.150, max_vel=0.150
[INFO] [1787836198.343067608] [six_angels_material_sorting_client]: CONTROL_LOOP_HEALTH samples=400/9431 interval_p95=50.24ms interval_p99=50.60ms execution_p95=1.98ms interval_misses=20 execution_misses=27
[INFO] [1787836199.142872934] [six_angels_material_sorting_client]: progress task=3 stage=align_for_place: task 1 moving held top-box to task-3 shelf clearance height; slide_target=0.355, slide_err=0.002, left_err=0.017, right_err=0.017, cmd_err=0.000, slide_vel=0.018, max_vel=0.018
[INFO] [1787836201.192563306] [six_angels_material_sorting_client]: progress task=3 stage=align_for_place: task 3 aligning outside shelf for packaging-box left placement; lateral alignment rotating toward shelf-front direction; yaw_err=1.309
[INFO] [1787836203.193313901] [six_angels_material_sorting_client]: progress task=3 stage=align_for_place: task 3 aligning outside shelf for packaging-box left placement; lateral alignment rotating toward shelf-front direction; yaw_err=0.839
[INFO] [1787836203.393215616] [six_angels_material_sorting_client]: CONTROL_LOOP_HEALTH samples=400/9532 interval_p95=50.23ms interval_p99=50.65ms execution_p95=2.03ms interval_misses=20 execution_misses=27
[INFO] [1787836205.242864784] [six_angels_material_sorting_client]: progress task=3 stage=align_for_place: task 3 aligning outside shelf for packaging-box left placement; lateral alignment rotating toward shelf-front direction; yaw_err=0.329
[INFO] [1787836207.292566646] [six_angels_material_sorting_client]: progress task=3 stage=align_for_place: task 3 aligning outside shelf for packaging-box left placement; lateral alignment driving along shelf front; y_err=-0.318, x_err=-0.007
[INFO] [1787836208.442902578] [six_angels_material_sorting_client]: CONTROL_LOOP_HEALTH samples=400/9633 interval_p95=50.22ms interval_p99=50.69ms execution_p95=2.02ms interval_misses=20 execution_misses=27
[INFO] [1787836209.343251974] [six_angels_material_sorting_client]: progress task=3 stage=align_for_place: task 3 aligning outside shelf for packaging-box left placement; lateral alignment driving along shelf front; y_err=-0.197, x_err=-0.005
[INFO] [1787836211.392071912] [six_angels_material_sorting_client]: progress task=3 stage=align_for_place: task 3 aligning outside shelf for packaging-box left placement; lateral alignment driving along shelf front; y_err=-0.091, x_err=-0.005
[INFO] [1787836213.392615130] [six_angels_material_sorting_client]: progress task=3 stage=align_for_place: task 3 aligning outside shelf for packaging-box left placement; lateral alignment driving along shelf front; y_err=-0.039, x_err=-0.004
[INFO] [1787836213.442889350] [six_angels_material_sorting_client]: CONTROL_LOOP_HEALTH samples=400/9733 interval_p95=50.21ms interval_p99=50.55ms execution_p95=2.02ms interval_misses=20 execution_misses=27
[INFO] [1787836215.441943206] [six_angels_material_sorting_client]: progress task=3 stage=align_for_place: task 3 aligning outside shelf for packaging-box left placement; lateral alignment restoring shelf-facing yaw; yaw_err=-1.368
[INFO] [1787836217.442187097] [six_angels_material_sorting_client]: progress task=3 stage=align_for_place: task 3 aligning outside shelf for packaging-box left placement; lateral alignment restoring shelf-facing yaw; yaw_err=-0.895
[INFO] [1787836218.492499747] [six_angels_material_sorting_client]: CONTROL_LOOP_HEALTH samples=400/9834 interval_p95=50.20ms interval_p99=50.54ms execution_p95=1.84ms interval_misses=20 execution_misses=27
[INFO] [1787836219.491741792] [six_angels_material_sorting_client]: progress task=3 stage=align_for_place: task 3 aligning outside shelf for packaging-box left placement; lateral alignment restoring shelf-facing yaw; yaw_err=-0.430
[INFO] [1787836221.492123643] [six_angels_material_sorting_client]: progress task=3 stage=align_for_place: task 1 advancing to the shallow task-3 insertion stand; advancing straight; remaining=0.640 m
[INFO] [1787836223.542615425] [six_angels_material_sorting_client]: progress task=3 stage=align_for_place: task 1 advancing to the shallow task-3 insertion stand; advancing straight; remaining=0.523 m
[INFO] [1787836223.543685820] [six_angels_material_sorting_client]: CONTROL_LOOP_HEALTH samples=400/9935 interval_p95=50.18ms interval_p99=50.31ms execution_p95=1.80ms interval_misses=20 execution_misses=27
[INFO] [1787836225.592011572] [six_angels_material_sorting_client]: progress task=3 stage=align_for_place: task 1 advancing to the shallow task-3 insertion stand; advancing straight; remaining=0.395 m
[INFO] [1787836227.592168515] [six_angels_material_sorting_client]: progress task=3 stage=align_for_place: task 1 advancing to the shallow task-3 insertion stand; advancing straight; remaining=0.272 m
[INFO] [1787836228.592293127] [six_angels_material_sorting_client]: CONTROL_LOOP_HEALTH samples=400/10036 interval_p95=50.18ms interval_p99=50.47ms execution_p95=1.64ms interval_misses=20 execution_misses=27
[INFO] [1787836229.642541629] [six_angels_material_sorting_client]: progress task=3 stage=align_for_place: task 1 advancing to the shallow task-3 insertion stand; advancing straight; remaining=0.140 m
[INFO] [1787836231.692725814] [six_angels_material_sorting_client]: progress task=3 stage=align_for_place: task 1 advancing to the shallow task-3 insertion stand; advancing straight; remaining=0.064 m
[INFO] [1787836233.592729036] [six_angels_material_sorting_client]: CONTROL_LOOP_HEALTH samples=400/10136 interval_p95=50.16ms interval_p99=50.67ms execution_p95=1.50ms interval_misses=20 execution_misses=27
[INFO] [1787836233.741807174] [six_angels_material_sorting_client]: progress task=3 stage=align_for_place: task 1 advancing to the shallow task-3 insertion stand; advancing straight; remaining=0.017 m
[INFO] [1787836235.792438138] [six_angels_material_sorting_client]: progress task=3 stage=align_for_place: task 3 advancing the base an additional 0.15 m before release; advancing straight; remaining=0.074 m
[INFO] [1787836237.792054965] [six_angels_material_sorting_client]: progress task=3 stage=align_for_place: task 3 advancing the base an additional 0.15 m before release; advancing straight; remaining=0.029 m
[INFO] [1787836238.443259954] [six_angels_material_sorting_client]: controller=executing_stage task=3 attempt=1 stage=place score=140: task 3 entering place: task 3 reached the direct base-release position without arm insertion; extra advance=0.15 m
[INFO] [1787836238.492073221] [six_angels_material_sorting_client]: controller=executing_stage task=3 attempt=1 stage=place score=140: task 3 attempt 1 stage=place
[INFO] [1787836238.642316154] [six_angels_material_sorting_client]: CONTROL_LOOP_HEALTH samples=400/10237 interval_p95=50.17ms interval_p99=50.67ms execution_p95=1.61ms interval_misses=20 execution_misses=27
[INFO] [1787836240.493303621] [six_angels_material_sorting_client]: progress task=3 stage=place: task 1 lowering task-3 box compliantly onto the shelf board; slide_target=0.463, slide_err=0.031, left_err=0.017, right_err=0.017, cmd_err=0.012, slide_vel=0.040, max_vel=0.040; compliant_place_phase=fast_approach, remaining_mm=24.0, step_mm=2.0, completion=None; placement_effort=active, slide_ratio=0.00, left_wrist_ratio=0.00, right_wrist_ratio=0.00, left_arm_max=0.00, right_arm_max=0.00, candidate=False, confirmed=False
[INFO] [1787836242.542389854] [six_angels_material_sorting_client]: progress task=3 stage=place: task 1 lowering task-3 box compliantly onto the shelf board; slide_target=0.465, slide_err=0.002, left_err=0.017, right_err=0.018, cmd_err=0.000, slide_vel=0.007, max_vel=0.007; compliant_place_phase=fine_descent, remaining_mm=10.0, step_mm=2.0, completion=None; placement_effort=active, slide_ratio=0.00, left_wrist_ratio=0.00, right_wrist_ratio=0.00, left_arm_max=0.00, right_arm_max=0.00, candidate=False, confirmed=False
[INFO] [1787836243.642753578] [six_angels_material_sorting_client]: CONTROL_LOOP_HEALTH samples=400/10337 interval_p95=50.18ms interval_p99=50.80ms execution_p95=2.02ms interval_misses=20 execution_misses=27
[INFO] [1787836244.593820915] [six_angels_material_sorting_client]: progress task=3 stage=place: task 3 spreading both arms locally to release; target_base=(0.718, -0.004, 0.835); arm_tol=0.030, slide_err=0.007, left_err=0.038, right_err=0.037, cmd_err=0.032, max_vel=0.476
[INFO] [1787836246.192980757] [six_angels_material_sorting_client]: controller=executing_stage task=3 attempt=1 stage=verify_place score=140: task 3 entering verify_place: task 3 released the box from the achieved insertion pose without world-frame IK recomputation
[INFO] [1787836246.242112892] [six_angels_material_sorting_client]: controller=executing_stage task=3 attempt=1 stage=verify_place score=140: task 3 attempt 1 stage=verify_place
[INFO] [1787836247.242803442] [six_angels_material_sorting_client]: controller=executing_stage task=3 attempt=1 stage=return_to_end score=140: task 3 entering return_to_end: task 1 shelf placement settled; handing result to referee
[INFO] [1787836247.378449407] [six_angels_material_sorting_client]: controller=executing_stage task=3 attempt=1 stage=return_to_end score=140: task 3 attempt 1 stage=return_to_end
[INFO] [1787836247.394139189] [six_angels_material_sorting_client]: scheduler candidate action=task3:return_to_end:stand:left source=rl reason=accepted costmap_v=402
[INFO] [1787836248.692675518] [six_angels_material_sorting_client]: CONTROL_LOOP_HEALTH samples=400/10438 interval_p95=50.19ms interval_p99=54.98ms execution_p95=2.26ms interval_misses=21 execution_misses=28
[INFO] [1787836249.364125397] [six_angels_material_sorting_client]: progress task=3 stage=return_to_end: task 3 retreating the base 0.40 m after release; retreating straight; remaining=0.270 m
[INFO] [1787836251.293399227] [six_angels_material_sorting_client]: progress task=3 stage=return_to_end: task 3 retreating the base 0.40 m after release; retreating straight; remaining=0.124 m
[INFO] [1787836253.292447490] [six_angels_material_sorting_client]: progress task=3 stage=return_to_end: task 3 retreating the base 0.40 m after release; retreating straight; remaining=0.047 m
[INFO] [1787836253.752899999] [six_angels_material_sorting_client]: CONTROL_LOOP_HEALTH samples=400/10538 interval_p95=55.00ms interval_p99=59.92ms execution_p95=2.30ms interval_misses=22 execution_misses=29
[INFO] [1787836255.292736957] [six_angels_material_sorting_client]: progress task=3 stage=return_to_end: task 3 compacting open arms to half-width 0.065 m; target_base=(0.718, -0.004, 0.835); arm_tol=0.030, slide_err=0.009, left_err=0.062, right_err=0.061, cmd_err=0.047, max_vel=0.109
[INFO] [1787836257.294209989] [six_angels_material_sorting_client]: progress task=3 stage=return_to_end: task 3 pushing the released box farther into the shelf by 0.38 m; advancing straight; remaining=0.342 m
[INFO] [1787836258.814450466] [six_angels_material_sorting_client]: CONTROL_LOOP_HEALTH samples=400/10639 interval_p95=55.53ms interval_p99=61.36ms execution_p95=2.34ms interval_misses=22 execution_misses=29
[INFO] [1787836259.332655958] [six_angels_material_sorting_client]: progress task=3 stage=return_to_end: task 3 pushing the released box farther into the shelf by 0.38 m; advancing straight; remaining=0.211 m
[INFO] [1787836261.344563678] [six_angels_material_sorting_client]: progress task=3 stage=return_to_end: task 3 pushing the released box farther into the shelf by 0.38 m; advancing straight; remaining=0.102 m
[INFO] [1787836263.349789093] [six_angels_material_sorting_client]: progress task=3 stage=return_to_end: task 3 pushing the released box farther into the shelf by 0.38 m; advancing straight; remaining=0.051 m
[INFO] [1787836263.857939825] [six_angels_material_sorting_client]: CONTROL_LOOP_HEALTH samples=400/10740 interval_p95=58.22ms interval_p99=61.53ms execution_p95=2.35ms interval_misses=23 execution_misses=29
[INFO] [1787836265.392118413] [six_angels_material_sorting_client]: progress task=3 stage=return_to_end: task 3 retreating after the post-release push; retreating straight; remaining=0.450 m
[INFO] [1787836267.465924216] [six_angels_material_sorting_client]: progress task=3 stage=return_to_end: task 3 retreating after the post-release push; retreating straight; remaining=0.310 m
[INFO] [1787836268.870160761] [six_angels_material_sorting_client]: CONTROL_LOOP_HEALTH samples=400/10841 interval_p95=59.01ms interval_p99=67.53ms execution_p95=2.21ms interval_misses=25 execution_misses=30
[INFO] [1787836269.466777734] [six_angels_material_sorting_client]: progress task=3 stage=return_to_end: task 3 retreating after the post-release push; retreating straight; remaining=0.151 m
[INFO] [1787836271.491812471] [six_angels_material_sorting_client]: progress task=3 stage=return_to_end: task 3 retreating after the post-release push; retreating straight; remaining=0.057 m
[INFO] [1787836273.492558829] [six_angels_material_sorting_client]: progress task=3 stage=return_to_end: task 3 retracting both arms after the post-release push; transport retract; slide_err=0.145, left_err=1.173, right_err=1.172, cmd_err=1.060, max_vel=2.735
[INFO] [1787836273.903581045] [six_angels_material_sorting_client]: CONTROL_LOOP_HEALTH samples=400/10942 interval_p95=58.04ms interval_p99=60.82ms execution_p95=2.23ms interval_misses=25 execution_misses=30
[INFO] [1787836275.503407417] [six_angels_material_sorting_client]: progress task=3 stage=return_to_end: task 3 raising the retracted arms to maximum transport height; slide_target=-0.040, slide_err=0.143, left_err=0.003, right_err=0.003, cmd_err=0.119, slide_vel=0.023, max_vel=0.023
[INFO] [1787836277.551112773] [six_angels_material_sorting_client]: progress task=3 stage=return_to_end: task 3 raising the retracted arms to maximum transport height; slide_target=-0.040, slide_err=0.025, left_err=0.003, right_err=0.003, cmd_err=0.000, slide_vel=0.038, max_vel=0.038
[INFO] [1787836278.950500254] [six_angels_material_sorting_client]: CONTROL_LOOP_HEALTH samples=400/11043 interval_p95=57.12ms interval_p99=60.26ms execution_p95=2.43ms interval_misses=25 execution_misses=30
[INFO] [1787836279.593353387] [six_angels_material_sorting_client]: progress task=3 stage=return_to_end: task 1 returning to the end zone; goal=(-0.78, 0.55, 1.57); nav_status=navigating; NAV_TEL phase=transfer status=navigating segment=nav_end x=-1.286 y=0.550 yaw=3.035 dist=0.506 yaw_err=-1.464 cmd=(0.000,-0.550) clear=0.350 footprint=transit_stowed path=0.502 planned_straight=0.506 detour=0.993
[INFO] [1787836281.593126861] [six_angels_material_sorting_client]: progress task=3 stage=return_to_end: task 1 returning to the end zone; goal=(-0.78, 0.55, 1.57); nav_status=navigating; NAV_TEL phase=transfer status=navigating segment=nav_end x=-1.285 y=0.549 yaw=2.296 dist=0.505 yaw_err=-0.725 cmd=(0.000,-0.550) clear=0.250 footprint=transit_stowed path=0.502 planned_straight=0.506 detour=0.993
[INFO] [1787836283.601607403] [six_angels_material_sorting_client]: progress task=3 stage=return_to_end: task 1 returning to the end zone; goal=(-0.78, 0.55, 1.57); nav_status=navigating; NAV_TEL phase=transfer status=navigating segment=nav_end x=-1.285 y=0.549 yaw=1.567 dist=0.505 yaw_err=0.004 cmd=(0.000,-0.550) clear=0.350 footprint=transit_stowed path=0.502 planned_straight=0.506 detour=0.993
[INFO] [1787836283.993676893] [six_angels_material_sorting_client]: CONTROL_LOOP_HEALTH samples=400/11144 interval_p95=56.00ms interval_p99=60.07ms execution_p95=3.48ms interval_misses=25 execution_misses=30
[INFO] [1787836285.643086820] [six_angels_material_sorting_client]: progress task=3 stage=return_to_end: task 1 returning to the end zone; goal=(-0.78, 0.55, 1.57); nav_status=navigating; NAV_TEL phase=transfer status=navigating segment=nav_end x=-1.285 y=0.548 yaw=0.817 dist=0.505 yaw_err=0.754 cmd=(0.000,-0.550) clear=0.250 footprint=transit_stowed path=0.502 planned_straight=0.506 detour=0.993
[INFO] [1787836287.734734779] [six_angels_material_sorting_client]: progress task=3 stage=return_to_end: task 1 returning to the end zone; goal=(-0.78, 0.55, 1.57); nav_status=navigating; NAV_TEL phase=transfer status=navigating segment=nav_end x=-1.252 y=0.554 yaw=0.141 dist=0.472 yaw_err=1.430 cmd=(0.180,-0.180) clear=0.350 footprint=transit_stowed path=0.502 planned_straight=0.506 detour=0.993
[INFO] [1787836289.043772610] [six_angels_material_sorting_client]: CONTROL_LOOP_HEALTH samples=400/11245 interval_p95=55.62ms interval_p99=57.68ms execution_p95=3.48ms interval_misses=25 execution_misses=30
[INFO] [1787836289.692994701] [six_angels_material_sorting_client]: progress task=3 stage=return_to_end: task 1 returning to the end zone; goal=(-0.78, 0.55, 1.57); nav_status=navigating; NAV_TEL phase=transfer status=navigating segment=nav_end x=-1.030 y=0.568 yaw=0.036 dist=0.251 yaw_err=1.535 cmd=(0.180,-0.009) clear=0.400 footprint=transit_stowed path=0.502 planned_straight=0.506 detour=0.993
[INFO] [1787836291.692930887] [six_angels_material_sorting_client]: progress task=3 stage=return_to_end: task 1 returning to the end zone; goal=(-0.78, 0.55, 1.57); nav_status=final_positioning; NAV_TEL phase=transfer status=final_positioning segment=nav_end x=-0.861 y=0.567 yaw=-0.152 dist=0.083 yaw_err=1.723 cmd=(0.066,-0.102) clear=0.350 footprint=transit_stowed path=0.502 planned_straight=0.506 detour=0.993
[INFO] [1787836293.742767754] [six_angels_material_sorting_client]: progress task=3 stage=return_to_end: task 1 returning to the end zone; goal=(-0.78, 0.55, 1.57); nav_status=final_aligning; NAV_TEL phase=transfer status=final_aligning segment=nav_end x=-0.847 y=0.564 yaw=0.426 dist=0.069 yaw_err=1.145 cmd=(0.000,0.500) clear=0.300 footprint=transit_stowed path=0.502 planned_straight=0.506 detour=0.993
[INFO] [1787836294.102182807] [six_angels_material_sorting_client]: CONTROL_LOOP_HEALTH samples=400/11346 interval_p95=55.31ms interval_p99=56.43ms execution_p95=3.34ms interval_misses=25 execution_misses=30
[INFO] [1787836295.793112940] [six_angels_material_sorting_client]: progress task=3 stage=return_to_end: task 1 returning to the end zone; goal=(-0.78, 0.55, 1.57); nav_status=final_aligning; NAV_TEL phase=transfer status=final_aligning segment=nav_end x=-0.848 y=0.564 yaw=1.158 dist=0.069 yaw_err=0.412 cmd=(0.000,0.500) clear=0.300 footprint=transit_stowed path=0.502 planned_straight=0.506 detour=0.993
[INFO] [1787836296.993140313] [six_angels_material_sorting_client]: controller=finished task=3 attempt=1 stage=- score=160: referee terminal cleanup completed
