server detached run=v2_multiseed_20260911 seed=20260911 log=/home/abc123/rl2_validation/rl2_1_shadow_asyncfix_pairs_20260911_20260912_r1/shadow/v2_multiseed_20260911/server_v2_multiseed_20260911.log
client mode=shadow engine=v2 policy=rl_shadow image=material_sorting:offline-client-rl-shadow-e3f5284; log=/home/abc123/rl2_validation/rl2_1_shadow_asyncfix_pairs_20260911_20260912_r1/shadow/v2_multiseed_20260911/client_v2_multiseed_20260911.log
checking Client module consistency...
/workspace/baseline/examples/material_sorting/shelf/state_tracker.py:127: UserWarning: layout.scene.shelf_opening_yaw missing; fallback DEFAULT_SHELF_OPENING_YAW=0.0
  self.geometry = geometry or load_shelf_geometry()
/workspace/baseline/examples/material_sorting/perception/shelf_empty_confirm.py:90: UserWarning: layout.scene.shelf_opening_yaw missing; fallback DEFAULT_SHELF_OPENING_YAW=0.0
  self.geometry = geometry or load_shelf_geometry()
[INFO] [1787825208.998781935] [six_angels_material_sorting_client]: scheduler RL overlay enabled; policy_mode=rl_shadow
[INFO] [1787825209.013361955] [six_angels_material_sorting_client]: client started; waiting for instruction, odometry and joint states; execution_mode=task123_full; scheduler=v2
[INFO] [1787825209.014035246] [six_angels_material_sorting_client]: scheduler_policy=rl_shadow; event_log=/workspace/artifacts/scheduler_v2_multiseed_20260911.jsonl; measured_carry_guard=False
[INFO] [1787825209.014663177] [six_angels_material_sorting_client]: runtime_health=odom_max_age=0.750s, joint_max_age=0.750s, stale_grace=2.000s, control_period=0.050s
[WARN] [1787825209.015270228] [six_angels_material_sorting_client]: scheduler v2 is active: task plans and command/resource guards are enforced
[INFO] [1787825209.016002139] [six_angels_material_sorting_client]: semantic audit disabled
[WARN] [1787825209.016737720] [six_angels_material_sorting_client]: task123_full enables integrated task-1/task-2 execution and task-3 top-box pick, measured packaging-box left placement, and safe return; task transitions remain referee-driven
[INFO] [1787825209.064740096] [six_angels_material_sorting_client]: waiting for: instructions
[INFO] [1787825209.093306175] [six_angels_material_sorting_client]: instructions accepted: T1=pink->shelf_point, T2=brown->table_point, T3=yellow->shelf_prop_side
/usr/local/lib/python3.10/dist-packages/matplotlib/projections/__init__.py:63: UserWarning: Unable to import Axes3D. This may be due to multiple versions of Matplotlib being installed (e.g. as a system package and as a pip package). As a result, the 3D projection is not available.
  warnings.warn("Unable to import Axes3D. This may be due to multiple versions of "
[INFO] [1787825212.110959671] [material_box_detect]: material_box_detect up; backend=yolo; checkpoint=/workspace/baseline/examples/material_sorting/perception/checkpoints/best.pt; conf=0.65; center_compensation_scale=0.70; detection_log_period=0.0s
[INFO] [1787825214.064916250] [six_angels_material_sorting_client]: client inputs ready; starting three-task competition controller
[INFO] [1787825214.068615545] [six_angels_material_sorting_client]: controller=starting_task task=1 attempt=1 stage=navigate_to_pick score=0: starting task 1 attempt 1
[INFO] [1787825214.069414726] [six_angels_material_sorting_client]: CONTROL_LOOP_HEALTH samples=101/101 interval_p95=50.16ms interval_p99=50.20ms execution_p95=0.48ms interval_misses=0 execution_misses=0
[INFO] [1787825214.115406899] [six_angels_material_sorting_client]: controller=executing_stage task=1 attempt=1 stage=navigate_to_pick score=0: task 1 entering navigate_to_pick
[INFO] [1787825214.213885824] [six_angels_material_sorting_client]: controller=executing_stage task=1 attempt=1 stage=navigate_to_pick score=0: task 1 attempt 1 stage=navigate_to_pick
[INFO] [1787825214.450439318] [six_angels_material_sorting_client]: scheduler candidate action=task1:navigate_to_pick:stand:right source=heuristic reason=rl_shadow_isolated:submitted costmap_v=1
[INFO] [1787825216.261514151] [six_angels_material_sorting_client]: progress task=1 stage=navigate_to_pick: task 1 navigating to pick stand (-0.92, 1.55); nav_status=navigating; NAV_TEL phase=task1_pick status=navigating segment=nav_table x=-0.700 y=0.550 yaw=2.092 dist=1.024 yaw_err=-0.521 cmd=(0.000,0.650) clear=0.300 footprint=transit_stowed path=1.250 planned_straight=1.024 detour=1.221
[INFO] [1787825218.254969563] [six_angels_material_sorting_client]: progress task=1 stage=navigate_to_pick: task 1 navigating to pick stand (-0.92, 1.55); nav_status=navigating; NAV_TEL phase=task1_pick status=navigating segment=nav_table x=-0.774 y=0.607 yaw=2.499 dist=0.955 yaw_err=-0.928 cmd=(0.177,-0.130) clear=0.350 footprint=transit_stowed path=1.250 planned_straight=1.024 detour=1.221
[INFO] [1787825219.209728612] [six_angels_material_sorting_client]: CONTROL_LOOP_HEALTH samples=201/201 interval_p95=55.13ms interval_p99=59.95ms execution_p95=2.88ms interval_misses=2 execution_misses=3
[INFO] [1787825220.260744393] [six_angels_material_sorting_client]: progress task=1 stage=navigate_to_pick: task 1 navigating to pick stand (-0.92, 1.55); nav_status=navigating; NAV_TEL phase=task1_pick status=navigating segment=nav_table x=-0.894 y=0.725 yaw=2.118 dist=0.825 yaw_err=-0.547 cmd=(0.200,-0.554) clear=0.450 footprint=transit_stowed path=1.250 planned_straight=1.024 detour=1.221
[INFO] [1787825222.292325098] [six_angels_material_sorting_client]: progress task=1 stage=navigate_to_pick: task 1 navigating to pick stand (-0.92, 1.55); nav_status=navigating; NAV_TEL phase=task1_pick status=navigating segment=nav_table x=-0.949 y=0.908 yaw=1.658 dist=0.643 yaw_err=-0.087 cmd=(0.200,-0.181) clear=0.700 footprint=transit_stowed path=1.250 planned_straight=1.024 detour=1.221
[INFO] [1787825224.166096596] [six_angels_material_sorting_client]: CONTROL_LOOP_HEALTH samples=302/302 interval_p95=56.67ms interval_p99=60.04ms execution_p95=2.76ms interval_misses=3 execution_misses=3
[INFO] [1787825224.344173820] [six_angels_material_sorting_client]: progress task=1 stage=navigate_to_pick: task 1 navigating to pick stand (-0.92, 1.55); nav_status=navigating; NAV_TEL phase=task1_pick status=navigating segment=nav_table x=-0.952 y=1.116 yaw=1.548 dist=0.435 yaw_err=0.023 cmd=(0.200,-0.022) clear=0.600 footprint=transit_stowed path=1.250 planned_straight=1.024 detour=1.221
[INFO] [1787825226.365353441] [six_angels_material_sorting_client]: progress task=1 stage=navigate_to_pick: task 1 navigating to pick stand (-0.92, 1.55); nav_status=navigating; NAV_TEL phase=task1_pick status=navigating segment=nav_table x=-0.945 y=1.309 yaw=1.534 dist=0.242 yaw_err=0.037 cmd=(0.200,-0.003) clear=0.400 footprint=transit_stowed path=1.250 planned_straight=1.024 detour=1.221
[INFO] [1787825228.415520002] [six_angels_material_sorting_client]: progress task=1 stage=navigate_to_pick: task 1 navigating to pick stand (-0.92, 1.55); nav_status=final_positioning; NAV_TEL phase=task1_pick status=final_positioning segment=nav_table x=-0.939 y=1.442 yaw=1.455 dist=0.109 yaw_err=0.116 cmd=(0.087,-0.111) clear=0.250 footprint=transit_stowed path=1.250 planned_straight=1.024 detour=1.221
[INFO] [1787825229.215299418] [six_angels_material_sorting_client]: CONTROL_LOOP_HEALTH samples=400/403 interval_p95=55.86ms interval_p99=60.04ms execution_p95=2.60ms interval_misses=3 execution_misses=3
[INFO] [1787825230.415206353] [six_angels_material_sorting_client]: progress task=1 stage=navigate_to_pick: task 1 navigating to pick stand (-0.92, 1.55); nav_status=final_aligning; NAV_TEL phase=task1_pick status=final_aligning segment=nav_table x=-0.933 y=1.483 yaw=1.519 dist=0.069 yaw_err=0.052 cmd=(0.000,0.105) clear=0.200 footprint=transit_stowed path=1.250 planned_straight=1.024 detour=1.221
[INFO] [1787825230.515743081] [six_angels_material_sorting_client]: controller=executing_stage task=1 attempt=1 stage=acquire_target score=0: task 1 entering acquire_target: task 1 reached the detected table-side pick stand; stopping before arm motion; NAV_GOAL_REACHED segment=nav_table
[INFO] [1787825230.564824838] [six_angels_material_sorting_client]: controller=executing_stage task=1 attempt=1 stage=acquire_target score=0: task 1 attempt 1 stage=acquire_target
[INFO] [1787825230.614593366] [six_angels_material_sorting_client]: controller=executing_stage task=1 attempt=1 stage=align_for_pick score=0: task 1 entering align_for_pick: task 1 target locked for open pregrasp at (-0.999, 2.199, 0.834); orientation=yaw0; source=rgbd_cuboid
[INFO] [1787825230.664717535] [six_angels_material_sorting_client]: controller=executing_stage task=1 attempt=1 stage=align_for_pick score=0: task 1 attempt 1 stage=align_for_pick
[INFO] [1787825232.665455758] [six_angels_material_sorting_client]: progress task=1 stage=align_for_pick: task 1 moving both open arms to pregrasp; target_base=(0.714, 0.094, 0.834); arm_tol=0.030, slide_err=0.007, left_err=0.002, right_err=0.007, cmd_err=0.000, max_vel=0.154
[INFO] [1787825233.415795547] [six_angels_material_sorting_client]: controller=executing_stage task=1 attempt=1 stage=grasp score=0: task 1 entering grasp: task 1 both open arms reached the non-contact pregrasp pose
[INFO] [1787825233.465018764] [six_angels_material_sorting_client]: controller=executing_stage task=1 attempt=1 stage=grasp score=0: task 1 attempt 1 stage=grasp
[INFO] [1787825234.215566633] [six_angels_material_sorting_client]: CONTROL_LOOP_HEALTH samples=400/503 interval_p95=55.86ms interval_p99=60.04ms execution_p95=2.69ms interval_misses=3 execution_misses=3
[INFO] [1787825235.465526286] [six_angels_material_sorting_client]: progress task=1 stage=grasp: task 1 settling at the compliant contact start pose; compliance=active; left[contact=False, aligned=False, angle=0.7deg, effort_delta=1.89, effort_threshold=0.35, firm=True, firm_latched=False, velocity=0.000]; right[contact=False, aligned=False, angle=0.9deg, effort_delta=1.87, effort_threshold=0.35, firm=True, firm_latched=False, velocity=0.000]; target_base=(0.714, 0.091, 0.834); arm_tol=0.240, slide_err=0.007, left_err=0.016, right_err=0.016, cmd_err=0.000, max_vel=0.002; compliance=active; left[contact=False, aligned=False, angle=0.7deg, effort_delta=1.89, effort_threshold=0.35, firm=True, firm_latched=False, velocity=0.000]; right[contact=False, aligned=False, angle=0.9deg, effort_delta=1.87, effort_threshold=0.35, firm=True, firm_latched=False, velocity=0.000]
[INFO] [1787825237.469202433] [six_angels_material_sorting_client]: progress task=1 stage=grasp: task 1 continuously advancing the compliant contact search; speed=0.5 mm/s, offset=1.2/16.0 mm, surface_clearance=8.8 mm; compliance=active; left[contact=True, aligned=False, angle=1.0deg, effort_delta=0.01, effort_threshold=0.35, firm=False, firm_latched=False, velocity=0.002]; right[contact=True, aligned=True, angle=3.0deg, effort_delta=0.23, effort_threshold=0.35, firm=False, firm_latched=False, velocity=0.001]
[INFO] [1787825239.218419811] [six_angels_material_sorting_client]: CONTROL_LOOP_HEALTH samples=400/603 interval_p95=54.82ms interval_p99=59.56ms execution_p95=4.95ms interval_misses=3 execution_misses=3
[INFO] [1787825239.517961452] [six_angels_material_sorting_client]: progress task=1 stage=grasp: task 1 continuously advancing the compliant contact search; speed=0.5 mm/s, offset=2.2/16.0 mm, surface_clearance=7.8 mm; compliance=active; left[contact=True, aligned=False, angle=1.0deg, effort_delta=0.01, effort_threshold=0.35, firm=False, firm_latched=False, velocity=0.001]; right[contact=True, aligned=True, angle=3.0deg, effort_delta=0.22, effort_threshold=0.35, firm=False, firm_latched=False, velocity=0.000]
[INFO] [1787825241.567927983] [six_angels_material_sorting_client]: progress task=1 stage=grasp: task 1 continuously advancing the compliant contact search; speed=0.5 mm/s, offset=3.2/16.0 mm, surface_clearance=6.8 mm; compliance=active; left[contact=True, aligned=False, angle=1.0deg, effort_delta=0.02, effort_threshold=0.35, firm=False, firm_latched=False, velocity=0.000]; right[contact=True, aligned=True, angle=3.0deg, effort_delta=0.22, effort_threshold=0.35, firm=False, firm_latched=False, velocity=0.000]
[INFO] [1787825243.568774186] [six_angels_material_sorting_client]: progress task=1 stage=grasp: task 1 continuously advancing the compliant contact search; speed=0.5 mm/s, offset=4.2/16.0 mm, surface_clearance=5.8 mm; compliance=active; left[contact=True, aligned=False, angle=1.0deg, effort_delta=0.02, effort_threshold=0.35, firm=False, firm_latched=False, velocity=0.000]; right[contact=True, aligned=True, angle=3.0deg, effort_delta=0.22, effort_threshold=0.35, firm=False, firm_latched=False, velocity=0.000]
[INFO] [1787825244.218489886] [six_angels_material_sorting_client]: CONTROL_LOOP_HEALTH samples=400/703 interval_p95=50.23ms interval_p99=54.28ms execution_p95=5.08ms interval_misses=3 execution_misses=3
[INFO] [1787825245.617399264] [six_angels_material_sorting_client]: progress task=1 stage=grasp: task 1 continuously advancing the compliant contact search; speed=0.5 mm/s, offset=5.2/16.0 mm, surface_clearance=4.8 mm; compliance=active; left[contact=True, aligned=False, angle=0.9deg, effort_delta=0.02, effort_threshold=0.35, firm=False, firm_latched=False, velocity=0.001]; right[contact=True, aligned=True, angle=3.0deg, effort_delta=0.22, effort_threshold=0.35, firm=False, firm_latched=False, velocity=0.000]
[INFO] [1787825247.617531017] [six_angels_material_sorting_client]: progress task=1 stage=grasp: task 1 continuously advancing the compliant contact search; speed=0.5 mm/s, offset=6.2/16.0 mm, surface_clearance=3.8 mm; compliance=active; left[contact=True, aligned=False, angle=0.9deg, effort_delta=0.02, effort_threshold=0.35, firm=False, firm_latched=False, velocity=0.000]; right[contact=True, aligned=True, angle=3.0deg, effort_delta=0.21, effort_threshold=0.35, firm=False, firm_latched=False, velocity=0.000]
[INFO] [1787825249.267712249] [six_angels_material_sorting_client]: CONTROL_LOOP_HEALTH samples=400/804 interval_p95=50.21ms interval_p99=50.65ms execution_p95=5.09ms interval_misses=3 execution_misses=3
[INFO] [1787825249.667455717] [six_angels_material_sorting_client]: progress task=1 stage=grasp: task 1 continuously advancing the compliant contact search; speed=0.5 mm/s, offset=7.3/16.0 mm, surface_clearance=2.7 mm; compliance=active; left[contact=True, aligned=False, angle=0.9deg, effort_delta=0.02, effort_threshold=0.35, firm=False, firm_latched=False, velocity=0.000]; right[contact=True, aligned=True, angle=3.0deg, effort_delta=0.21, effort_threshold=0.35, firm=False, firm_latched=False, velocity=0.000]
[INFO] [1787825251.717488968] [six_angels_material_sorting_client]: progress task=1 stage=grasp: task 1 continuously advancing the compliant contact search; speed=0.5 mm/s, offset=8.3/16.0 mm, surface_clearance=1.7 mm; compliance=active; left[contact=True, aligned=False, angle=0.9deg, effort_delta=0.02, effort_threshold=0.35, firm=False, firm_latched=False, velocity=0.000]; right[contact=True, aligned=True, angle=3.0deg, effort_delta=0.21, effort_threshold=0.35, firm=False, firm_latched=False, velocity=0.000]
[INFO] [1787825253.768335709] [six_angels_material_sorting_client]: progress task=1 stage=grasp: task 1 continuously advancing the compliant contact search; speed=0.5 mm/s, offset=9.3/16.0 mm, surface_clearance=0.7 mm; compliance=active; left[contact=True, aligned=False, angle=0.8deg, effort_delta=0.02, effort_threshold=0.35, firm=False, firm_latched=False, velocity=0.001]; right[contact=True, aligned=True, angle=3.0deg, effort_delta=0.23, effort_threshold=0.35, firm=False, firm_latched=False, velocity=0.000]
[INFO] [1787825254.269137676] [six_angels_material_sorting_client]: CONTROL_LOOP_HEALTH samples=400/904 interval_p95=50.21ms interval_p99=50.65ms execution_p95=5.11ms interval_misses=3 execution_misses=3
[INFO] [1787825255.817315969] [six_angels_material_sorting_client]: progress task=1 stage=grasp: task 1 continuously advancing the compliant contact search; speed=0.5 mm/s, offset=10.3/16.0 mm, surface_clearance=0.0 mm; compliance=active; left[contact=True, aligned=False, angle=0.8deg, effort_delta=0.01, effort_threshold=0.35, firm=False, firm_latched=False, velocity=0.001]; right[contact=True, aligned=True, angle=3.0deg, effort_delta=0.26, effort_threshold=0.35, firm=False, firm_latched=False, velocity=0.000]
[INFO] [1787825257.817506591] [six_angels_material_sorting_client]: progress task=1 stage=grasp: task 1 continuously advancing the compliant contact search; speed=0.5 mm/s, offset=11.3/16.0 mm, surface_clearance=0.0 mm; compliance=active; left[contact=True, aligned=False, angle=0.8deg, effort_delta=0.01, effort_threshold=0.35, firm=False, firm_latched=False, velocity=0.000]; right[contact=True, aligned=True, angle=3.0deg, effort_delta=0.28, effort_threshold=0.35, firm=False, firm_latched=False, velocity=0.000]
[INFO] [1787825259.317876108] [six_angels_material_sorting_client]: CONTROL_LOOP_HEALTH samples=400/1005 interval_p95=50.20ms interval_p99=50.65ms execution_p95=4.95ms interval_misses=3 execution_misses=3
[INFO] [1787825259.867423532] [six_angels_material_sorting_client]: progress task=1 stage=grasp: task 1 continuously advancing the compliant contact search; speed=0.5 mm/s, offset=12.4/16.0 mm, surface_clearance=0.0 mm; compliance=active; left[contact=True, aligned=False, angle=0.8deg, effort_delta=0.01, effort_threshold=0.35, firm=False, firm_latched=False, velocity=0.000]; right[contact=True, aligned=True, angle=3.0deg, effort_delta=0.31, effort_threshold=0.35, firm=False, firm_latched=False, velocity=0.000]
[INFO] [1787825261.870626558] [six_angels_material_sorting_client]: progress task=1 stage=grasp: task 1 continuously advancing the compliant contact search; speed=0.5 mm/s, offset=13.4/16.0 mm, surface_clearance=0.0 mm; compliance=active; left[contact=True, aligned=False, angle=0.7deg, effort_delta=0.01, effort_threshold=0.35, firm=False, firm_latched=False, velocity=0.000]; right[contact=True, aligned=True, angle=3.0deg, effort_delta=0.33, effort_threshold=0.35, firm=False, firm_latched=False, velocity=0.000]
[INFO] [1787825263.917099254] [six_angels_material_sorting_client]: progress task=1 stage=grasp: task 1 continuously advancing the compliant contact search; speed=0.5 mm/s, offset=14.4/16.0 mm, surface_clearance=0.0 mm; compliance=active; left[contact=True, aligned=False, angle=0.7deg, effort_delta=0.01, effort_threshold=0.35, firm=False, firm_latched=False, velocity=0.001]; right[contact=True, aligned=True, angle=3.0deg, effort_delta=0.34, effort_threshold=0.35, firm=False, firm_latched=False, velocity=0.000]
[INFO] [1787825264.367633202] [six_angels_material_sorting_client]: CONTROL_LOOP_HEALTH samples=400/1106 interval_p95=50.20ms interval_p99=50.71ms execution_p95=5.81ms interval_misses=3 execution_misses=3
[INFO] [1787825265.919122229] [six_angels_material_sorting_client]: progress task=1 stage=grasp: task 1 continuously advancing the compliant contact search; speed=0.5 mm/s, offset=15.4/16.0 mm, surface_clearance=0.0 mm; compliance=active; left[contact=True, aligned=False, angle=0.7deg, effort_delta=0.01, effort_threshold=0.35, firm=False, firm_latched=False, velocity=0.000]; right[contact=True, aligned=True, angle=3.0deg, effort_delta=0.36, effort_threshold=0.35, firm=False, firm_latched=False, velocity=0.000]
[INFO] [1787825267.965325655] [six_angels_material_sorting_client]: progress task=1 stage=grasp: task 1 holding maximum soft contact while waiting for bilateral wrist alignment (0.1/2.0s); compliance=active; left[contact=True, aligned=False, angle=0.7deg, effort_delta=0.02, effort_threshold=0.35, firm=False, firm_latched=False, velocity=0.000]; right[contact=True, aligned=True, angle=3.0deg, effort_delta=0.37, effort_threshold=0.35, firm=False, firm_latched=False, velocity=0.000]
[INFO] [1787825269.415391353] [six_angels_material_sorting_client]: CONTROL_LOOP_HEALTH samples=400/1207 interval_p95=50.20ms interval_p99=50.71ms execution_p95=5.81ms interval_misses=3 execution_misses=3
[INFO] [1787825270.018112850] [six_angels_material_sorting_client]: progress task=1 stage=grasp: task 1 continuously advancing the compliant contact search; speed=0.5 mm/s, offset=15.1/16.0 mm, surface_clearance=0.0 mm; compliance=active; left[contact=False, aligned=False, angle=0.7deg, effort_delta=0.02, effort_threshold=0.35, firm=False, firm_latched=False, velocity=0.000]; right[contact=True, aligned=True, angle=3.0deg, effort_delta=0.36, effort_threshold=0.35, firm=False, firm_latched=False, velocity=0.000]
[INFO] [1787825272.015817009] [six_angels_material_sorting_client]: progress task=1 stage=grasp: task 1 moving inward with compliant wrist monitoring; offset=16.0 mm; compliance=active; left[contact=False, aligned=False, angle=1.0deg, effort_delta=2.79, effort_threshold=0.35, firm=True, firm_latched=False, velocity=0.001]; right[contact=True, aligned=True, angle=3.3deg, effort_delta=2.19, effort_threshold=0.35, firm=True, firm_latched=False, velocity=0.000]; target_base=(0.714, 0.091, 0.834); arm_tol=0.240, slide_err=0.006, left_err=0.104, right_err=0.022, cmd_err=0.000, max_vel=0.011; compliance=active; left[contact=False, aligned=False, angle=1.0deg, effort_delta=2.79, effort_threshold=0.35, firm=True, firm_latched=False, velocity=0.001]; right[contact=True, aligned=True, angle=3.3deg, effort_delta=2.19, effort_threshold=0.35, firm=True, firm_latched=False, velocity=0.000]
[INFO] [1787825274.067417232] [six_angels_material_sorting_client]: progress task=1 stage=grasp: task 1 continuously applying locked-wrist preload; offset=16.7/18.0 mm; compliance=active; left[contact=True, aligned=True, angle=0.5deg, effort_delta=0.31, effort_threshold=0.35, firm=False, firm_latched=True, velocity=0.000]; right[contact=True, aligned=True, angle=3.1deg, effort_delta=0.78, effort_threshold=0.35, firm=False, firm_latched=False, velocity=0.000]
[INFO] [1787825274.417600162] [six_angels_material_sorting_client]: CONTROL_LOOP_HEALTH samples=400/1307 interval_p95=50.19ms interval_p99=50.41ms execution_p95=5.81ms interval_misses=3 execution_misses=3
[INFO] [1787825276.115231760] [six_angels_material_sorting_client]: progress task=1 stage=grasp: task 1 holding aligned wrists while the bounded preload settles; compliance=active; left[contact=True, aligned=True, angle=0.4deg, effort_delta=0.24, effort_threshold=0.35, firm=False, firm_latched=True, velocity=0.000]; right[contact=True, aligned=True, angle=3.1deg, effort_delta=0.72, effort_threshold=0.35, firm=False, firm_latched=False, velocity=0.000]; target_base=(0.714, 0.091, 0.834); arm_tol=0.240, slide_err=0.006, left_err=0.121, right_err=0.022, cmd_err=0.000, max_vel=0.001; compliance=active; left[contact=True, aligned=True, angle=0.4deg, effort_delta=0.24, effort_threshold=0.35, firm=False, firm_latched=True, velocity=0.000]; right[contact=True, aligned=True, angle=3.1deg, effort_delta=0.72, effort_threshold=0.35, firm=False, firm_latched=False, velocity=0.000]
[INFO] [1787825276.266631398] [six_angels_material_sorting_client]: controller=executing_stage task=1 attempt=1 stage=lift score=0: task 1 entering lift: task 1 bilateral compliant grasp settled with locked wrists and 18.0 mm bounded preload; compliance=active; left[contact=True, aligned=True, angle=0.4deg, effort_delta=0.24, effort_threshold=0.35, firm=False, firm_latched=True, velocity=0.000]; right[contact=True, aligned=True, angle=3.1deg, effort_delta=0.72, effort_threshold=0.35, firm=False, firm_latched=False, velocity=0.000]
[INFO] [1787825276.315311564] [six_angels_material_sorting_client]: controller=executing_stage task=1 attempt=1 stage=lift score=0: task 1 attempt 1 stage=lift
[INFO] [1787825278.315036926] [six_angels_material_sorting_client]: progress task=1 stage=lift: task 1 raising the spine while preserving arm preload; lift=0.150m, slide_target=0.318, slide_err=0.060, left_err=0.120, right_err=0.022, cmd_err=0.030, max_vel=0.101
[INFO] [1787825279.465151934] [six_angels_material_sorting_client]: CONTROL_LOOP_HEALTH samples=400/1408 interval_p95=50.16ms interval_p99=50.45ms execution_p95=5.81ms interval_misses=3 execution_misses=3
[INFO] [1787825280.315101379] [six_angels_material_sorting_client]: progress task=1 stage=lift: task 1 raising the spine while preserving arm preload; lift=0.150m, slide_target=0.318, slide_err=0.010, left_err=0.119, right_err=0.022, cmd_err=0.000, max_vel=0.008
[INFO] [1787825280.565812813] [six_angels_material_sorting_client]: controller=executing_stage task=1 attempt=1 stage=transport score=0: task 1 entering transport: task 1 lifted the held box 0.150 m; holding before transport
[INFO] [1787825280.618770225] [six_angels_material_sorting_client]: controller=executing_stage task=1 attempt=1 stage=transport score=0: task 1 attempt 1 stage=transport
[INFO] [1787825280.716396439] [six_angels_material_sorting_client]: scheduler candidate action=task1:transport:stand:right source=heuristic reason=rl_shadow_isolated:submitted costmap_v=46
[INFO] [1787825281.006529837] [material_box_detect]: started task-stage shelf empty confirmation
[INFO] [1787825282.664517281] [six_angels_material_sorting_client]: progress task=1 stage=transport: task 1 holding lifted box and retreating straight; remaining=0.604 m
[INFO] [1787825284.465094070] [six_angels_material_sorting_client]: CONTROL_LOOP_HEALTH samples=400/1508 interval_p95=50.21ms interval_p99=50.68ms execution_p95=4.84ms interval_misses=3 execution_misses=3
[INFO] [1787825284.664835384] [six_angels_material_sorting_client]: progress task=1 stage=transport: task 1 holding lifted box and retreating straight; remaining=0.489 m
[INFO] [1787825286.667238989] [six_angels_material_sorting_client]: progress task=1 stage=transport: task 1 holding lifted box and retreating straight; remaining=0.372 m
[INFO] [1787825288.714619117] [six_angels_material_sorting_client]: progress task=1 stage=transport: task 1 holding lifted box and retreating straight; remaining=0.256 m
[INFO] [1787825289.467045389] [six_angels_material_sorting_client]: CONTROL_LOOP_HEALTH samples=400/1608 interval_p95=50.21ms interval_p99=50.87ms execution_p95=4.16ms interval_misses=3 execution_misses=3
[INFO] [1787825290.715300431] [six_angels_material_sorting_client]: progress task=1 stage=transport: task 1 holding lifted box and retreating straight; remaining=0.134 m
[INFO] [1787825292.715737504] [six_angels_material_sorting_client]: progress task=1 stage=transport: task 1 holding lifted box and retreating straight; remaining=0.064 m
[INFO] [1787825294.468077297] [six_angels_material_sorting_client]: CONTROL_LOOP_HEALTH samples=400/1708 interval_p95=50.21ms interval_p99=51.23ms execution_p95=3.66ms interval_misses=3 execution_misses=3
[INFO] [1787825294.767176367] [six_angels_material_sorting_client]: progress task=1 stage=transport: task 1 holding lifted box and retreating straight; remaining=0.022 m
[INFO] [1787825296.766088568] [six_angels_material_sorting_client]: progress task=1 stage=transport: task 1 moving directly to the safe shelf pre-place stand; goal=(-1.00, 0.95, 3.14); nav_status=final_positioning; NAV_TEL phase=transfer status=final_positioning segment=nav_shelf x=-0.965 y=0.855 yaw=1.837 dist=0.100 yaw_err=1.305 cmd=(0.080,0.196) clear=0.600 footprint=transit_carry path=0.158 planned_straight=0.157 detour=1.005; shelf_frames=7; shelf_state=collecting
[INFO] [1787825297.366355661] [six_angels_material_sorting_client]: scheduler candidate action=task1:transport:stand:center source=heuristic reason=rl_shadow_isolated:submitted costmap_v=105
[INFO] [1787825298.517033539] [six_angels_material_sorting_client]: scheduler candidate action=task1:transport:stand:right source=heuristic reason=rl_shadow_isolated:submitted costmap_v=106
[INFO] [1787825298.766434881] [six_angels_material_sorting_client]: progress task=1 stage=transport: task 1 moving directly to the safe shelf pre-place stand; goal=(-1.00, 0.95, 3.14); nav_status=final_aligning; NAV_TEL phase=transfer status=final_aligning segment=nav_shelf x=-0.984 y=0.908 yaw=2.011 dist=0.044 yaw_err=1.131 cmd=(0.000,0.500) clear=0.600 footprint=transit_carry path=0.158 planned_straight=0.157 detour=1.005; shelf_frames=7; shelf_state=collecting
[INFO] [1787825299.466522201] [six_angels_material_sorting_client]: CONTROL_LOOP_HEALTH samples=400/1808 interval_p95=50.22ms interval_p99=51.23ms execution_p95=2.91ms interval_misses=3 execution_misses=3
[INFO] [1787825300.817452764] [six_angels_material_sorting_client]: progress task=1 stage=transport: task 1 moving directly to the safe shelf pre-place stand; goal=(-1.00, 0.95, 3.14); nav_status=final_aligning; NAV_TEL phase=transfer status=final_aligning segment=nav_shelf x=-0.984 y=0.909 yaw=2.530 dist=0.044 yaw_err=0.612 cmd=(0.000,0.500) clear=0.600 footprint=transit_carry path=0.158 planned_straight=0.157 detour=1.005; shelf_frames=7; shelf_state=collecting
[INFO] [1787825302.866290844] [six_angels_material_sorting_client]: progress task=1 stage=transport: task 1 moving directly to the safe shelf pre-place stand; goal=(-1.00, 0.95, 3.14); nav_status=final_aligning; NAV_TEL phase=transfer status=final_aligning segment=nav_shelf x=-0.983 y=0.908 yaw=3.046 dist=0.044 yaw_err=0.096 cmd=(0.000,0.191) clear=0.650 footprint=transit_carry path=0.158 planned_straight=0.157 detour=1.005; shelf_frames=7; shelf_state=collecting
[INFO] [1787825303.167594027] [six_angels_material_sorting_client]: controller=executing_stage task=1 attempt=1 stage=align_for_place score=30: task 1 entering align_for_place: task 1 reached the target-aligned safe shelf pre-place stand by direct A* with the carried center still 0.75 m in front of the shelf
[INFO] [1787825303.216043143] [six_angels_material_sorting_client]: controller=executing_stage task=1 attempt=1 stage=align_for_place score=30: task 1 attempt 1 stage=align_for_place
[INFO] [1787825304.517017688] [six_angels_material_sorting_client]: CONTROL_LOOP_HEALTH samples=400/1909 interval_p95=50.22ms interval_p99=51.02ms execution_p95=3.33ms interval_misses=3 execution_misses=3
[INFO] [1787825305.265828284] [six_angels_material_sorting_client]: progress task=1 stage=align_for_place: task 1 scanning shelf semantics for task-2 colour 'brown'; head_pitch=0.00, frames=7, colored=locked:brown@L2(3), packaging=none(0/3), empty=none(0/3), occupancy=none(0/3)
[INFO] [1787825307.315006155] [six_angels_material_sorting_client]: progress task=1 stage=align_for_place: task 1 moving held box to shelf clearance height; slide_target=0.081, slide_err=0.212, left_err=0.112, right_err=0.024, cmd_err=0.183, slide_vel=0.073, max_vel=0.087
[INFO] [1787825309.315763589] [six_angels_material_sorting_client]: progress task=1 stage=align_for_place: task 1 moving held box to shelf clearance height; slide_target=0.081, slide_err=0.092, left_err=0.111, right_err=0.025, cmd_err=0.063, slide_vel=0.040, max_vel=0.040
[INFO] [1787825309.566494192] [six_angels_material_sorting_client]: CONTROL_LOOP_HEALTH samples=400/2010 interval_p95=50.21ms interval_p99=51.02ms execution_p95=3.29ms interval_misses=3 execution_misses=3
[INFO] [1787825311.365323389] [six_angels_material_sorting_client]: progress task=1 stage=align_for_place: task 1 moving held box to shelf clearance height; slide_target=0.081, slide_err=0.012, left_err=0.111, right_err=0.025, cmd_err=0.000, slide_vel=0.013, max_vel=0.013
[INFO] [1787825313.365256902] [six_angels_material_sorting_client]: progress task=1 stage=align_for_place: task 1 aligning laterally outside the shelf; lateral alignment rotating toward shelf-front direction; yaw_err=1.422
[INFO] [1787825314.615705817] [six_angels_material_sorting_client]: CONTROL_LOOP_HEALTH samples=400/2111 interval_p95=50.17ms interval_p99=50.96ms execution_p95=3.29ms interval_misses=3 execution_misses=3
[INFO] [1787825315.415305154] [six_angels_material_sorting_client]: progress task=1 stage=align_for_place: task 1 aligning laterally outside the shelf; lateral alignment rotating toward shelf-front direction; yaw_err=1.027
[INFO] [1787825317.415175927] [six_angels_material_sorting_client]: progress task=1 stage=align_for_place: task 1 aligning laterally outside the shelf; lateral alignment rotating toward shelf-front direction; yaw_err=0.660
[INFO] [1787825319.465245068] [six_angels_material_sorting_client]: progress task=1 stage=align_for_place: task 1 aligning laterally outside the shelf; lateral alignment rotating toward shelf-front direction; yaw_err=0.262
[INFO] [1787825319.615602814] [six_angels_material_sorting_client]: CONTROL_LOOP_HEALTH samples=400/2211 interval_p95=50.19ms interval_p99=50.96ms execution_p95=2.92ms interval_misses=3 execution_misses=3
[INFO] [1787825321.465598852] [six_angels_material_sorting_client]: progress task=1 stage=align_for_place: task 1 aligning laterally outside the shelf; lateral alignment driving along shelf front; y_err=-0.034, x_err=-0.018
[INFO] [1787825323.465648465] [six_angels_material_sorting_client]: progress task=1 stage=align_for_place: task 1 aligning laterally outside the shelf; lateral alignment restoring shelf-facing yaw; yaw_err=-1.379
[INFO] [1787825324.616318483] [six_angels_material_sorting_client]: CONTROL_LOOP_HEALTH samples=400/2311 interval_p95=50.20ms interval_p99=50.92ms execution_p95=2.00ms interval_misses=3 execution_misses=3
[INFO] [1787825325.515658666] [six_angels_material_sorting_client]: progress task=1 stage=align_for_place: task 1 aligning laterally outside the shelf; lateral alignment restoring shelf-facing yaw; yaw_err=-0.993
[INFO] [1787825327.515575159] [six_angels_material_sorting_client]: progress task=1 stage=align_for_place: task 1 aligning laterally outside the shelf; lateral alignment restoring shelf-facing yaw; yaw_err=-0.611
[INFO] [1787825329.565216681] [six_angels_material_sorting_client]: progress task=1 stage=align_for_place: task 1 aligning laterally outside the shelf; lateral alignment restoring shelf-facing yaw; yaw_err=-0.214
[INFO] [1787825329.664764547] [six_angels_material_sorting_client]: CONTROL_LOOP_HEALTH samples=400/2412 interval_p95=50.20ms interval_p99=50.53ms execution_p95=1.91ms interval_misses=3 execution_misses=3
[INFO] [1787825331.614782172] [six_angels_material_sorting_client]: progress task=1 stage=align_for_place: task 1 entering the recognized empty shelf layer; advancing straight; remaining=0.906 m
[INFO] [1787825333.615028725] [six_angels_material_sorting_client]: progress task=1 stage=align_for_place: task 1 entering the recognized empty shelf layer; advancing straight; remaining=0.810 m
[INFO] [1787825334.665634456] [six_angels_material_sorting_client]: CONTROL_LOOP_HEALTH samples=400/2512 interval_p95=50.21ms interval_p99=50.47ms execution_p95=1.82ms interval_misses=3 execution_misses=3
[INFO] [1787825335.665205697] [six_angels_material_sorting_client]: progress task=1 stage=align_for_place: task 1 entering the recognized empty shelf layer; advancing straight; remaining=0.706 m
[INFO] [1787825337.665255480] [six_angels_material_sorting_client]: progress task=1 stage=align_for_place: task 1 entering the recognized empty shelf layer; advancing straight; remaining=0.602 m
[INFO] [1787825339.715216962] [six_angels_material_sorting_client]: progress task=1 stage=align_for_place: task 1 entering the recognized empty shelf layer; advancing straight; remaining=0.501 m
[INFO] [1787825339.716578614] [six_angels_material_sorting_client]: CONTROL_LOOP_HEALTH samples=400/2613 interval_p95=50.20ms interval_p99=50.35ms execution_p95=1.79ms interval_misses=3 execution_misses=3
[INFO] [1787825341.715053545] [six_angels_material_sorting_client]: progress task=1 stage=align_for_place: task 1 entering the recognized empty shelf layer; advancing straight; remaining=0.397 m
[INFO] [1787825343.715404619] [six_angels_material_sorting_client]: progress task=1 stage=align_for_place: task 1 entering the recognized empty shelf layer; advancing straight; remaining=0.294 m
[INFO] [1787825344.765765580] [six_angels_material_sorting_client]: CONTROL_LOOP_HEALTH samples=400/2714 interval_p95=50.20ms interval_p99=50.55ms execution_p95=1.73ms interval_misses=3 execution_misses=3
[INFO] [1787825345.764963890] [six_angels_material_sorting_client]: progress task=1 stage=align_for_place: task 1 entering the recognized empty shelf layer; advancing straight; remaining=0.196 m
[INFO] [1787825347.815490413] [six_angels_material_sorting_client]: progress task=1 stage=align_for_place: task 1 entering the recognized empty shelf layer; advancing straight; remaining=0.102 m
[INFO] [1787825349.816374647] [six_angels_material_sorting_client]: CONTROL_LOOP_HEALTH samples=400/2815 interval_p95=50.21ms interval_p99=50.49ms execution_p95=1.76ms interval_misses=3 execution_misses=3
[INFO] [1787825349.864786174] [six_angels_material_sorting_client]: progress task=1 stage=align_for_place: task 1 entering the recognized empty shelf layer; advancing straight; remaining=0.052 m
[INFO] [1787825351.864991907] [six_angels_material_sorting_client]: progress task=1 stage=align_for_place: task 1 entering the recognized empty shelf layer; advancing straight; remaining=0.017 m
[INFO] [1787825352.015439634] [six_angels_material_sorting_client]: controller=executing_stage task=1 attempt=1 stage=place score=30: task 1 entering place: task 1 entered only the recognized empty shelf layer L3; confidence=0.58
[INFO] [1787825352.065131272] [six_angels_material_sorting_client]: controller=executing_stage task=1 attempt=1 stage=place score=30: task 1 attempt 1 stage=place
[INFO] [1787825352.470497148] [material_box_detect]: stopped task-stage shelf empty confirmation
[INFO] [1787825354.115057284] [six_angels_material_sorting_client]: progress task=1 stage=place: task 1 lowering box compliantly onto shelf board; slide_target=0.124, slide_err=0.001, left_err=0.103, right_err=0.033, cmd_err=0.000, slide_vel=0.015, max_vel=0.015; compliant_place_phase=fast_approach, remaining_mm=12.0, step_mm=2.0, completion=None; placement_effort=active, slide_ratio=0.00, left_wrist_ratio=0.00, right_wrist_ratio=0.00, left_arm_max=0.00, right_arm_max=0.00, candidate=False, confirmed=False
[INFO] [1787825354.865284073] [six_angels_material_sorting_client]: CONTROL_LOOP_HEALTH samples=400/2916 interval_p95=50.20ms interval_p99=50.51ms execution_p95=1.90ms interval_misses=3 execution_misses=3
[INFO] [1787825356.165302566] [six_angels_material_sorting_client]: progress task=1 stage=place: task 1 lowering box compliantly onto shelf board; slide_target=0.128, slide_err=0.003, left_err=0.103, right_err=0.033, cmd_err=0.000, slide_vel=0.006, max_vel=0.006; compliant_place_phase=fine_descent, remaining_mm=8.0, step_mm=2.0, completion=None; placement_effort=active, slide_ratio=228.60, left_wrist_ratio=0.00, right_wrist_ratio=0.00, left_arm_max=0.07, right_arm_max=0.07, candidate=False, confirmed=False
[INFO] [1787825358.215425318] [six_angels_material_sorting_client]: progress task=1 stage=place: task 1 lowering box compliantly onto shelf board; slide_target=0.132, slide_err=0.005, left_err=0.102, right_err=0.033, cmd_err=0.000, slide_vel=0.003, max_vel=0.003; placement_effort=active, slide_ratio=240.03, left_wrist_ratio=0.01, right_wrist_ratio=0.00, left_arm_max=0.08, right_arm_max=0.09, candidate=False, confirmed=False
[INFO] [1787825359.865829322] [six_angels_material_sorting_client]: CONTROL_LOOP_HEALTH samples=400/3016 interval_p95=50.20ms interval_p99=50.55ms execution_p95=1.96ms interval_misses=3 execution_misses=3
[INFO] [1787825360.215147061] [six_angels_material_sorting_client]: progress task=1 stage=place: task 1 holding the placed box on the shelf before unloading bilateral preload (0.35/0.40s)
[INFO] [1787825361.865503035] [six_angels_material_sorting_client]: controller=executing_stage task=1 attempt=1 stage=verify_place score=30: task 1 entering verify_place: task 1 gently unloaded preload and opened both arms on the empty shelf layer
[INFO] [1787825361.914796013] [six_angels_material_sorting_client]: controller=executing_stage task=1 attempt=1 stage=verify_place score=30: task 1 attempt 1 stage=verify_place
[INFO] [1787825362.915234895] [six_angels_material_sorting_client]: controller=executing_stage task=1 attempt=1 stage=return_to_end score=30: task 1 entering return_to_end: task 1 shelf placement settled; handing result to referee
[INFO] [1787825363.048931239] [six_angels_material_sorting_client]: controller=executing_stage task=1 attempt=1 stage=return_to_end score=30: task 1 attempt 1 stage=return_to_end
[INFO] [1787825363.053960696] [six_angels_material_sorting_client]: scheduler candidate action=task1:return_to_end:stand:left source=heuristic reason=rl_shadow_isolated:submitted costmap_v=111
[INFO] [1787825364.994786878] [six_angels_material_sorting_client]: CONTROL_LOOP_HEALTH samples=400/3117 interval_p95=50.21ms interval_p99=57.89ms execution_p95=2.05ms interval_misses=4 execution_misses=4
[INFO] [1787825364.997785452] [six_angels_material_sorting_client]: progress task=1 stage=return_to_end: task 1 retreating straight; remaining=0.217 m after release
[INFO] [1787825367.014965609] [six_angels_material_sorting_client]: progress task=1 stage=return_to_end: task 1 retreating straight; remaining=0.099 m after release
[INFO] [1787825369.065365582] [six_angels_material_sorting_client]: progress task=1 stage=return_to_end: task 1 retreating straight; remaining=0.042 m after release
[INFO] [1787825369.915222958] [six_angels_material_sorting_client]: CONTROL_LOOP_HEALTH samples=400/3217 interval_p95=55.07ms interval_p99=59.77ms execution_p95=2.08ms interval_misses=5 execution_misses=4
[INFO] [1787825371.115552154] [six_angels_material_sorting_client]: progress task=1 stage=return_to_end: task 1 retracting arms after shelf retreat; transport retract; slide_err=0.010, left_err=0.601, right_err=0.645, cmd_err=0.513, max_vel=2.644
[INFO] [1787825373.207488884] [six_angels_material_sorting_client]: progress task=1 stage=return_to_end: task 1 returning to the end zone; goal=(-0.78, 0.55, 1.57); nav_status=navigating; NAV_TEL phase=transfer status=navigating segment=nav_end x=-1.593 y=0.845 yaw=-2.933 dist=0.865 yaw_err=-1.780 cmd=(0.000,0.550) clear=0.550 footprint=transit_stowed path=0.838 planned_straight=0.865 detour=0.969
[INFO] [1787825374.942247934] [six_angels_material_sorting_client]: CONTROL_LOOP_HEALTH samples=400/3317 interval_p95=56.29ms interval_p99=60.49ms execution_p95=2.66ms interval_misses=5 execution_misses=4
[INFO] [1787825375.244937719] [six_angels_material_sorting_client]: progress task=1 stage=return_to_end: task 1 returning to the end zone; goal=(-0.78, 0.55, 1.57); nav_status=navigating; NAV_TEL phase=transfer status=navigating segment=nav_end x=-1.593 y=0.845 yaw=-2.348 dist=0.865 yaw_err=-2.364 cmd=(0.000,0.550) clear=0.500 footprint=transit_stowed path=0.838 planned_straight=0.865 detour=0.969
[INFO] [1787825377.266131052] [six_angels_material_sorting_client]: progress task=1 stage=return_to_end: task 1 returning to the end zone; goal=(-0.78, 0.55, 1.57); nav_status=navigating; NAV_TEL phase=transfer status=navigating segment=nav_end x=-1.593 y=0.846 yaw=-1.787 dist=0.865 yaw_err=-2.925 cmd=(0.000,0.550) clear=0.500 footprint=transit_stowed path=0.838 planned_straight=0.865 detour=0.969
[INFO] [1787825379.385440619] [six_angels_material_sorting_client]: progress task=1 stage=return_to_end: task 1 returning to the end zone; goal=(-0.78, 0.55, 1.57); nav_status=navigating; NAV_TEL phase=transfer status=navigating segment=nav_end x=-1.593 y=0.847 yaw=-1.169 dist=0.865 yaw_err=2.740 cmd=(0.000,0.550) clear=0.500 footprint=transit_stowed path=0.838 planned_straight=0.865 detour=0.969
[INFO] [1787825379.940239910] [six_angels_material_sorting_client]: CONTROL_LOOP_HEALTH samples=400/3417 interval_p95=57.53ms interval_p99=60.87ms execution_p95=2.84ms interval_misses=5 execution_misses=5
[INFO] [1787825381.345667598] [six_angels_material_sorting_client]: progress task=1 stage=return_to_end: task 1 returning to the end zone; goal=(-0.78, 0.55, 1.57); nav_status=navigating; NAV_TEL phase=transfer status=navigating segment=nav_end x=-1.593 y=0.847 yaw=-0.649 dist=0.865 yaw_err=2.220 cmd=(0.000,0.550) clear=0.550 footprint=transit_stowed path=0.838 planned_straight=0.865 detour=0.969
[INFO] [1787825383.367010641] [six_angels_material_sorting_client]: progress task=1 stage=return_to_end: task 1 returning to the end zone; goal=(-0.78, 0.55, 1.57); nav_status=navigating; NAV_TEL phase=transfer status=navigating segment=nav_end x=-1.467 y=0.789 yaw=-0.359 dist=0.727 yaw_err=1.930 cmd=(0.180,0.085) clear=0.550 footprint=transit_stowed path=0.838 planned_straight=0.865 detour=0.969
[INFO] [1787825384.974285436] [six_angels_material_sorting_client]: CONTROL_LOOP_HEALTH samples=400/3518 interval_p95=57.51ms interval_p99=60.59ms execution_p95=3.01ms interval_misses=5 execution_misses=5
[INFO] [1787825385.415863082] [six_angels_material_sorting_client]: progress task=1 stage=return_to_end: task 1 returning to the end zone; goal=(-0.78, 0.55, 1.57); nav_status=navigating; NAV_TEL phase=transfer status=navigating segment=nav_end x=-1.302 y=0.734 yaw=-0.305 dist=0.553 yaw_err=1.876 cmd=(0.180,0.016) clear=0.500 footprint=transit_stowed path=0.838 planned_straight=0.865 detour=0.969
[INFO] [1787825387.448865441] [six_angels_material_sorting_client]: progress task=1 stage=return_to_end: task 1 returning to the end zone; goal=(-0.78, 0.55, 1.57); nav_status=navigating; NAV_TEL phase=transfer status=navigating segment=nav_end x=-1.129 y=0.680 yaw=-0.297 dist=0.372 yaw_err=1.868 cmd=(0.180,-0.000) clear=0.450 footprint=transit_stowed path=0.838 planned_straight=0.865 detour=0.969
[INFO] [1787825389.465983278] [six_angels_material_sorting_client]: progress task=1 stage=return_to_end: task 1 returning to the end zone; goal=(-0.78, 0.55, 1.57); nav_status=navigating; NAV_TEL phase=transfer status=navigating segment=nav_end x=-0.964 y=0.630 yaw=-0.297 dist=0.200 yaw_err=1.868 cmd=(0.149,-0.000) clear=0.400 footprint=transit_stowed path=0.838 planned_straight=0.865 detour=0.969
[INFO] [1787825390.015888233] [six_angels_material_sorting_client]: CONTROL_LOOP_HEALTH samples=400/3619 interval_p95=56.94ms interval_p99=60.59ms execution_p95=3.11ms interval_misses=5 execution_misses=5
[INFO] [1787825391.526170765] [six_angels_material_sorting_client]: progress task=1 stage=return_to_end: task 1 returning to the end zone; goal=(-0.78, 0.55, 1.57); nav_status=final_positioning; NAV_TEL phase=transfer status=final_positioning segment=nav_end x=-0.856 y=0.590 yaw=-0.449 dist=0.086 yaw_err=2.020 cmd=(0.068,-0.083) clear=0.300 footprint=transit_stowed path=0.838 planned_straight=0.865 detour=0.969
[INFO] [1787825393.516092415] [six_angels_material_sorting_client]: progress task=1 stage=return_to_end: task 1 returning to the end zone; goal=(-0.78, 0.55, 1.57); nav_status=final_aligning; NAV_TEL phase=transfer status=final_aligning segment=nav_end x=-0.843 y=0.584 yaw=-0.070 dist=0.071 yaw_err=1.641 cmd=(0.000,0.500) clear=0.400 footprint=transit_stowed path=0.838 planned_straight=0.865 detour=0.969
[INFO] [1787825395.066314361] [six_angels_material_sorting_client]: CONTROL_LOOP_HEALTH samples=400/3720 interval_p95=55.56ms interval_p99=59.67ms execution_p95=3.07ms interval_misses=5 execution_misses=5
[INFO] [1787825395.565753937] [six_angels_material_sorting_client]: progress task=1 stage=return_to_end: task 1 returning to the end zone; goal=(-0.78, 0.55, 1.57); nav_status=final_aligning; NAV_TEL phase=transfer status=final_aligning segment=nav_end x=-0.843 y=0.584 yaw=0.467 dist=0.072 yaw_err=1.104 cmd=(0.000,0.500) clear=0.350 footprint=transit_stowed path=0.838 planned_straight=0.865 detour=0.969
[INFO] [1787825397.625179912] [six_angels_material_sorting_client]: progress task=1 stage=return_to_end: task 1 returning to the end zone; goal=(-0.78, 0.55, 1.57); nav_status=final_aligning; NAV_TEL phase=transfer status=final_aligning segment=nav_end x=-0.843 y=0.584 yaw=0.979 dist=0.072 yaw_err=0.592 cmd=(0.000,0.500) clear=0.300 footprint=transit_stowed path=0.838 planned_straight=0.865 detour=0.969
[INFO] [1787825399.616352494] [six_angels_material_sorting_client]: progress task=1 stage=return_to_end: task 1 returning to the end zone; goal=(-0.78, 0.55, 1.57); nav_status=final_aligning; NAV_TEL phase=transfer status=final_aligning segment=nav_end x=-0.844 y=0.583 yaw=1.449 dist=0.072 yaw_err=0.122 cmd=(0.000,0.244) clear=0.350 footprint=transit_stowed path=0.838 planned_straight=0.865 detour=0.969
[INFO] [1787825400.066431041] [six_angels_material_sorting_client]: controller=waiting_for_referee task=1 attempt=1 stage=- score=40: task 1 local sequence completed; waiting for Server referee: task 1 returned to the end zone; local sequence complete
[INFO] [1787825400.067443573] [six_angels_material_sorting_client]: CONTROL_LOOP_HEALTH samples=400/3820 interval_p95=50.85ms interval_p99=57.94ms execution_p95=2.91ms interval_misses=5 execution_misses=5
[INFO] [1787825400.115706979] [six_angels_material_sorting_client]: controller=starting_task task=2 attempt=1 stage=navigate_to_pick score=40: referee advanced to task 2; starting attempt 1
[INFO] [1787825400.165323787] [six_angels_material_sorting_client]: controller=executing_stage task=2 attempt=1 stage=navigate_to_pick score=40: task 2 entering navigate_to_pick
[INFO] [1787825400.218710370] [six_angels_material_sorting_client]: controller=executing_stage task=2 attempt=1 stage=navigate_to_pick score=40: task 2 attempt 1 stage=navigate_to_pick
[INFO] [1787825400.272730334] [six_angels_material_sorting_client]: scheduler candidate action=task2:navigate_to_pick:stand:left source=heuristic reason=rl_shadow_isolated:submitted costmap_v=156
[INFO] [1787825402.218415084] [six_angels_material_sorting_client]: progress task=2 stage=navigate_to_pick: task 2 navigating to the brown shelf box; goal=(-1.50, 0.90, 3.14); nav_status=navigating; NAV_TEL phase=transfer status=navigating segment=nav_shelf x=-0.846 y=0.712 yaw=1.694 dist=0.681 yaw_err=1.448 cmd=(0.166,0.381) clear=0.500 footprint=transit_stowed path=1.000 planned_straight=0.729 detour=1.372
[INFO] [1787825404.216310305] [six_angels_material_sorting_client]: progress task=2 stage=navigate_to_pick: task 2 navigating to the brown shelf box; goal=(-1.50, 0.90, 3.14); nav_status=navigating; NAV_TEL phase=transfer status=navigating segment=nav_shelf x=-0.885 y=0.832 yaw=2.155 dist=0.619 yaw_err=0.987 cmd=(0.145,0.550) clear=0.550 footprint=transit_stowed path=1.000 planned_straight=0.729 detour=1.372
[INFO] [1787825405.116392390] [six_angels_material_sorting_client]: CONTROL_LOOP_HEALTH samples=400/3921 interval_p95=50.21ms interval_p99=50.72ms execution_p95=2.78ms interval_misses=5 execution_misses=5
[INFO] [1787825406.247486772] [six_angels_material_sorting_client]: progress task=2 stage=navigate_to_pick: task 2 navigating to the brown shelf box; goal=(-1.50, 0.90, 3.14); nav_status=navigating; NAV_TEL phase=transfer status=navigating segment=nav_shelf x=-0.996 y=0.926 yaw=2.704 dist=0.504 yaw_err=0.437 cmd=(0.180,0.550) clear=0.650 footprint=transit_stowed path=1.000 planned_straight=0.729 detour=1.372
[INFO] [1787825408.266337561] [six_angels_material_sorting_client]: progress task=2 stage=navigate_to_pick: task 2 navigating to the brown shelf box; goal=(-1.50, 0.90, 3.14); nav_status=navigating; NAV_TEL phase=transfer status=navigating segment=nav_shelf x=-1.165 y=0.959 yaw=3.138 dist=0.340 yaw_err=0.003 cmd=(0.180,0.158) clear=0.750 footprint=transit_stowed path=1.000 planned_straight=0.729 detour=1.372
[INFO] [1787825410.165575707] [six_angels_material_sorting_client]: CONTROL_LOOP_HEALTH samples=400/4022 interval_p95=50.21ms interval_p99=50.44ms execution_p95=2.86ms interval_misses=5 execution_misses=5
[INFO] [1787825410.315447673] [six_angels_material_sorting_client]: progress task=2 stage=navigate_to_pick: task 2 navigating to the brown shelf box; goal=(-1.50, 0.90, 3.14); nav_status=final_positioning; NAV_TEL phase=transfer status=final_positioning segment=nav_shelf x=-1.332 y=0.949 yaw=-3.043 dist=0.175 yaw_err=-0.099 cmd=(0.102,0.144) clear=0.750 footprint=transit_stowed path=1.000 planned_straight=0.729 detour=1.372
[INFO] [1787825412.316578558] [six_angels_material_sorting_client]: progress task=2 stage=navigate_to_pick: task 2 navigating to the brown shelf box; goal=(-1.50, 0.90, 3.14); nav_status=final_positioning; NAV_TEL phase=transfer status=final_positioning segment=nav_shelf x=-1.425 y=0.929 yaw=-2.813 dist=0.080 yaw_err=-0.328 cmd=(0.064,0.094) clear=0.700 footprint=transit_stowed path=1.000 planned_straight=0.729 detour=1.372
[INFO] [1787825414.365434049] [six_angels_material_sorting_client]: progress task=2 stage=navigate_to_pick: task 2 navigating to the brown shelf box; goal=(-1.50, 0.90, 3.14); nav_status=final_aligning; NAV_TEL phase=transfer status=final_aligning segment=nav_shelf x=-1.451 y=0.920 yaw=-2.998 dist=0.053 yaw_err=-0.143 cmd=(0.000,-0.287) clear=0.700 footprint=transit_stowed path=1.000 planned_straight=0.729 detour=1.372
[INFO] [1787825415.065891180] [six_angels_material_sorting_client]: controller=executing_stage task=2 attempt=1 stage=acquire_target score=40: task 2 entering acquire_target: task 2 reached the far shelf arm-staging stand for brown
[INFO] [1787825415.115091558] [six_angels_material_sorting_client]: controller=executing_stage task=2 attempt=1 stage=acquire_target score=40: task 2 attempt 1 stage=acquire_target
[INFO] [1787825415.165210967] [six_angels_material_sorting_client]: controller=executing_stage task=2 attempt=1 stage=align_for_pick score=40: task 2 entering align_for_pick: task 2 validated the brown shelf layer; coarse target=(-2.63, 1.004, 0.841); full RGB-D object centre will be locked after camera settling
[INFO] [1787825415.166374448] [six_angels_material_sorting_client]: CONTROL_LOOP_HEALTH samples=400/4122 interval_p95=50.22ms interval_p99=50.72ms execution_p95=2.79ms interval_misses=5 execution_misses=5
[INFO] [1787825415.215198525] [six_angels_material_sorting_client]: controller=executing_stage task=2 attempt=1 stage=align_for_pick score=40: task 2 attempt 1 stage=align_for_pick
[INFO] [1787825417.265334138] [six_angels_material_sorting_client]: progress task=2 stage=align_for_pick: task 2 moving the retracted arms to the target shelf layer; slide_target=0.461, slide_err=0.257, left_err=0.003, right_err=0.003, cmd_err=0.237, slide_vel=0.095, max_vel=0.095
[INFO] [1787825419.315520401] [six_angels_material_sorting_client]: progress task=2 stage=align_for_pick: task 2 moving the retracted arms to the target shelf layer; slide_target=0.461, slide_err=0.130, left_err=0.002, right_err=0.002, cmd_err=0.114, slide_vel=0.122, max_vel=0.122
[INFO] [1787825420.215340616] [six_angels_material_sorting_client]: CONTROL_LOOP_HEALTH samples=400/4223 interval_p95=50.25ms interval_p99=50.86ms execution_p95=2.65ms interval_misses=5 execution_misses=5
[INFO] [1787825421.365109703] [six_angels_material_sorting_client]: progress task=2 stage=align_for_pick: task 2 moving the retracted arms to the target shelf layer; slide_target=0.461, slide_err=0.009, left_err=0.003, right_err=0.003, cmd_err=0.000, slide_vel=0.034, max_vel=0.034
[INFO] [1787825423.414836756] [six_angels_material_sorting_client]: progress task=2 stage=align_for_pick: task 2 holding outside the shelf and collecting fresh target-centre frames; center_samples=0/7 quality=mask_cloud_cuboid rejected=0
[INFO] [1787825425.264762814] [six_angels_material_sorting_client]: CONTROL_LOOP_HEALTH samples=400/4324 interval_p95=50.25ms interval_p99=51.13ms execution_p95=2.54ms interval_misses=5 execution_misses=5
[INFO] [1787825425.464709328] [six_angels_material_sorting_client]: progress task=2 stage=align_for_pick: task 2 advancing straight toward the locked object centre; advancing straight; remaining=0.432 m
[INFO] [1787825427.464870583] [six_angels_material_sorting_client]: progress task=2 stage=align_for_pick: task 2 advancing straight toward the locked object centre; advancing straight; remaining=0.352 m
[INFO] [1787825429.465226867] [six_angels_material_sorting_client]: progress task=2 stage=align_for_pick: task 2 advancing straight toward the locked object centre; advancing straight; remaining=0.256 m
[INFO] [1787825430.265384125] [six_angels_material_sorting_client]: CONTROL_LOOP_HEALTH samples=400/4424 interval_p95=50.22ms interval_p99=51.13ms execution_p95=2.09ms interval_misses=5 execution_misses=5
[INFO] [1787825431.515024820] [six_angels_material_sorting_client]: progress task=2 stage=align_for_pick: task 2 advancing straight toward the locked object centre; advancing straight; remaining=0.152 m
[INFO] [1787825433.515003394] [six_angels_material_sorting_client]: progress task=2 stage=align_for_pick: task 2 advancing straight toward the locked object centre; advancing straight; remaining=0.084 m
[INFO] [1787825435.315259684] [six_angels_material_sorting_client]: CONTROL_LOOP_HEALTH samples=400/4525 interval_p95=50.21ms interval_p99=50.86ms execution_p95=1.78ms interval_misses=5 execution_misses=5
[INFO] [1787825435.514915268] [six_angels_material_sorting_client]: progress task=2 stage=align_for_pick: task 2 advancing straight toward the locked object centre; advancing straight; remaining=0.047 m
[INFO] [1787825437.564837941] [six_angels_material_sorting_client]: progress task=2 stage=align_for_pick: task 2 correcting final base drift before shelf pregrasp; lateral alignment rotating toward shelf-front direction; yaw_err=1.571
[INFO] [1787825439.564874845] [six_angels_material_sorting_client]: progress task=2 stage=align_for_pick: task 2 correcting final base drift before shelf pregrasp; lateral alignment rotating toward shelf-front direction; yaw_err=1.246
[INFO] [1787825440.316255776] [six_angels_material_sorting_client]: CONTROL_LOOP_HEALTH samples=400/4625 interval_p95=50.19ms interval_p99=50.66ms execution_p95=1.82ms interval_misses=5 execution_misses=5
[INFO] [1787825441.565267530] [six_angels_material_sorting_client]: progress task=2 stage=align_for_pick: task 2 correcting final base drift before shelf pregrasp; lateral alignment rotating toward shelf-front direction; yaw_err=0.865
[INFO] [1787825443.614831903] [six_angels_material_sorting_client]: progress task=2 stage=align_for_pick: task 2 correcting final base drift before shelf pregrasp; lateral alignment rotating toward shelf-front direction; yaw_err=0.481
[INFO] [1787825445.365159454] [six_angels_material_sorting_client]: CONTROL_LOOP_HEALTH samples=400/4726 interval_p95=50.20ms interval_p99=50.43ms execution_p95=1.83ms interval_misses=5 execution_misses=5
[INFO] [1787825445.616133169] [six_angels_material_sorting_client]: progress task=2 stage=align_for_pick: task 2 correcting final base drift before shelf pregrasp; lateral alignment rotating toward shelf-front direction; yaw_err=0.124
[INFO] [1787825447.665066100] [six_angels_material_sorting_client]: progress task=2 stage=align_for_pick: task 2 correcting final base drift before shelf pregrasp; lateral alignment rotating toward shelf-front direction; yaw_err=0.020
[INFO] [1787825449.714797633] [six_angels_material_sorting_client]: progress task=2 stage=align_for_pick: task 2 correcting final base drift before shelf pregrasp; lateral alignment driving along shelf front; y_err=-0.090, x_err=0.004
[INFO] [1787825450.365629766] [six_angels_material_sorting_client]: CONTROL_LOOP_HEALTH samples=400/4826 interval_p95=50.23ms interval_p99=50.43ms execution_p95=1.83ms interval_misses=5 execution_misses=5
[INFO] [1787825451.714913418] [six_angels_material_sorting_client]: progress task=2 stage=align_for_pick: task 2 correcting final base drift before shelf pregrasp; lateral alignment driving along shelf front; y_err=-0.045, x_err=0.004
[INFO] [1787825453.765221311] [six_angels_material_sorting_client]: progress task=2 stage=align_for_pick: task 2 correcting final base drift before shelf pregrasp; lateral alignment restoring shelf-facing yaw; yaw_err=-1.567
[INFO] [1787825455.365666307] [six_angels_material_sorting_client]: CONTROL_LOOP_HEALTH samples=400/4926 interval_p95=50.20ms interval_p99=50.42ms execution_p95=1.83ms interval_misses=5 execution_misses=5
[INFO] [1787825455.815223844] [six_angels_material_sorting_client]: progress task=2 stage=align_for_pick: task 2 correcting final base drift before shelf pregrasp; lateral alignment restoring shelf-facing yaw; yaw_err=-1.139
[INFO] [1787825457.864804427] [six_angels_material_sorting_client]: progress task=2 stage=align_for_pick: task 2 correcting final base drift before shelf pregrasp; lateral alignment restoring shelf-facing yaw; yaw_err=-0.745
[INFO] [1787825459.865192102] [six_angels_material_sorting_client]: progress task=2 stage=align_for_pick: task 2 correcting final base drift before shelf pregrasp; lateral alignment restoring shelf-facing yaw; yaw_err=-0.333
[INFO] [1787825460.415421197] [six_angels_material_sorting_client]: CONTROL_LOOP_HEALTH samples=400/5027 interval_p95=50.20ms interval_p99=50.33ms execution_p95=1.74ms interval_misses=5 execution_misses=5
[INFO] [1787825461.914510954] [six_angels_material_sorting_client]: progress task=2 stage=align_for_pick: task 2 correcting final base drift before shelf pregrasp; lateral alignment restoring shelf-facing yaw; yaw_err=-0.055
[INFO] [1787825463.915333940] [six_angels_material_sorting_client]: progress task=2 stage=align_for_pick: task 2 fine-aligning arms around the shelf box; task 1 moving both open arms to pregrasp; target_base=(0.755, -0.007, 0.853); arm_tol=0.030, slide_err=0.019, left_err=1.228, right_err=1.225, cmd_err=1.100, max_vel=0.393
[INFO] [1787825465.415804779] [six_angels_material_sorting_client]: CONTROL_LOOP_HEALTH samples=400/5127 interval_p95=50.19ms interval_p99=50.36ms execution_p95=1.80ms interval_misses=5 execution_misses=5
[INFO] [1787825465.965114732] [six_angels_material_sorting_client]: progress task=2 stage=align_for_pick: task 2 fine-aligning arms around the shelf box; task 1 moving both open arms to pregrasp; target_base=(0.755, -0.007, 0.853); arm_tol=0.030, slide_err=0.009, left_err=0.003, right_err=0.003, cmd_err=0.000, max_vel=0.006
[INFO] [1787825466.215715126] [six_angels_material_sorting_client]: controller=executing_stage task=2 attempt=1 stage=grasp score=40: task 2 entering grasp: task 2 both open arms reached the shelf-box pregrasp pose after the safe straight approach
[INFO] [1787825466.265181344] [six_angels_material_sorting_client]: controller=executing_stage task=2 attempt=1 stage=grasp score=40: task 2 attempt 1 stage=grasp
[INFO] [1787825468.315027967] [six_angels_material_sorting_client]: progress task=2 stage=grasp: task 1 settling at the compliant contact start pose; compliance=active; left[contact=False, aligned=False, angle=1.1deg, effort_delta=1.78, effort_threshold=0.35, firm=True, firm_latched=False, velocity=0.000]; right[contact=False, aligned=False, angle=1.0deg, effort_delta=1.76, effort_threshold=0.35, firm=True, firm_latched=False, velocity=0.000]; target_base=(0.755, -0.006, 0.853); arm_tol=0.240, slide_err=0.007, left_err=0.017, right_err=0.017, cmd_err=0.000, max_vel=0.002; compliance=active; left[contact=False, aligned=False, angle=1.1deg, effort_delta=1.78, effort_threshold=0.35, firm=True, firm_latched=False, velocity=0.000]; right[contact=False, aligned=False, angle=1.0deg, effort_delta=1.76, effort_threshold=0.35, firm=True, firm_latched=False, velocity=0.000]
[INFO] [1787825470.317421955] [six_angels_material_sorting_client]: progress task=2 stage=grasp: task 1 continuously applying locked-wrist preload; offset=1.4/2.6 mm; compliance=active; left[contact=True, aligned=True, angle=3.2deg, effort_delta=0.19, effort_threshold=0.35, firm=False, firm_latched=False, velocity=0.000]; right[contact=True, aligned=True, angle=2.9deg, effort_delta=0.06, effort_threshold=0.35, firm=False, firm_latched=False, velocity=0.000]
[INFO] [1787825470.417377602] [six_angels_material_sorting_client]: CONTROL_LOOP_HEALTH samples=400/5227 interval_p95=50.18ms interval_p99=50.28ms execution_p95=3.77ms interval_misses=5 execution_misses=5
[INFO] [1787825472.115954653] [six_angels_material_sorting_client]: controller=executing_stage task=2 attempt=1 stage=lift score=40: task 2 entering lift: task 1 bilateral compliant grasp settled with locked wrists and 2.6 mm bounded preload; compliance=active; left[contact=True, aligned=True, angle=3.2deg, effort_delta=0.14, effort_threshold=0.35, firm=False, firm_latched=False, velocity=0.000]; right[contact=True, aligned=True, angle=2.9deg, effort_delta=0.02, effort_threshold=0.35, firm=False, firm_latched=False, velocity=0.000]
[INFO] [1787825472.165108341] [six_angels_material_sorting_client]: controller=executing_stage task=2 attempt=1 stage=lift score=40: task 2 attempt 1 stage=lift
[INFO] [1787825474.215021084] [six_angels_material_sorting_client]: progress task=2 stage=lift: task 1 raising the spine while preserving arm preload; lift=0.080m, slide_target=0.369, slide_err=0.016, left_err=0.018, right_err=0.018, cmd_err=0.000, max_vel=0.020
[INFO] [1787825475.365553323] [six_angels_material_sorting_client]: controller=executing_stage task=2 attempt=1 stage=transport score=40: task 2 entering transport: task 1 lifted the held box 0.080 m; holding before transport
[INFO] [1787825475.483551945] [six_angels_material_sorting_client]: controller=executing_stage task=2 attempt=1 stage=transport score=40: task 2 attempt 1 stage=transport
[INFO] [1787825475.567613320] [six_angels_material_sorting_client]: CONTROL_LOOP_HEALTH samples=400/5327 interval_p95=50.19ms interval_p99=50.28ms execution_p95=3.90ms interval_misses=5 execution_misses=6
[INFO] [1787825477.065645636] [six_angels_material_sorting_client]: scheduler candidate action=task2:transport:stand:left source=heuristic reason=rl_shadow_isolated:submitted costmap_v=205
[INFO] [1787825477.553263325] [six_angels_material_sorting_client]: progress task=2 stage=transport: task 2 holding the shelf box and retreating straight; remaining=0.494 m
[INFO] [1787825479.499883756] [six_angels_material_sorting_client]: progress task=2 stage=transport: task 2 holding the shelf box and retreating straight; remaining=0.364 m
[INFO] [1787825480.637030827] [six_angels_material_sorting_client]: CONTROL_LOOP_HEALTH samples=400/5426 interval_p95=53.84ms interval_p99=55.29ms execution_p95=3.91ms interval_misses=8 execution_misses=8
[INFO] [1787825481.484121899] [six_angels_material_sorting_client]: progress task=2 stage=transport: task 2 holding the shelf box and retreating straight; remaining=0.225 m
[INFO] [1787825483.549926945] [six_angels_material_sorting_client]: progress task=2 stage=transport: task 2 holding the shelf box and retreating straight; remaining=0.106 m
[INFO] [1787825485.629107988] [six_angels_material_sorting_client]: progress task=2 stage=transport: task 2 holding the shelf box and retreating straight; remaining=0.049 m
[INFO] [1787825485.630447040] [six_angels_material_sorting_client]: CONTROL_LOOP_HEALTH samples=400/5525 interval_p95=55.08ms interval_p99=61.63ms execution_p95=3.97ms interval_misses=9 execution_misses=9
[INFO] [1787825487.579435535] [six_angels_material_sorting_client]: progress task=2 stage=transport: task 2 raising the held box to maximum transport height; slide_target=-0.040, slide_err=0.410, left_err=0.018, right_err=0.018, cmd_err=0.379, slide_vel=0.038, max_vel=0.038
[INFO] [1787825489.564999909] [six_angels_material_sorting_client]: progress task=2 stage=transport: task 2 raising the held box to maximum transport height; slide_target=-0.040, slide_err=0.283, left_err=0.018, right_err=0.018, cmd_err=0.256, slide_vel=0.054, max_vel=0.054
[INFO] [1787825490.665509640] [six_angels_material_sorting_client]: CONTROL_LOOP_HEALTH samples=400/5627 interval_p95=55.24ms interval_p99=82.68ms execution_p95=3.76ms interval_misses=10 execution_misses=10
[INFO] [1787825491.601047284] [six_angels_material_sorting_client]: progress task=2 stage=transport: task 2 raising the held box to maximum transport height; slide_target=-0.040, slide_err=0.167, left_err=0.018, right_err=0.018, cmd_err=0.136, slide_vel=0.090, max_vel=0.090
[INFO] [1787825493.730473866] [six_angels_material_sorting_client]: progress task=2 stage=transport: task 2 raising the held box to maximum transport height; slide_target=-0.040, slide_err=0.041, left_err=0.018, right_err=0.018, cmd_err=0.012, slide_vel=0.113, max_vel=0.113
[INFO] [1787825495.815807538] [six_angels_material_sorting_client]: progress task=2 stage=transport: task 2 preserving the shelf grasp while reversing toward table column x=-1.003; retreating straight; remaining=0.279 m; minimum carried-envelope clearance=0.273 m (carried_box to shelf)
[INFO] [1787825495.817150780] [six_angels_material_sorting_client]: CONTROL_LOOP_HEALTH samples=400/5726 interval_p95=56.20ms interval_p99=108.20ms execution_p95=1.82ms interval_misses=11 execution_misses=12
[INFO] [1787825497.764390892] [six_angels_material_sorting_client]: progress task=2 stage=transport: task 2 preserving the shelf grasp while reversing toward table column x=-1.003; retreating straight; remaining=0.165 m; minimum carried-envelope clearance=0.387 m (carried_box to shelf)
[INFO] [1787825499.766264520] [six_angels_material_sorting_client]: progress task=2 stage=transport: task 2 preserving the shelf grasp while reversing toward table column x=-1.003; retreating straight; remaining=0.078 m; minimum carried-envelope clearance=0.453 m (left_shoulder to south_wall)
[INFO] [1787825500.870285965] [six_angels_material_sorting_client]: CONTROL_LOOP_HEALTH samples=400/5826 interval_p95=58.10ms interval_p99=97.23ms execution_p95=2.51ms interval_misses=13 execution_misses=13
[INFO] [1787825501.787183253] [six_angels_material_sorting_client]: progress task=2 stage=transport: task 2 preserving the shelf grasp while reversing toward table column x=-1.003; retreating straight; remaining=0.035 m; minimum carried-envelope clearance=0.453 m (left_shoulder to south_wall)
[INFO] [1787825503.848458992] [six_angels_material_sorting_client]: progress task=2 stage=transport: task 2 preserving the shelf grasp while turning north; goal=(-1.02, 0.78, 1.57); nav_status=final_aligning; NAV_TEL phase=transfer status=final_aligning segment=nav_table x=-1.012 y=0.783 yaw=2.915 dist=0.006 yaw_err=-1.344 cmd=(0.000,-0.500) clear=0.500 footprint=transit_carry path=0.000 planned_straight=0.000 detour=1.000; minimum carried-envelope clearance=0.477 m (left_shoulder to south_wall)
[INFO] [1787825505.921534658] [six_angels_material_sorting_client]: progress task=2 stage=transport: task 2 preserving the shelf grasp while turning north; goal=(-1.02, 0.78, 1.57); nav_status=final_aligning; NAV_TEL phase=transfer status=final_aligning segment=nav_table x=-1.011 y=0.783 yaw=2.671 dist=0.006 yaw_err=-1.100 cmd=(0.000,-0.500) clear=0.500 footprint=transit_carry path=0.000 planned_straight=0.000 detour=1.000; minimum carried-envelope clearance=0.515 m (left_shoulder to south_wall)
[INFO] [1787825505.922535929] [six_angels_material_sorting_client]: CONTROL_LOOP_HEALTH samples=400/5926 interval_p95=58.10ms interval_p99=61.23ms execution_p95=3.66ms interval_misses=13 execution_misses=15
[INFO] [1787825508.017467344] [six_angels_material_sorting_client]: progress task=2 stage=transport: task 2 preserving the shelf grasp while turning north; goal=(-1.02, 0.78, 1.57); nav_status=final_aligning; NAV_TEL phase=transfer status=final_aligning segment=nav_table x=-1.011 y=0.783 yaw=2.144 dist=0.007 yaw_err=-0.573 cmd=(0.000,-0.500) clear=0.500 footprint=transit_carry path=0.000 planned_straight=0.000 detour=1.000; minimum carried-envelope clearance=0.630 m (left_shoulder to south_wall)
[INFO] [1787825509.926112874] [six_angels_material_sorting_client]: progress task=2 stage=transport: task 2 preserving the shelf grasp while turning north; goal=(-1.02, 0.78, 1.57); nav_status=final_aligning; NAV_TEL phase=transfer status=final_aligning segment=nav_table x=-1.011 y=0.782 yaw=1.680 dist=0.007 yaw_err=-0.109 cmd=(0.000,-0.217) clear=0.550 footprint=transit_carry path=0.000 planned_straight=0.000 detour=1.000; minimum carried-envelope clearance=0.672 m (base to south_wall)
[INFO] [1787825511.057220576] [six_angels_material_sorting_client]: CONTROL_LOOP_HEALTH samples=400/6026 interval_p95=59.09ms interval_p99=97.23ms execution_p95=4.42ms interval_misses=15 execution_misses=17
[INFO] [1787825511.923539175] [six_angels_material_sorting_client]: progress task=2 stage=transport: task 2 carrying the unchanged shelf grasp north toward table entry y=1.194; advancing straight; remaining=0.339 m; minimum carried-envelope clearance=0.745 m (base to south_wall)
[INFO] [1787825513.907109078] [six_angels_material_sorting_client]: progress task=2 stage=transport: task 2 carrying the unchanged shelf grasp north toward table entry y=1.194; advancing straight; remaining=0.240 m; minimum carried-envelope clearance=0.736 m (base to table)
[INFO] [1787825515.915802425] [six_angels_material_sorting_client]: progress task=2 stage=transport: task 2 carrying the unchanged shelf grasp north toward table entry y=1.194; advancing straight; remaining=0.148 m; minimum carried-envelope clearance=0.659 m (base to table)
[INFO] [1787825516.076974116] [six_angels_material_sorting_client]: CONTROL_LOOP_HEALTH samples=400/6127 interval_p95=58.75ms interval_p99=61.23ms execution_p95=4.42ms interval_misses=16 execution_misses=18
[INFO] [1787825517.915864610] [six_angels_material_sorting_client]: progress task=2 stage=transport: task 2 carrying the unchanged shelf grasp north toward table entry y=1.194; advancing straight; remaining=0.085 m; minimum carried-envelope clearance=0.624 m (base to table)
[INFO] [1787825519.915851505] [six_angels_material_sorting_client]: progress task=2 stage=transport: task 2 carrying the unchanged shelf grasp north toward table entry y=1.194; advancing straight; remaining=0.050 m; minimum carried-envelope clearance=0.598 m (base to table)
[INFO] [1787825521.066195634] [six_angels_material_sorting_client]: CONTROL_LOOP_HEALTH samples=400/6228 interval_p95=58.12ms interval_p99=60.99ms execution_p95=4.40ms interval_misses=16 execution_misses=18
[INFO] [1787825521.965792478] [six_angels_material_sorting_client]: progress task=2 stage=transport: task 2 carrying the unchanged shelf grasp north toward table entry y=1.194; advancing straight; remaining=0.019 m; minimum carried-envelope clearance=0.567 m (base to table)
[INFO] [1787825522.340235352] [six_angels_material_sorting_client]: controller=executing_stage task=2 attempt=1 stage=align_for_place score=80: task 2 entering align_for_place: task 2 reached the table entry through envelope-checked reverse, turn and forward segments without changing the grasp
[INFO] [1787825522.365129806] [six_angels_material_sorting_client]: controller=executing_stage task=2 attempt=1 stage=align_for_place score=80: task 2 attempt 1 stage=align_for_place
[INFO] [1787825524.365427922] [six_angels_material_sorting_client]: progress task=2 stage=align_for_place: task 2 moving box to table clearance height; slide_target=0.413, slide_err=0.351, left_err=0.018, right_err=0.018, cmd_err=0.333, slide_vel=0.127, max_vel=0.127
[INFO] [1787825526.115465484] [six_angels_material_sorting_client]: CONTROL_LOOP_HEALTH samples=400/6329 interval_p95=57.50ms interval_p99=60.16ms execution_p95=4.09ms interval_misses=16 execution_misses=18
[INFO] [1787825526.414953985] [six_angels_material_sorting_client]: progress task=2 stage=align_for_place: task 2 moving box to table clearance height; slide_target=0.413, slide_err=0.226, left_err=0.018, right_err=0.018, cmd_err=0.210, slide_vel=0.049, max_vel=0.049
[INFO] [1787825528.415120580] [six_angels_material_sorting_client]: progress task=2 stage=align_for_place: task 2 moving box to table clearance height; slide_target=0.413, slide_err=0.107, left_err=0.018, right_err=0.018, cmd_err=0.090, slide_vel=0.059, max_vel=0.059
[INFO] [1787825530.415060645] [six_angels_material_sorting_client]: progress task=2 stage=align_for_place: task 2 moving box to table clearance height; slide_target=0.413, slide_err=0.005, left_err=0.018, right_err=0.018, cmd_err=0.000, slide_vel=0.023, max_vel=0.023
[INFO] [1787825531.165814466] [six_angels_material_sorting_client]: CONTROL_LOOP_HEALTH samples=400/6430 interval_p95=55.26ms interval_p99=58.87ms execution_p95=2.74ms interval_misses=16 execution_misses=18
[INFO] [1787825532.466783852] [six_angels_material_sorting_client]: progress task=2 stage=align_for_place: task 2 advancing straight from table entry to the exact saved origin; advancing straight; remaining=0.239 m; minimum carried-envelope clearance=0.485 m (base to table)
[INFO] [1787825534.516114654] [six_angels_material_sorting_client]: progress task=2 stage=align_for_place: task 2 advancing straight from table entry to the exact saved origin; advancing straight; remaining=0.145 m; minimum carried-envelope clearance=0.407 m (base to table)
[INFO] [1787825536.166178609] [six_angels_material_sorting_client]: CONTROL_LOOP_HEALTH samples=400/6530 interval_p95=54.96ms interval_p99=58.12ms execution_p95=2.58ms interval_misses=16 execution_misses=18
[INFO] [1787825536.515901619] [six_angels_material_sorting_client]: progress task=2 stage=align_for_place: task 2 advancing straight from table entry to the exact saved origin; advancing straight; remaining=0.080 m; minimum carried-envelope clearance=0.371 m (base to table)
[INFO] [1787825538.567073995] [six_angels_material_sorting_client]: progress task=2 stage=align_for_place: task 2 advancing straight from table entry to the exact saved origin; advancing straight; remaining=0.041 m; minimum carried-envelope clearance=0.339 m (base to table)
[INFO] [1787825540.066339623] [six_angels_material_sorting_client]: controller=executing_stage task=2 attempt=1 stage=place score=80: task 2 entering place: task 2 aligned held box over task 1's original table coordinate
[INFO] [1787825540.115122830] [six_angels_material_sorting_client]: controller=executing_stage task=2 attempt=1 stage=place score=80: task 2 attempt 1 stage=place
[INFO] [1787825541.215465580] [six_angels_material_sorting_client]: CONTROL_LOOP_HEALTH samples=400/6631 interval_p95=50.19ms interval_p99=51.07ms execution_p95=2.61ms interval_misses=16 execution_misses=18
[INFO] [1787825542.115499615] [six_angels_material_sorting_client]: progress task=2 stage=place: task 2 lowering box compliantly onto original table point; slide_target=0.456, slide_err=0.002, left_err=0.018, right_err=0.018, cmd_err=0.000, slide_vel=0.018, max_vel=0.018; compliant_place_phase=fast_approach, remaining_mm=12.0, step_mm=2.0, completion=None; placement_effort=active, slide_ratio=0.00, left_wrist_ratio=0.00, right_wrist_ratio=0.00, left_arm_max=0.00, right_arm_max=0.00, candidate=False, confirmed=False
[INFO] [1787825544.165104579] [six_angels_material_sorting_client]: progress task=2 stage=place: task 2 lowering box compliantly onto original table point; slide_target=0.460, slide_err=0.002, left_err=0.018, right_err=0.018, cmd_err=0.000, slide_vel=0.007, max_vel=0.007; compliant_place_phase=fine_descent, remaining_mm=8.0, step_mm=2.0, completion=None; placement_effort=active, slide_ratio=234.41, left_wrist_ratio=0.35, right_wrist_ratio=0.75, left_arm_max=7.48, right_arm_max=7.20, candidate=False, confirmed=False
[INFO] [1787825546.215234303] [six_angels_material_sorting_client]: progress task=2 stage=place: task 2 spreading both arms for table release; target_base=(0.766, -0.016, 0.834); arm_tol=0.030, slide_err=0.003, left_err=0.005, right_err=0.004, cmd_err=0.000, max_vel=0.007
[INFO] [1787825546.216245144] [six_angels_material_sorting_client]: CONTROL_LOOP_HEALTH samples=400/6731 interval_p95=50.19ms interval_p99=50.48ms execution_p95=2.53ms interval_misses=16 execution_misses=18
[INFO] [1787825546.616055803] [six_angels_material_sorting_client]: controller=executing_stage task=2 attempt=1 stage=verify_place score=80: task 2 entering verify_place: task 2 opened both arms and released at task 1's original point
[INFO] [1787825546.665625301] [six_angels_material_sorting_client]: controller=executing_stage task=2 attempt=1 stage=verify_place score=80: task 2 attempt 1 stage=verify_place
[INFO] [1787825547.716257293] [six_angels_material_sorting_client]: controller=executing_stage task=2 attempt=1 stage=return_to_end score=80: task 2 entering return_to_end: task 2 table placement settled; handing result to referee
[INFO] [1787825547.826164934] [six_angels_material_sorting_client]: controller=executing_stage task=2 attempt=1 stage=return_to_end score=80: task 2 attempt 1 stage=return_to_end
[INFO] [1787825547.829349158] [six_angels_material_sorting_client]: scheduler candidate action=task2:return_to_end:stand:left source=heuristic reason=rl_shadow_isolated:submitted costmap_v=326
[INFO] [1787825549.814697064] [six_angels_material_sorting_client]: progress task=2 stage=return_to_end: task 2 retreating straight; remaining=0.244 m after table release
[INFO] [1787825551.265307205] [six_angels_material_sorting_client]: CONTROL_LOOP_HEALTH samples=400/6832 interval_p95=50.22ms interval_p99=57.16ms execution_p95=2.59ms interval_misses=16 execution_misses=19
[INFO] [1787825551.862617065] [six_angels_material_sorting_client]: progress task=2 stage=return_to_end: task 2 retreating straight; remaining=0.133 m after table release
[INFO] [1787825553.864647973] [six_angels_material_sorting_client]: progress task=2 stage=return_to_end: task 2 retreating straight; remaining=0.064 m after table release
[INFO] [1787825555.864829168] [six_angels_material_sorting_client]: progress task=2 stage=return_to_end: task 2 retreating straight; remaining=0.021 m after table release
[INFO] [1787825556.265539998] [six_angels_material_sorting_client]: CONTROL_LOOP_HEALTH samples=400/6932 interval_p95=51.06ms interval_p99=57.16ms execution_p95=2.41ms interval_misses=16 execution_misses=19
[INFO] [1787825557.865423574] [six_angels_material_sorting_client]: progress task=2 stage=return_to_end: task 2 retracting arms after table retreat; transport retract; slide_err=0.000, left_err=0.003, right_err=0.003, cmd_err=0.000, max_vel=0.018
[INFO] [1787825559.953655331] [six_angels_material_sorting_client]: progress task=2 stage=return_to_end: task 2 returning to the end zone; goal=(-0.78, 0.55, 1.57); nav_status=navigating; NAV_TEL phase=transfer status=navigating segment=nav_end x=-1.015 y=1.092 yaw=1.309 dist=0.591 yaw_err=0.262 cmd=(0.000,-0.550) clear=0.550 footprint=transit_stowed path=0.559 planned_straight=0.591 detour=0.945
[INFO] [1787825561.266569663] [six_angels_material_sorting_client]: CONTROL_LOOP_HEALTH samples=400/7032 interval_p95=51.24ms interval_p99=57.16ms execution_p95=2.37ms interval_misses=16 execution_misses=19
[INFO] [1787825561.966225454] [six_angels_material_sorting_client]: progress task=2 stage=return_to_end: task 2 returning to the end zone; goal=(-0.78, 0.55, 1.57); nav_status=navigating; NAV_TEL phase=transfer status=navigating segment=nav_end x=-1.015 y=1.092 yaw=0.766 dist=0.591 yaw_err=0.805 cmd=(0.000,-0.550) clear=0.550 footprint=transit_stowed path=0.559 planned_straight=0.591 detour=0.945
[INFO] [1787825563.965923169] [six_angels_material_sorting_client]: progress task=2 stage=return_to_end: task 2 returning to the end zone; goal=(-0.78, 0.55, 1.57); nav_status=navigating; NAV_TEL phase=transfer status=navigating segment=nav_end x=-1.016 y=1.092 yaw=0.234 dist=0.591 yaw_err=1.337 cmd=(0.000,-0.550) clear=0.600 footprint=transit_stowed path=0.559 planned_straight=0.591 detour=0.945
[INFO] [1787825566.016262293] [six_angels_material_sorting_client]: progress task=2 stage=return_to_end: task 2 returning to the end zone; goal=(-0.78, 0.55, 1.57); nav_status=navigating; NAV_TEL phase=transfer status=navigating segment=nav_end x=-1.016 y=1.092 yaw=-0.326 dist=0.591 yaw_err=1.896 cmd=(0.000,-0.550) clear=0.550 footprint=transit_stowed path=0.559 planned_straight=0.591 detour=0.945
[INFO] [1787825566.357091791] [six_angels_material_sorting_client]: CONTROL_LOOP_HEALTH samples=400/7133 interval_p95=51.24ms interval_p99=57.16ms execution_p95=2.59ms interval_misses=16 execution_misses=19
[INFO] [1787825568.015872436] [six_angels_material_sorting_client]: progress task=2 stage=return_to_end: task 2 returning to the end zone; goal=(-0.78, 0.55, 1.57); nav_status=navigating; NAV_TEL phase=transfer status=navigating segment=nav_end x=-1.017 y=1.092 yaw=-0.842 dist=0.591 yaw_err=2.413 cmd=(0.000,-0.550) clear=0.550 footprint=transit_stowed path=0.559 planned_straight=0.591 detour=0.945
[INFO] [1787825570.016218860] [six_angels_material_sorting_client]: progress task=2 stage=return_to_end: task 2 returning to the end zone; goal=(-0.78, 0.55, 1.57); nav_status=navigating; NAV_TEL phase=transfer status=navigating segment=nav_end x=-0.959 y=0.984 yaw=-1.145 dist=0.470 yaw_err=2.716 cmd=(0.180,-0.063) clear=0.650 footprint=transit_stowed path=0.559 planned_straight=0.591 detour=0.945
[INFO] [1787825571.316387544] [six_angels_material_sorting_client]: CONTROL_LOOP_HEALTH samples=400/7233 interval_p95=50.26ms interval_p99=51.37ms execution_p95=2.76ms interval_misses=16 execution_misses=19
[INFO] [1787825572.065766032] [six_angels_material_sorting_client]: progress task=2 stage=return_to_end: task 2 returning to the end zone; goal=(-0.78, 0.55, 1.57); nav_status=navigating; NAV_TEL phase=transfer status=navigating segment=nav_end x=-0.886 y=0.813 yaw=-1.170 dist=0.284 yaw_err=2.741 cmd=(0.180,0.001) clear=0.450 footprint=transit_stowed path=0.559 planned_straight=0.591 detour=0.945
[INFO] [1787825574.065687118] [six_angels_material_sorting_client]: progress task=2 stage=return_to_end: task 2 returning to the end zone; goal=(-0.78, 0.55, 1.57); nav_status=final_positioning; NAV_TEL phase=transfer status=final_positioning segment=nav_end x=-0.829 y=0.679 yaw=-1.185 dist=0.138 yaw_err=2.756 cmd=(0.100,-0.041) clear=0.350 footprint=transit_stowed path=0.559 planned_straight=0.591 detour=0.945
[INFO] [1787825576.115730242] [six_angels_material_sorting_client]: progress task=2 stage=return_to_end: task 2 returning to the end zone; goal=(-0.78, 0.55, 1.57); nav_status=final_aligning; NAV_TEL phase=transfer status=final_aligning segment=nav_end x=-0.805 y=0.616 yaw=-1.075 dist=0.070 yaw_err=2.646 cmd=(0.000,0.500) clear=0.250 footprint=transit_stowed path=0.559 planned_straight=0.591 detour=0.945
[INFO] [1787825576.366103496] [six_angels_material_sorting_client]: CONTROL_LOOP_HEALTH samples=400/7334 interval_p95=50.19ms interval_p99=50.75ms execution_p95=2.81ms interval_misses=16 execution_misses=19
[INFO] [1787825578.115620587] [six_angels_material_sorting_client]: progress task=2 stage=return_to_end: task 2 returning to the end zone; goal=(-0.78, 0.55, 1.57); nav_status=final_aligning; NAV_TEL phase=transfer status=final_aligning segment=nav_end x=-0.805 y=0.616 yaw=-0.566 dist=0.071 yaw_err=2.136 cmd=(0.000,0.500) clear=0.300 footprint=transit_stowed path=0.559 planned_straight=0.591 detour=0.945
[INFO] [1787825580.115733173] [six_angels_material_sorting_client]: progress task=2 stage=return_to_end: task 2 returning to the end zone; goal=(-0.78, 0.55, 1.57); nav_status=final_aligning; NAV_TEL phase=transfer status=final_aligning segment=nav_end x=-0.805 y=0.616 yaw=-0.080 dist=0.071 yaw_err=1.651 cmd=(0.000,0.500) clear=0.400 footprint=transit_stowed path=0.559 planned_straight=0.591 detour=0.945
[INFO] [1787825581.366268429] [six_angels_material_sorting_client]: CONTROL_LOOP_HEALTH samples=400/7434 interval_p95=50.19ms interval_p99=50.24ms execution_p95=2.78ms interval_misses=16 execution_misses=19
[INFO] [1787825582.116052399] [six_angels_material_sorting_client]: progress task=2 stage=return_to_end: task 2 returning to the end zone; goal=(-0.78, 0.55, 1.57); nav_status=final_aligning; NAV_TEL phase=transfer status=final_aligning segment=nav_end x=-0.806 y=0.616 yaw=0.428 dist=0.071 yaw_err=1.143 cmd=(0.000,0.500) clear=0.350 footprint=transit_stowed path=0.559 planned_straight=0.591 detour=0.945
[INFO] [1787825584.127238950] [six_angels_material_sorting_client]: progress task=2 stage=return_to_end: task 2 returning to the end zone; goal=(-0.78, 0.55, 1.57); nav_status=final_aligning; NAV_TEL phase=transfer status=final_aligning segment=nav_end x=-0.806 y=0.616 yaw=0.941 dist=0.071 yaw_err=0.630 cmd=(0.000,0.500) clear=0.350 footprint=transit_stowed path=0.559 planned_straight=0.591 detour=0.945
[INFO] [1787825586.166207868] [six_angels_material_sorting_client]: progress task=2 stage=return_to_end: task 2 returning to the end zone; goal=(-0.78, 0.55, 1.57); nav_status=final_aligning; NAV_TEL phase=transfer status=final_aligning segment=nav_end x=-0.806 y=0.616 yaw=1.439 dist=0.071 yaw_err=0.132 cmd=(0.000,0.264) clear=0.400 footprint=transit_stowed path=0.559 planned_straight=0.591 detour=0.945
[INFO] [1787825586.377330678] [six_angels_material_sorting_client]: CONTROL_LOOP_HEALTH samples=400/7534 interval_p95=50.19ms interval_p99=50.31ms execution_p95=2.88ms interval_misses=16 execution_misses=19
[INFO] [1787825586.625630629] [six_angels_material_sorting_client]: controller=waiting_for_referee task=2 attempt=1 stage=- score=100: task 2 local sequence completed; waiting for Server referee: task 2 returned to the end zone; local sequence complete
[INFO] [1787825586.664590082] [six_angels_material_sorting_client]: controller=starting_task task=3 attempt=1 stage=navigate_to_pick score=100: referee advanced to task 3; starting attempt 1
[INFO] [1787825586.714350491] [six_angels_material_sorting_client]: task detection epoch retains yellow RGB-D history
[INFO] [1787825586.716453033] [six_angels_material_sorting_client]: controller=executing_stage task=3 attempt=1 stage=navigate_to_pick score=100: task 3 entering navigate_to_pick
[INFO] [1787825586.819908556] [six_angels_material_sorting_client]: controller=executing_stage task=3 attempt=1 stage=navigate_to_pick score=100: task 3 attempt 1 stage=navigate_to_pick
[INFO] [1787825587.108055961] [six_angels_material_sorting_client]: scheduler candidate action=task3:navigate_to_pick:stand:left source=heuristic reason=rl_shadow_isolated:inference_result_stale costmap_v=385
[INFO] [1787825588.829788365] [six_angels_material_sorting_client]: progress task=3 stage=navigate_to_pick: task 3 navigating to top-box yellow pick stand; nav_status=navigating
[INFO] [1787825590.816115721] [six_angels_material_sorting_client]: progress task=3 stage=navigate_to_pick: task 3 navigating to top-box yellow pick stand; nav_status=navigating
[INFO] [1787825591.416629406] [six_angels_material_sorting_client]: CONTROL_LOOP_HEALTH samples=400/7633 interval_p95=52.12ms interval_p99=55.32ms execution_p95=3.19ms interval_misses=17 execution_misses=22
[INFO] [1787825592.816307617] [six_angels_material_sorting_client]: progress task=3 stage=navigate_to_pick: task 3 navigating to top-box yellow pick stand; nav_status=navigating
[INFO] [1787825594.883332165] [six_angels_material_sorting_client]: progress task=3 stage=navigate_to_pick: task 3 navigating to top-box yellow pick stand; nav_status=navigating
[INFO] [1787825596.542817803] [six_angels_material_sorting_client]: CONTROL_LOOP_HEALTH samples=400/7734 interval_p95=54.36ms interval_p99=58.32ms execution_p95=3.63ms interval_misses=17 execution_misses=23
[INFO] [1787825596.865809116] [six_angels_material_sorting_client]: progress task=3 stage=navigate_to_pick: task 3 navigating to top-box yellow pick stand; nav_status=navigating
[INFO] [1787825598.889323494] [six_angels_material_sorting_client]: progress task=3 stage=navigate_to_pick: task 3 navigating to top-box yellow pick stand; nav_status=navigating
[INFO] [1787825601.177062855] [six_angels_material_sorting_client]: progress task=3 stage=navigate_to_pick: task 3 navigating to top-box yellow pick stand; nav_status=final_positioning
[INFO] [1787825601.750939863] [six_angels_material_sorting_client]: CONTROL_LOOP_HEALTH samples=400/7831 interval_p95=55.13ms interval_p99=64.05ms execution_p95=13.10ms interval_misses=19 execution_misses=24
[INFO] [1787825603.226712139] [six_angels_material_sorting_client]: progress task=3 stage=navigate_to_pick: task 3 navigating to top-box yellow pick stand; nav_status=final_aligning
[INFO] [1787825604.066218492] [six_angels_material_sorting_client]: controller=executing_stage task=3 attempt=1 stage=acquire_target score=100: task 3 entering acquire_target: task 3 reached the detected yellow top-box pick stand; NAV_GOAL_REACHED segment=nav_table
[INFO] [1787825604.115179859] [six_angels_material_sorting_client]: controller=executing_stage task=3 attempt=1 stage=acquire_target score=100: task 3 attempt 1 stage=acquire_target
[INFO] [1787825604.165030667] [six_angels_material_sorting_client]: controller=executing_stage task=3 attempt=1 stage=align_for_pick score=100: task 3 entering align_for_pick: task 3 reused the stable top-box center collected during navigation: center=(-0.54, 2.264, 1.009), orientation=yaw90
[INFO] [1787825604.215221036] [six_angels_material_sorting_client]: controller=executing_stage task=3 attempt=1 stage=align_for_pick score=100: task 3 attempt 1 stage=align_for_pick
[INFO] [1787825606.215467412] [six_angels_material_sorting_client]: progress task=3 stage=align_for_pick: task 1 moving both open arms to pregrasp; target_base=(0.719, -0.021, 1.009); arm_tol=0.030, slide_err=0.003, left_err=0.002, right_err=0.002, cmd_err=0.000, max_vel=0.006
[INFO] [1787825606.565617093] [six_angels_material_sorting_client]: CONTROL_LOOP_HEALTH samples=400/7924 interval_p95=55.50ms interval_p99=98.62ms execution_p95=13.12ms interval_misses=22 execution_misses=25
[INFO] [1787825606.715567409] [six_angels_material_sorting_client]: controller=executing_stage task=3 attempt=1 stage=grasp score=100: task 3 entering grasp: task 1 both open arms reached the non-contact pregrasp pose
[INFO] [1787825606.766737419] [six_angels_material_sorting_client]: controller=executing_stage task=3 attempt=1 stage=grasp score=100: task 3 attempt 1 stage=grasp
[INFO] [1787825608.815301161] [six_angels_material_sorting_client]: progress task=3 stage=grasp: task 1 settling at the compliant contact start pose; compliance=active; left[contact=False, aligned=False, angle=0.2deg, effort_delta=1.60, effort_threshold=0.35, firm=True, firm_latched=False, velocity=0.002]; right[contact=False, aligned=False, angle=0.2deg, effort_delta=1.63, effort_threshold=0.35, firm=True, firm_latched=False, velocity=0.001]; target_base=(0.719, -0.018, 1.009); arm_tol=0.240, slide_err=0.006, left_err=0.014, right_err=0.014, cmd_err=0.000, max_vel=0.004; compliance=active; left[contact=False, aligned=False, angle=0.2deg, effort_delta=1.60, effort_threshold=0.35, firm=True, firm_latched=False, velocity=0.002]; right[contact=False, aligned=False, angle=0.2deg, effort_delta=1.63, effort_threshold=0.35, firm=True, firm_latched=False, velocity=0.001]
[INFO] [1787825610.867423189] [six_angels_material_sorting_client]: progress task=3 stage=grasp: task 1 continuously applying locked-wrist preload; offset=1.4/2.8 mm; compliance=active; left[contact=True, aligned=True, angle=2.2deg, effort_delta=0.17, effort_threshold=0.35, firm=False, firm_latched=False, velocity=0.000]; right[contact=True, aligned=True, angle=1.9deg, effort_delta=0.19, effort_threshold=0.35, firm=False, firm_latched=False, velocity=0.000]
[INFO] [1787825611.567548260] [six_angels_material_sorting_client]: CONTROL_LOOP_HEALTH samples=400/8024 interval_p95=55.13ms interval_p99=75.96ms execution_p95=12.66ms interval_misses=22 execution_misses=25
[INFO] [1787825612.866693953] [six_angels_material_sorting_client]: controller=executing_stage task=3 attempt=1 stage=lift score=100: task 3 entering lift: task 1 bilateral compliant grasp settled with locked wrists and 2.8 mm bounded preload; compliance=active; left[contact=True, aligned=True, angle=2.2deg, effort_delta=0.14, effort_threshold=0.35, firm=False, firm_latched=False, velocity=0.000]; right[contact=True, aligned=True, angle=1.9deg, effort_delta=0.15, effort_threshold=0.35, firm=False, firm_latched=False, velocity=0.000]
[INFO] [1787825612.915387540] [six_angels_material_sorting_client]: controller=executing_stage task=3 attempt=1 stage=lift score=100: task 3 attempt 1 stage=lift
[INFO] [1787825614.965027954] [six_angels_material_sorting_client]: progress task=3 stage=lift: task 3 raising the spine while preserving arm preload; bounded_contact=False; lift=0.150m, slide_target=0.143, slide_err=0.058, left_err=0.015, right_err=0.015, cmd_err=0.027, max_vel=0.083
[INFO] [1787825616.615330960] [six_angels_material_sorting_client]: CONTROL_LOOP_HEALTH samples=400/8125 interval_p95=55.07ms interval_p99=75.96ms execution_p95=8.02ms interval_misses=22 execution_misses=25
[INFO] [1787825616.965716411] [six_angels_material_sorting_client]: controller=executing_stage task=3 attempt=1 stage=transport score=100: task 3 entering transport: task 3 accepted the completed 0.15 m lift with bounded held-box contact motion; lift=0.150m, slide_target=0.143, slide_err=0.010, left_err=0.015, right_err=0.015, cmd_err=0.000, max_vel=0.008
[INFO] [1787825617.078943636] [six_angels_material_sorting_client]: controller=executing_stage task=3 attempt=1 stage=transport score=100: task 3 attempt 1 stage=transport
[INFO] [1787825617.083121512] [six_angels_material_sorting_client]: scheduler candidate action=task3:transport:stand:right source=heuristic reason=rl_shadow_isolated:inference_result_stale costmap_v=412
[INFO] [1787825619.014954884] [six_angels_material_sorting_client]: progress task=3 stage=transport: task 3 holding the top-box and retreating from table; retreating straight; remaining=0.262 m
[INFO] [1787825621.072536679] [six_angels_material_sorting_client]: progress task=3 stage=transport: task 3 holding the top-box and retreating from table; retreating straight; remaining=0.157 m
[INFO] [1787825621.624712027] [six_angels_material_sorting_client]: CONTROL_LOOP_HEALTH samples=400/8225 interval_p95=55.07ms interval_p99=61.09ms execution_p95=4.49ms interval_misses=22 execution_misses=26
[INFO] [1787825623.114602823] [six_angels_material_sorting_client]: progress task=3 stage=transport: task 3 holding the top-box and retreating from table; retreating straight; remaining=0.081 m
[INFO] [1787825625.115028859] [six_angels_material_sorting_client]: progress task=3 stage=transport: task 3 holding the top-box and retreating from table; retreating straight; remaining=0.041 m
[INFO] [1787825626.664864117] [six_angels_material_sorting_client]: CONTROL_LOOP_HEALTH samples=400/8326 interval_p95=50.74ms interval_p99=58.22ms execution_p95=4.39ms interval_misses=22 execution_misses=26
[INFO] [1787825627.115846006] [six_angels_material_sorting_client]: progress task=3 stage=transport: task 3 turning counter-clockwise toward the shelf before translation; yaw_error=1.492
[INFO] [1787825629.114925351] [six_angels_material_sorting_client]: progress task=3 stage=transport: task 3 turning counter-clockwise toward the shelf before translation; yaw_error=1.161
[INFO] [1787825631.164787035] [six_angels_material_sorting_client]: progress task=3 stage=transport: task 3 turning counter-clockwise toward the shelf before translation; yaw_error=0.821
[INFO] [1787825631.665230502] [six_angels_material_sorting_client]: CONTROL_LOOP_HEALTH samples=400/8426 interval_p95=50.86ms interval_p99=58.22ms execution_p95=2.50ms interval_misses=22 execution_misses=26
[INFO] [1787825633.257584668] [six_angels_material_sorting_client]: progress task=3 stage=transport: task 3 turning counter-clockwise toward the shelf before translation; yaw_error=0.468
[INFO] [1787825635.265100885] [six_angels_material_sorting_client]: progress task=3 stage=transport: task 3 turning counter-clockwise toward the shelf before translation; yaw_error=0.153
[INFO] [1787825636.714747445] [six_angels_material_sorting_client]: CONTROL_LOOP_HEALTH samples=400/8527 interval_p95=51.09ms interval_p99=58.22ms execution_p95=1.37ms interval_misses=22 execution_misses=26
[INFO] [1787825637.317755613] [six_angels_material_sorting_client]: progress task=3 stage=transport: task 1 advancing shelfward with the safe west-facing heading; advancing straight; remaining=0.462 m
[INFO] [1787825639.315211825] [six_angels_material_sorting_client]: progress task=3 stage=transport: task 1 advancing shelfward with the safe west-facing heading; advancing straight; remaining=0.374 m
[INFO] [1787825641.365078380] [six_angels_material_sorting_client]: progress task=3 stage=transport: task 1 advancing shelfward with the safe west-facing heading; advancing straight; remaining=0.273 m
[INFO] [1787825641.714830630] [six_angels_material_sorting_client]: CONTROL_LOOP_HEALTH samples=400/8627 interval_p95=50.20ms interval_p99=51.10ms execution_p95=1.36ms interval_misses=22 execution_misses=26
[INFO] [1787825643.364870525] [six_angels_material_sorting_client]: progress task=3 stage=transport: task 1 advancing shelfward with the safe west-facing heading; advancing straight; remaining=0.178 m
[INFO] [1787825645.367503335] [six_angels_material_sorting_client]: progress task=3 stage=transport: task 1 advancing shelfward with the safe west-facing heading; advancing straight; remaining=0.105 m
[INFO] [1787825646.715471656] [six_angels_material_sorting_client]: CONTROL_LOOP_HEALTH samples=400/8727 interval_p95=50.22ms interval_p99=50.99ms execution_p95=1.50ms interval_misses=22 execution_misses=26
[INFO] [1787825647.417165609] [six_angels_material_sorting_client]: progress task=3 stage=transport: task 1 advancing shelfward with the safe west-facing heading; advancing straight; remaining=0.059 m
[INFO] [1787825649.464865551] [six_angels_material_sorting_client]: progress task=3 stage=transport: task 1 advancing shelfward with the safe west-facing heading; advancing straight; remaining=0.026 m
[INFO] [1787825651.465792028] [six_angels_material_sorting_client]: progress task=3 stage=transport: task 3 moving laterally at the safe shelf-front clearance; lateral alignment rotating toward shelf-front direction; yaw_err=1.414
[INFO] [1787825651.715897001] [six_angels_material_sorting_client]: CONTROL_LOOP_HEALTH samples=400/8827 interval_p95=50.21ms interval_p99=50.99ms execution_p95=1.69ms interval_misses=22 execution_misses=26
[INFO] [1787825653.516596114] [six_angels_material_sorting_client]: progress task=3 stage=transport: task 3 moving laterally at the safe shelf-front clearance; lateral alignment rotating toward shelf-front direction; yaw_err=1.030
[INFO] [1787825655.564769176] [six_angels_material_sorting_client]: progress task=3 stage=transport: task 3 moving laterally at the safe shelf-front clearance; lateral alignment rotating toward shelf-front direction; yaw_err=0.649
[INFO] [1787825656.764980484] [six_angels_material_sorting_client]: CONTROL_LOOP_HEALTH samples=400/8928 interval_p95=50.21ms interval_p99=50.79ms execution_p95=1.69ms interval_misses=22 execution_misses=26
[INFO] [1787825657.564842612] [six_angels_material_sorting_client]: progress task=3 stage=transport: task 3 moving laterally at the safe shelf-front clearance; lateral alignment rotating toward shelf-front direction; yaw_err=0.282
[INFO] [1787825659.614816327] [six_angels_material_sorting_client]: progress task=3 stage=transport: task 3 moving laterally at the safe shelf-front clearance; lateral alignment driving along shelf front; y_err=-0.389, x_err=-0.011
[INFO] [1787825661.664867691] [six_angels_material_sorting_client]: progress task=3 stage=transport: task 3 moving laterally at the safe shelf-front clearance; lateral alignment driving along shelf front; y_err=-0.308, x_err=-0.009
[INFO] [1787825661.765387399] [six_angels_material_sorting_client]: CONTROL_LOOP_HEALTH samples=400/9028 interval_p95=50.18ms interval_p99=50.44ms execution_p95=1.69ms interval_misses=22 execution_misses=26
[INFO] [1787825663.714826796] [six_angels_material_sorting_client]: progress task=3 stage=transport: task 3 moving laterally at the safe shelf-front clearance; lateral alignment driving along shelf front; y_err=-0.212, x_err=-0.008
[INFO] [1787825665.738190374] [six_angels_material_sorting_client]: progress task=3 stage=transport: task 3 moving laterally at the safe shelf-front clearance; lateral alignment driving along shelf front; y_err=-0.116, x_err=-0.007
[INFO] [1787825666.815738614] [six_angels_material_sorting_client]: CONTROL_LOOP_HEALTH samples=400/9129 interval_p95=50.17ms interval_p99=50.52ms execution_p95=1.66ms interval_misses=22 execution_misses=26
[INFO] [1787825667.765101587] [six_angels_material_sorting_client]: progress task=3 stage=transport: task 3 moving laterally at the safe shelf-front clearance; lateral alignment driving along shelf front; y_err=-0.060, x_err=-0.007
[INFO] [1787825669.764999733] [six_angels_material_sorting_client]: progress task=3 stage=transport: task 3 moving laterally at the safe shelf-front clearance; lateral alignment driving along shelf front; y_err=-0.021, x_err=-0.007
[INFO] [1787825671.782807054] [six_angels_material_sorting_client]: progress task=3 stage=transport: task 3 moving laterally at the safe shelf-front clearance; lateral alignment restoring shelf-facing yaw; yaw_err=-1.295
[INFO] [1787825671.865152627] [six_angels_material_sorting_client]: CONTROL_LOOP_HEALTH samples=400/9230 interval_p95=50.17ms interval_p99=50.34ms execution_p95=1.51ms interval_misses=22 execution_misses=26
[INFO] [1787825673.815262425] [six_angels_material_sorting_client]: progress task=3 stage=transport: task 3 moving laterally at the safe shelf-front clearance; lateral alignment restoring shelf-facing yaw; yaw_err=-0.884
[INFO] [1787825675.865157409] [six_angels_material_sorting_client]: progress task=3 stage=transport: task 3 moving laterally at the safe shelf-front clearance; lateral alignment restoring shelf-facing yaw; yaw_err=-0.500
[INFO] [1787825676.865456743] [six_angels_material_sorting_client]: CONTROL_LOOP_HEALTH samples=400/9330 interval_p95=50.19ms interval_p99=50.52ms execution_p95=1.74ms interval_misses=22 execution_misses=26
[INFO] [1787825677.916576476] [six_angels_material_sorting_client]: progress task=3 stage=transport: task 3 moving laterally at the safe shelf-front clearance; lateral alignment restoring shelf-facing yaw; yaw_err=-0.118
[INFO] [1787825678.666639186] [six_angels_material_sorting_client]: controller=executing_stage task=3 attempt=1 stage=align_for_place score=140: task 3 entering align_for_place: task 1 reached the safe shelf pre-place stand with the carried center still 0.75 m in front of the shelf
[INFO] [1787825678.715665733] [six_angels_material_sorting_client]: controller=executing_stage task=3 attempt=1 stage=align_for_place score=140: task 3 attempt 1 stage=align_for_place
[INFO] [1787825680.765333678] [six_angels_material_sorting_client]: progress task=3 stage=align_for_place: task 1 moving held top-box to task-3 shelf clearance height; slide_target=0.684, slide_err=0.436, left_err=0.015, right_err=0.015, cmd_err=0.418, slide_vel=0.086, max_vel=0.086
[INFO] [1787825681.865886899] [six_angels_material_sorting_client]: CONTROL_LOOP_HEALTH samples=400/9430 interval_p95=50.20ms interval_p99=50.92ms execution_p95=1.75ms interval_misses=22 execution_misses=26
[INFO] [1787825682.814936312] [six_angels_material_sorting_client]: progress task=3 stage=align_for_place: task 1 moving held top-box to task-3 shelf clearance height; slide_target=0.684, slide_err=0.311, left_err=0.015, right_err=0.015, cmd_err=0.295, slide_vel=0.145, max_vel=0.145
[INFO] [1787825684.865453388] [six_angels_material_sorting_client]: progress task=3 stage=align_for_place: task 1 moving held top-box to task-3 shelf clearance height; slide_target=0.684, slide_err=0.187, left_err=0.015, right_err=0.015, cmd_err=0.172, slide_vel=0.122, max_vel=0.122
[INFO] [1787825686.915001472] [six_angels_material_sorting_client]: progress task=3 stage=align_for_place: task 1 moving held top-box to task-3 shelf clearance height; slide_target=0.684, slide_err=0.066, left_err=0.015, right_err=0.015, cmd_err=0.049, slide_vel=0.074, max_vel=0.089
[INFO] [1787825686.916039483] [six_angels_material_sorting_client]: CONTROL_LOOP_HEALTH samples=400/9531 interval_p95=50.20ms interval_p99=50.99ms execution_p95=1.80ms interval_misses=22 execution_misses=26
[INFO] [1787825688.964959247] [six_angels_material_sorting_client]: progress task=3 stage=align_for_place: task 1 moving held top-box to task-3 shelf clearance height; slide_target=0.684, slide_err=0.001, left_err=0.015, right_err=0.015, cmd_err=0.000, slide_vel=0.010, max_vel=0.010
[INFO] [1787825690.964830493] [six_angels_material_sorting_client]: progress task=3 stage=align_for_place: task 3 aligning outside shelf for packaging-box left placement; lateral alignment rotating toward shelf-front direction; yaw_err=1.249
[INFO] [1787825691.965082486] [six_angels_material_sorting_client]: CONTROL_LOOP_HEALTH samples=400/9632 interval_p95=50.20ms interval_p99=51.03ms execution_p95=1.80ms interval_misses=22 execution_misses=26
[INFO] [1787825693.014971308] [six_angels_material_sorting_client]: progress task=3 stage=align_for_place: task 3 aligning outside shelf for packaging-box left placement; lateral alignment rotating toward shelf-front direction; yaw_err=0.858
[INFO] [1787825695.014790254] [six_angels_material_sorting_client]: progress task=3 stage=align_for_place: task 3 aligning outside shelf for packaging-box left placement; lateral alignment rotating toward shelf-front direction; yaw_err=0.476
[INFO] [1787825696.965514963] [six_angels_material_sorting_client]: CONTROL_LOOP_HEALTH samples=400/9732 interval_p95=50.19ms interval_p99=50.99ms execution_p95=1.76ms interval_misses=22 execution_misses=26
[INFO] [1787825697.014981711] [six_angels_material_sorting_client]: progress task=3 stage=align_for_place: task 3 aligning outside shelf for packaging-box left placement; lateral alignment rotating toward shelf-front direction; yaw_err=0.112
[INFO] [1787825699.064817045] [six_angels_material_sorting_client]: progress task=3 stage=align_for_place: task 3 aligning outside shelf for packaging-box left placement; lateral alignment driving along shelf front; y_err=-0.209, x_err=-0.005
[INFO] [1787825701.065190242] [six_angels_material_sorting_client]: progress task=3 stage=align_for_place: task 3 aligning outside shelf for packaging-box left placement; lateral alignment driving along shelf front; y_err=-0.109, x_err=-0.004
[INFO] [1787825702.015084477] [six_angels_material_sorting_client]: CONTROL_LOOP_HEALTH samples=400/9833 interval_p95=50.18ms interval_p99=50.93ms execution_p95=1.61ms interval_misses=22 execution_misses=26
[INFO] [1787825703.065220629] [six_angels_material_sorting_client]: progress task=3 stage=align_for_place: task 3 aligning outside shelf for packaging-box left placement; lateral alignment driving along shelf front; y_err=-0.053, x_err=-0.004
[INFO] [1787825705.064928385] [six_angels_material_sorting_client]: progress task=3 stage=align_for_place: task 3 aligning outside shelf for packaging-box left placement; lateral alignment restoring shelf-facing yaw; yaw_err=-1.566
[INFO] [1787825707.065567922] [six_angels_material_sorting_client]: CONTROL_LOOP_HEALTH samples=400/9934 interval_p95=50.19ms interval_p99=50.88ms execution_p95=1.52ms interval_misses=22 execution_misses=26
[INFO] [1787825707.115408640] [six_angels_material_sorting_client]: progress task=3 stage=align_for_place: task 3 aligning outside shelf for packaging-box left placement; lateral alignment restoring shelf-facing yaw; yaw_err=-1.151
[INFO] [1787825709.164965035] [six_angels_material_sorting_client]: progress task=3 stage=align_for_place: task 3 aligning outside shelf for packaging-box left placement; lateral alignment restoring shelf-facing yaw; yaw_err=-0.726
[INFO] [1787825711.214755759] [six_angels_material_sorting_client]: progress task=3 stage=align_for_place: task 3 aligning outside shelf for packaging-box left placement; lateral alignment restoring shelf-facing yaw; yaw_err=-0.301
[INFO] [1787825712.066296279] [six_angels_material_sorting_client]: CONTROL_LOOP_HEALTH samples=400/10034 interval_p95=50.19ms interval_p99=50.72ms execution_p95=1.50ms interval_misses=22 execution_misses=26
[INFO] [1787825713.215489597] [six_angels_material_sorting_client]: progress task=3 stage=align_for_place: task 1 advancing to the shallow task-3 insertion stand; advancing straight; remaining=0.629 m
[INFO] [1787825715.265041481] [six_angels_material_sorting_client]: progress task=3 stage=align_for_place: task 1 advancing to the shallow task-3 insertion stand; advancing straight; remaining=0.524 m
[INFO] [1787825717.114766841] [six_angels_material_sorting_client]: CONTROL_LOOP_HEALTH samples=400/10135 interval_p95=50.20ms interval_p99=50.59ms execution_p95=1.49ms interval_misses=22 execution_misses=26
[INFO] [1787825717.314937476] [six_angels_material_sorting_client]: progress task=3 stage=align_for_place: task 1 advancing to the shallow task-3 insertion stand; advancing straight; remaining=0.415 m
[INFO] [1787825719.364753111] [six_angels_material_sorting_client]: progress task=3 stage=align_for_place: task 1 advancing to the shallow task-3 insertion stand; advancing straight; remaining=0.300 m
[INFO] [1787825721.365254078] [six_angels_material_sorting_client]: progress task=3 stage=align_for_place: task 1 advancing to the shallow task-3 insertion stand; advancing straight; remaining=0.200 m
[INFO] [1787825722.115109088] [six_angels_material_sorting_client]: CONTROL_LOOP_HEALTH samples=400/10235 interval_p95=50.20ms interval_p99=50.57ms execution_p95=1.53ms interval_misses=22 execution_misses=26
[INFO] [1787825723.414875003] [six_angels_material_sorting_client]: progress task=3 stage=align_for_place: task 1 advancing to the shallow task-3 insertion stand; advancing straight; remaining=0.104 m
[INFO] [1787825725.414834169] [six_angels_material_sorting_client]: progress task=3 stage=align_for_place: task 1 advancing to the shallow task-3 insertion stand; advancing straight; remaining=0.052 m
[INFO] [1787825727.164816832] [six_angels_material_sorting_client]: CONTROL_LOOP_HEALTH samples=400/10336 interval_p95=50.19ms interval_p99=50.39ms execution_p95=1.55ms interval_misses=22 execution_misses=26
[INFO] [1787825727.464470644] [six_angels_material_sorting_client]: progress task=3 stage=align_for_place: task 3 advancing the base an additional 0.15 m before release; advancing straight; remaining=0.148 m
[INFO] [1787825729.464881941] [six_angels_material_sorting_client]: progress task=3 stage=align_for_place: task 3 advancing the base an additional 0.15 m before release; advancing straight; remaining=0.085 m
[INFO] [1787825731.464914827] [six_angels_material_sorting_client]: progress task=3 stage=align_for_place: task 3 advancing the base an additional 0.15 m before release; advancing straight; remaining=0.045 m
[INFO] [1787825732.165085939] [six_angels_material_sorting_client]: CONTROL_LOOP_HEALTH samples=400/10436 interval_p95=50.19ms interval_p99=50.66ms execution_p95=1.43ms interval_misses=22 execution_misses=26
[INFO] [1787825733.315525679] [six_angels_material_sorting_client]: controller=executing_stage task=3 attempt=1 stage=place score=140: task 3 entering place: task 3 reached the direct base-release position without arm insertion; extra advance=0.15 m
[INFO] [1787825733.365125867] [six_angels_material_sorting_client]: controller=executing_stage task=3 attempt=1 stage=place score=140: task 3 attempt 1 stage=place
[INFO] [1787825735.414910012] [six_angels_material_sorting_client]: progress task=3 stage=place: task 1 lowering task-3 box compliantly onto the shelf board; slide_target=0.792, slide_err=0.028, left_err=0.015, right_err=0.015, cmd_err=0.009, slide_vel=0.147, max_vel=0.147; compliant_place_phase=fast_approach, remaining_mm=21.0, step_mm=2.0, completion=None; placement_effort=active, slide_ratio=0.00, left_wrist_ratio=0.00, right_wrist_ratio=0.00, left_arm_max=0.00, right_arm_max=0.00, candidate=False, confirmed=False
[INFO] [1787825737.166094897] [six_angels_material_sorting_client]: CONTROL_LOOP_HEALTH samples=400/10536 interval_p95=50.19ms interval_p99=50.70ms execution_p95=1.62ms interval_misses=22 execution_misses=26
[INFO] [1787825737.415260709] [six_angels_material_sorting_client]: progress task=3 stage=place: task 1 lowering task-3 box compliantly onto the shelf board; slide_target=0.794, slide_err=0.001, left_err=0.015, right_err=0.016, cmd_err=0.000, slide_vel=0.005, max_vel=0.005; compliant_place_phase=fine_descent, remaining_mm=10.0, step_mm=2.0, completion=None; placement_effort=active, slide_ratio=0.00, left_wrist_ratio=0.00, right_wrist_ratio=0.00, left_arm_max=0.00, right_arm_max=0.00, candidate=False, confirmed=False
[INFO] [1787825739.415123315] [six_angels_material_sorting_client]: progress task=3 stage=place: task 3 spreading both arms locally to release; target_base=(0.719, -0.018, 0.506); arm_tol=0.030, slide_err=0.005, left_err=0.046, right_err=0.044, cmd_err=0.040, max_vel=0.100
[INFO] [1787825741.266763428] [six_angels_material_sorting_client]: controller=executing_stage task=3 attempt=1 stage=verify_place score=140: task 3 entering verify_place: task 3 released the box from the achieved insertion pose without world-frame IK recomputation
[INFO] [1787825741.315534315] [six_angels_material_sorting_client]: controller=executing_stage task=3 attempt=1 stage=verify_place score=140: task 3 attempt 1 stage=verify_place
[INFO] [1787825742.215167730] [six_angels_material_sorting_client]: CONTROL_LOOP_HEALTH samples=400/10637 interval_p95=50.20ms interval_p99=50.50ms execution_p95=1.75ms interval_misses=22 execution_misses=26
[INFO] [1787825742.365413007] [six_angels_material_sorting_client]: controller=executing_stage task=3 attempt=1 stage=return_to_end score=140: task 3 entering return_to_end: task 1 shelf placement settled; handing result to referee
[INFO] [1787825742.503897937] [six_angels_material_sorting_client]: controller=executing_stage task=3 attempt=1 stage=return_to_end score=140: task 3 attempt 1 stage=return_to_end
[INFO] [1787825742.508326203] [six_angels_material_sorting_client]: scheduler candidate action=task3:return_to_end:stand:left source=heuristic reason=rl_shadow_isolated:inference_result_stale costmap_v=518
[INFO] [1787825744.499490617] [six_angels_material_sorting_client]: progress task=3 stage=return_to_end: task 3 retreating the base 0.40 m after release; retreating straight; remaining=0.280 m
[INFO] [1787825746.539630379] [six_angels_material_sorting_client]: progress task=3 stage=return_to_end: task 3 retreating the base 0.40 m after release; retreating straight; remaining=0.136 m
[INFO] [1787825747.215579057] [six_angels_material_sorting_client]: CONTROL_LOOP_HEALTH samples=400/10737 interval_p95=50.50ms interval_p99=58.76ms execution_p95=1.86ms interval_misses=23 execution_misses=27
[INFO] [1787825748.565352181] [six_angels_material_sorting_client]: progress task=3 stage=return_to_end: task 3 retreating the base 0.40 m after release; retreating straight; remaining=0.055 m
[INFO] [1787825750.565685178] [six_angels_material_sorting_client]: progress task=3 stage=return_to_end: task 3 compacting open arms to half-width 0.065 m; target_base=(0.719, -0.018, 0.506); arm_tol=0.030, slide_err=0.008, left_err=0.161, right_err=0.155, cmd_err=0.140, max_vel=0.235
[INFO] [1787825752.265171622] [six_angels_material_sorting_client]: CONTROL_LOOP_HEALTH samples=400/10838 interval_p95=55.57ms interval_p99=59.78ms execution_p95=2.19ms interval_misses=23 execution_misses=27
[INFO] [1787825752.615222543] [six_angels_material_sorting_client]: progress task=3 stage=return_to_end: task 3 pushing the released box farther into the shelf by 0.38 m; advancing straight; remaining=0.364 m
[INFO] [1787825754.731714949] [six_angels_material_sorting_client]: progress task=3 stage=return_to_end: task 3 pushing the released box farther into the shelf by 0.38 m; advancing straight; remaining=0.253 m
[INFO] [1787825756.665713115] [six_angels_material_sorting_client]: progress task=3 stage=return_to_end: task 3 pushing the released box farther into the shelf by 0.38 m; advancing straight; remaining=0.143 m
[INFO] [1787825757.265245609] [six_angels_material_sorting_client]: CONTROL_LOOP_HEALTH samples=400/10938 interval_p95=57.37ms interval_p99=60.40ms execution_p95=2.09ms interval_misses=23 execution_misses=28
[INFO] [1787825758.715697621] [six_angels_material_sorting_client]: progress task=3 stage=return_to_end: task 3 pushing the released box farther into the shelf by 0.38 m; advancing straight; remaining=0.076 m
[INFO] [1787825760.799320792] [six_angels_material_sorting_client]: progress task=3 stage=return_to_end: task 3 pushing the released box farther into the shelf by 0.38 m; advancing straight; remaining=0.040 m
[INFO] [1787825762.315752085] [six_angels_material_sorting_client]: CONTROL_LOOP_HEALTH samples=400/11039 interval_p95=58.77ms interval_p99=60.69ms execution_p95=2.05ms interval_misses=24 execution_misses=29
[INFO] [1787825762.723869655] [six_angels_material_sorting_client]: progress task=3 stage=return_to_end: task 3 retreating after the post-release push; retreating straight; remaining=0.442 m
[INFO] [1787825764.764854268] [six_angels_material_sorting_client]: progress task=3 stage=return_to_end: task 3 retreating after the post-release push; retreating straight; remaining=0.311 m
[INFO] [1787825766.822745074] [six_angels_material_sorting_client]: progress task=3 stage=return_to_end: task 3 retreating after the post-release push; retreating straight; remaining=0.181 m
[INFO] [1787825767.387796370] [six_angels_material_sorting_client]: CONTROL_LOOP_HEALTH samples=400/11140 interval_p95=58.76ms interval_p99=60.68ms execution_p95=2.01ms interval_misses=24 execution_misses=30
[INFO] [1787825768.778502340] [six_angels_material_sorting_client]: progress task=3 stage=return_to_end: task 3 retreating after the post-release push; retreating straight; remaining=0.081 m
[INFO] [1787825770.815098167] [six_angels_material_sorting_client]: progress task=3 stage=return_to_end: task 3 retreating after the post-release push; retreating straight; remaining=0.029 m
[INFO] [1787825772.374682859] [six_angels_material_sorting_client]: CONTROL_LOOP_HEALTH samples=400/11240 interval_p95=58.44ms interval_p99=60.69ms execution_p95=2.03ms interval_misses=24 execution_misses=30
[INFO] [1787825772.816195385] [six_angels_material_sorting_client]: progress task=3 stage=return_to_end: task 3 retracting both arms after the post-release push; transport retract; slide_err=0.000, left_err=0.046, right_err=0.042, cmd_err=0.000, max_vel=1.257
[INFO] [1787825774.823291532] [six_angels_material_sorting_client]: progress task=3 stage=return_to_end: task 3 raising the retracted arms to maximum transport height; slide_target=-0.040, slide_err=0.105, left_err=0.002, right_err=0.002, cmd_err=0.077, slide_vel=0.051, max_vel=0.051
[INFO] [1787825776.823566819] [six_angels_material_sorting_client]: progress task=3 stage=return_to_end: task 3 raising the retracted arms to maximum transport height; slide_target=-0.040, slide_err=0.015, left_err=0.003, right_err=0.003, cmd_err=0.000, slide_vel=0.018, max_vel=0.018
[INFO] [1787825777.423607603] [six_angels_material_sorting_client]: CONTROL_LOOP_HEALTH samples=400/11341 interval_p95=57.86ms interval_p99=60.68ms execution_p95=2.20ms interval_misses=24 execution_misses=30
[INFO] [1787825778.827017800] [six_angels_material_sorting_client]: progress task=3 stage=return_to_end: task 1 returning to the end zone; goal=(-0.78, 0.55, 1.57); nav_status=navigating; NAV_TEL phase=transfer status=navigating segment=nav_end x=-1.281 y=0.552 yaw=2.905 dist=0.501 yaw_err=-1.334 cmd=(0.000,-0.550) clear=0.350 footprint=transit_stowed path=0.500 planned_straight=0.501 detour=0.999
[INFO] [1787825780.867181222] [six_angels_material_sorting_client]: progress task=3 stage=return_to_end: task 1 returning to the end zone; goal=(-0.78, 0.55, 1.57); nav_status=navigating; NAV_TEL phase=transfer status=navigating segment=nav_end x=-1.280 y=0.551 yaw=2.276 dist=0.500 yaw_err=-0.705 cmd=(0.000,-0.550) clear=0.250 footprint=transit_stowed path=0.500 planned_straight=0.501 detour=0.999
[INFO] [1787825782.466642709] [six_angels_material_sorting_client]: CONTROL_LOOP_HEALTH samples=400/11442 interval_p95=57.01ms interval_p99=59.98ms execution_p95=3.68ms interval_misses=24 execution_misses=30
[INFO] [1787825782.959643056] [six_angels_material_sorting_client]: progress task=3 stage=return_to_end: task 1 returning to the end zone; goal=(-0.78, 0.55, 1.57); nav_status=navigating; NAV_TEL phase=transfer status=navigating segment=nav_end x=-1.280 y=0.551 yaw=1.695 dist=0.500 yaw_err=-0.124 cmd=(0.000,-0.550) clear=0.300 footprint=transit_stowed path=0.500 planned_straight=0.501 detour=0.999
[INFO] [1787825784.966243302] [six_angels_material_sorting_client]: progress task=3 stage=return_to_end: task 1 returning to the end zone; goal=(-0.78, 0.55, 1.57); nav_status=navigating; NAV_TEL phase=transfer status=navigating segment=nav_end x=-1.280 y=0.550 yaw=1.120 dist=0.500 yaw_err=0.451 cmd=(0.000,-0.550) clear=0.300 footprint=transit_stowed path=0.500 planned_straight=0.501 detour=0.999
[INFO] [1787825786.994446727] [six_angels_material_sorting_client]: progress task=3 stage=return_to_end: task 1 returning to the end zone; goal=(-0.78, 0.55, 1.57); nav_status=navigating; NAV_TEL phase=transfer status=navigating segment=nav_end x=-1.280 y=0.550 yaw=0.555 dist=0.500 yaw_err=1.016 cmd=(0.000,-0.550) clear=0.300 footprint=transit_stowed path=0.500 planned_straight=0.501 detour=0.999
[INFO] [1787825787.565337481] [six_angels_material_sorting_client]: CONTROL_LOOP_HEALTH samples=400/11543 interval_p95=56.77ms interval_p99=58.43ms execution_p95=3.69ms interval_misses=24 execution_misses=30
[INFO] [1787825789.017353856] [six_angels_material_sorting_client]: progress task=3 stage=return_to_end: task 1 returning to the end zone; goal=(-0.78, 0.55, 1.57); nav_status=navigating; NAV_TEL phase=transfer status=navigating segment=nav_end x=-1.198 y=0.565 yaw=0.122 dist=0.419 yaw_err=1.449 cmd=(0.180,-0.148) clear=0.350 footprint=transit_stowed path=0.500 planned_straight=0.501 detour=0.999
[INFO] [1787825791.066046839] [six_angels_material_sorting_client]: progress task=3 stage=return_to_end: task 1 returning to the end zone; goal=(-0.78, 0.55, 1.57); nav_status=navigating; NAV_TEL phase=transfer status=navigating segment=nav_end x=-1.005 y=0.576 yaw=0.020 dist=0.226 yaw_err=1.551 cmd=(0.176,-0.026) clear=0.400 footprint=transit_stowed path=0.500 planned_straight=0.501 detour=0.999
[INFO] [1787825792.566548430] [six_angels_material_sorting_client]: CONTROL_LOOP_HEALTH samples=400/11644 interval_p95=56.08ms interval_p99=58.06ms execution_p95=3.68ms interval_misses=24 execution_misses=30
[INFO] [1787825793.115800735] [six_angels_material_sorting_client]: progress task=3 stage=return_to_end: task 1 returning to the end zone; goal=(-0.78, 0.55, 1.57); nav_status=final_positioning; NAV_TEL phase=transfer status=final_positioning segment=nav_end x=-0.875 y=0.572 yaw=-0.164 dist=0.097 yaw_err=1.734 cmd=(0.078,-0.132) clear=0.350 footprint=transit_stowed path=0.500 planned_straight=0.501 detour=0.999
[INFO] [1787825795.175098573] [six_angels_material_sorting_client]: progress task=3 stage=return_to_end: task 1 returning to the end zone; goal=(-0.78, 0.55, 1.57); nav_status=final_aligning; NAV_TEL phase=transfer status=final_aligning segment=nav_end x=-0.848 y=0.567 yaw=0.171 dist=0.070 yaw_err=1.399 cmd=(0.000,0.500) clear=0.350 footprint=transit_stowed path=0.500 planned_straight=0.501 detour=0.999
[INFO] [1787825797.224978318] [six_angels_material_sorting_client]: progress task=3 stage=return_to_end: task 1 returning to the end zone; goal=(-0.78, 0.55, 1.57); nav_status=final_aligning; NAV_TEL phase=transfer status=final_aligning segment=nav_end x=-0.849 y=0.567 yaw=0.699 dist=0.071 yaw_err=0.872 cmd=(0.000,0.500) clear=0.300 footprint=transit_stowed path=0.500 planned_straight=0.501 detour=0.999
[INFO] [1787825797.566350017] [six_angels_material_sorting_client]: CONTROL_LOOP_HEALTH samples=400/11744 interval_p95=55.15ms interval_p99=57.14ms execution_p95=3.68ms interval_misses=24 execution_misses=30
[INFO] [1787825799.266425442] [six_angels_material_sorting_client]: progress task=3 stage=return_to_end: task 1 returning to the end zone; goal=(-0.78, 0.55, 1.57); nav_status=final_aligning; NAV_TEL phase=transfer status=final_aligning segment=nav_end x=-0.849 y=0.567 yaw=1.168 dist=0.071 yaw_err=0.403 cmd=(0.000,0.500) clear=0.300 footprint=transit_stowed path=0.500 planned_straight=0.501 detour=0.999
[INFO] [1787825800.966357757] [six_angels_material_sorting_client]: controller=finished task=3 attempt=1 stage=- score=160: referee terminal cleanup completed
{
  "completed_seeds": [
    20260911
  ],
  "fail_fast": true,
  "passed": true,
  "promotion_allowed": false,
  "runs": [
    {
      "client_log": "/home/abc123/rl2_validation/rl2_1_shadow_asyncfix_pairs_20260911_20260912_r1/shadow/v2_multiseed_20260911/client_v2_multiseed_20260911.log",
      "failures": [],
      "passed": true,
      "score": 160,
      "seed": 20260911,
      "server_log": "/home/abc123/rl2_validation/rl2_1_shadow_asyncfix_pairs_20260911_20260912_r1/shadow/v2_multiseed_20260911/server_v2_multiseed_20260911.log"
    }
  ],
  "stopped_at_seed": null
}
