server detached run=v2_multiseed_20260912 seed=20260912 log=/home/abc123/rl2_validation/rl2_1_shadow_asyncfix_pairs_20260911_20260912_r1/shadow/v2_multiseed_20260912/server_v2_multiseed_20260912.log
client mode=shadow engine=v2 policy=rl_shadow image=material_sorting:offline-client-rl-shadow-e3f5284; log=/home/abc123/rl2_validation/rl2_1_shadow_asyncfix_pairs_20260911_20260912_r1/shadow/v2_multiseed_20260912/client_v2_multiseed_20260912.log
checking Client module consistency...
/workspace/baseline/examples/material_sorting/shelf/state_tracker.py:127: UserWarning: layout.scene.shelf_opening_yaw missing; fallback DEFAULT_SHELF_OPENING_YAW=0.0
  self.geometry = geometry or load_shelf_geometry()
/workspace/baseline/examples/material_sorting/perception/shelf_empty_confirm.py:90: UserWarning: layout.scene.shelf_opening_yaw missing; fallback DEFAULT_SHELF_OPENING_YAW=0.0
  self.geometry = geometry or load_shelf_geometry()
/usr/local/lib/python3.10/dist-packages/matplotlib/projections/__init__.py:63: UserWarning: Unable to import Axes3D. This may be due to multiple versions of Matplotlib being installed (e.g. as a system package and as a pip package). As a result, the 3D projection is not available.
  warnings.warn("Unable to import Axes3D. This may be due to multiple versions of "
[INFO] [1787826397.532020142] [six_angels_material_sorting_client]: scheduler RL overlay enabled; policy_mode=rl_shadow
[INFO] [1787826397.544434649] [six_angels_material_sorting_client]: client started; waiting for instruction, odometry and joint states; execution_mode=task123_full; scheduler=v2
[INFO] [1787826397.545116520] [six_angels_material_sorting_client]: scheduler_policy=rl_shadow; event_log=/workspace/artifacts/scheduler_v2_multiseed_20260912.jsonl; measured_carry_guard=False
[INFO] [1787826397.545761261] [six_angels_material_sorting_client]: runtime_health=odom_max_age=0.750s, joint_max_age=0.750s, stale_grace=2.000s, control_period=0.050s
[WARN] [1787826397.546377222] [six_angels_material_sorting_client]: scheduler v2 is active: task plans and command/resource guards are enforced
[INFO] [1787826397.547032033] [six_angels_material_sorting_client]: semantic audit disabled
[WARN] [1787826397.547670534] [six_angels_material_sorting_client]: task123_full enables integrated task-1/task-2 execution and task-3 top-box pick, measured packaging-box left placement, and safe return; task transitions remain referee-driven
[INFO] [1787826397.595102409] [six_angels_material_sorting_client]: waiting for: instructions
[INFO] [1787826397.874468593] [six_angels_material_sorting_client]: instructions accepted: T1=brown->shelf_point, T2=pink->table_point, T3=yellow->shelf_prop_side
[INFO] [1787826401.084360324] [material_box_detect]: material_box_detect up; backend=yolo; checkpoint=/workspace/baseline/examples/material_sorting/perception/checkpoints/best.pt; conf=0.65; center_compensation_scale=0.70; detection_log_period=0.0s
[INFO] [1787826402.595758761] [six_angels_material_sorting_client]: waiting for: detection:brown
[INFO] [1787826402.596771852] [six_angels_material_sorting_client]: CONTROL_LOOP_HEALTH samples=101/101 interval_p95=50.41ms interval_p99=50.57ms execution_p95=0.42ms interval_misses=0 execution_misses=0
[INFO] [1787826403.244861603] [six_angels_material_sorting_client]: client inputs ready; starting three-task competition controller
[INFO] [1787826403.246979606] [six_angels_material_sorting_client]: controller=starting_task task=1 attempt=1 stage=navigate_to_pick score=0: starting task 1 attempt 1
[INFO] [1787826403.295952973] [six_angels_material_sorting_client]: controller=executing_stage task=1 attempt=1 stage=navigate_to_pick score=0: task 1 entering navigate_to_pick
[INFO] [1787826403.417399040] [six_angels_material_sorting_client]: controller=executing_stage task=1 attempt=1 stage=navigate_to_pick score=0: task 1 attempt 1 stage=navigate_to_pick
[INFO] [1787826403.738600682] [six_angels_material_sorting_client]: scheduler candidate action=task1:navigate_to_pick:stand:right source=heuristic reason=rl_shadow_isolated:submitted costmap_v=1
[INFO] [1787826405.348576294] [six_angels_material_sorting_client]: progress task=1 stage=navigate_to_pick: task 1 navigating to pick stand (-0.92, 1.55); nav_status=navigating; NAV_TEL phase=task1_pick status=navigating segment=nav_table x=-0.700 y=0.550 yaw=2.066 dist=1.024 yaw_err=-0.495 cmd=(0.000,0.650) clear=0.300 footprint=transit_stowed path=1.250 planned_straight=1.024 detour=1.221
[INFO] [1787826407.509044373] [six_angels_material_sorting_client]: progress task=1 stage=navigate_to_pick: task 1 navigating to pick stand (-0.92, 1.55); nav_status=navigating; NAV_TEL phase=task1_pick status=navigating segment=nav_table x=-0.770 y=0.606 yaw=2.487 dist=0.956 yaw_err=-0.916 cmd=(0.179,-0.096) clear=0.350 footprint=transit_stowed path=1.250 planned_straight=1.024 detour=1.221
[INFO] [1787826407.706698475] [six_angels_material_sorting_client]: CONTROL_LOOP_HEALTH samples=199/199 interval_p95=55.98ms interval_p99=106.52ms execution_p95=2.67ms interval_misses=4 execution_misses=4
[INFO] [1787826409.461293976] [six_angels_material_sorting_client]: progress task=1 stage=navigate_to_pick: task 1 navigating to pick stand (-0.92, 1.55); nav_status=navigating; NAV_TEL phase=task1_pick status=navigating segment=nav_table x=-0.893 y=0.727 yaw=2.123 dist=0.823 yaw_err=-0.553 cmd=(0.200,-0.557) clear=0.450 footprint=transit_stowed path=1.250 planned_straight=1.024 detour=1.221
[INFO] [1787826411.498050565] [six_angels_material_sorting_client]: progress task=1 stage=navigate_to_pick: task 1 navigating to pick stand (-0.92, 1.55); nav_status=navigating; NAV_TEL phase=task1_pick status=navigating segment=nav_table x=-0.949 y=0.910 yaw=1.660 dist=0.641 yaw_err=-0.089 cmd=(0.200,-0.185) clear=0.700 footprint=transit_stowed path=1.250 planned_straight=1.024 detour=1.221
[INFO] [1787826412.699425777] [six_angels_material_sorting_client]: CONTROL_LOOP_HEALTH samples=299/299 interval_p95=57.29ms interval_p99=95.49ms execution_p95=2.72ms interval_misses=5 execution_misses=4
[INFO] [1787826413.498331284] [six_angels_material_sorting_client]: progress task=1 stage=navigate_to_pick: task 1 navigating to pick stand (-0.92, 1.55); nav_status=navigating; NAV_TEL phase=task1_pick status=navigating segment=nav_table x=-0.952 y=1.103 yaw=1.550 dist=0.448 yaw_err=0.021 cmd=(0.200,-0.027) clear=0.600 footprint=transit_stowed path=1.250 planned_straight=1.024 detour=1.221
[INFO] [1787826415.546760620] [six_angels_material_sorting_client]: progress task=1 stage=navigate_to_pick: task 1 navigating to pick stand (-0.92, 1.55); nav_status=navigating; NAV_TEL phase=task1_pick status=navigating segment=nav_table x=-0.946 y=1.299 yaw=1.534 dist=0.252 yaw_err=0.037 cmd=(0.200,-0.004) clear=0.400 footprint=transit_stowed path=1.250 planned_straight=1.024 detour=1.221
[INFO] [1787826417.596576037] [six_angels_material_sorting_client]: progress task=1 stage=navigate_to_pick: task 1 navigating to pick stand (-0.92, 1.55); nav_status=final_positioning; NAV_TEL phase=task1_pick status=final_positioning segment=nav_table x=-0.940 y=1.431 yaw=1.466 dist=0.121 yaw_err=0.104 cmd=(0.096,-0.119) clear=0.250 footprint=transit_stowed path=1.250 planned_straight=1.024 detour=1.221
[INFO] [1787826417.700172519] [six_angels_material_sorting_client]: CONTROL_LOOP_HEALTH samples=400/400 interval_p95=57.04ms interval_p99=89.41ms execution_p95=2.69ms interval_misses=5 execution_misses=4
[INFO] [1787826419.597863967] [six_angels_material_sorting_client]: progress task=1 stage=navigate_to_pick: task 1 navigating to pick stand (-0.92, 1.55); nav_status=final_aligning; NAV_TEL phase=task1_pick status=final_aligning segment=nav_table x=-0.933 y=1.483 yaw=1.490 dist=0.069 yaw_err=0.081 cmd=(0.000,0.162) clear=0.200 footprint=transit_stowed path=1.250 planned_straight=1.024 detour=1.221
[INFO] [1787826419.996979755] [six_angels_material_sorting_client]: controller=executing_stage task=1 attempt=1 stage=acquire_target score=0: task 1 entering acquire_target: task 1 reached the detected table-side pick stand; stopping before arm motion; NAV_GOAL_REACHED segment=nav_table
[INFO] [1787826420.046049963] [six_angels_material_sorting_client]: controller=executing_stage task=1 attempt=1 stage=acquire_target score=0: task 1 attempt 1 stage=acquire_target
[INFO] [1787826420.095889941] [six_angels_material_sorting_client]: controller=executing_stage task=1 attempt=1 stage=align_for_pick score=0: task 1 entering align_for_pick: task 1 target locked for open pregrasp at (-0.959, 2.255, 0.834); orientation=yaw90; source=rgbd_cuboid
[INFO] [1787826420.146090430] [six_angels_material_sorting_client]: controller=executing_stage task=1 attempt=1 stage=align_for_pick score=0: task 1 attempt 1 stage=align_for_pick
[INFO] [1787826422.196383528] [six_angels_material_sorting_client]: progress task=1 stage=align_for_pick: task 1 moving both open arms to pregrasp; target_base=(0.771, 0.057, 0.834); arm_tol=0.030, slide_err=0.007, left_err=0.003, right_err=0.006, cmd_err=0.000, max_vel=0.089
[INFO] [1787826422.746364314] [six_angels_material_sorting_client]: CONTROL_LOOP_HEALTH samples=400/501 interval_p95=57.02ms interval_p99=79.36ms execution_p95=2.74ms interval_misses=5 execution_misses=4
[INFO] [1787826422.897136621] [six_angels_material_sorting_client]: controller=executing_stage task=1 attempt=1 stage=grasp score=0: task 1 entering grasp: task 1 both open arms reached the non-contact pregrasp pose
[INFO] [1787826422.946326439] [six_angels_material_sorting_client]: controller=executing_stage task=1 attempt=1 stage=grasp score=0: task 1 attempt 1 stage=grasp
[INFO] [1787826424.947032708] [six_angels_material_sorting_client]: progress task=1 stage=grasp: task 1 starting continuous compliant inward motion; compliance=active; left[contact=False, aligned=False, angle=0.5deg, effort_delta=1.74, effort_threshold=0.35, firm=True, firm_latched=False, velocity=0.000]; right[contact=False, aligned=False, angle=1.0deg, effort_delta=1.64, effort_threshold=0.35, firm=True, firm_latched=False, velocity=0.000]
[INFO] [1787826426.998566908] [six_angels_material_sorting_client]: progress task=1 stage=grasp: task 1 continuously applying locked-wrist preload; offset=1.7/2.7 mm; compliance=active; left[contact=True, aligned=True, angle=2.3deg, effort_delta=0.20, effort_threshold=0.35, firm=False, firm_latched=False, velocity=0.001]; right[contact=True, aligned=True, angle=2.9deg, effort_delta=0.39, effort_threshold=0.35, firm=False, firm_latched=False, velocity=0.000]
[INFO] [1787826427.748818849] [six_angels_material_sorting_client]: CONTROL_LOOP_HEALTH samples=400/601 interval_p95=55.05ms interval_p99=59.87ms execution_p95=4.72ms interval_misses=5 execution_misses=4
[INFO] [1787826428.597374725] [six_angels_material_sorting_client]: controller=executing_stage task=1 attempt=1 stage=lift score=0: task 1 entering lift: task 1 bilateral compliant grasp settled with locked wrists and 2.7 mm bounded preload; compliance=active; left[contact=True, aligned=True, angle=2.3deg, effort_delta=0.19, effort_threshold=0.35, firm=False, firm_latched=False, velocity=0.000]; right[contact=True, aligned=True, angle=2.9deg, effort_delta=0.36, effort_threshold=0.35, firm=False, firm_latched=False, velocity=0.000]
[INFO] [1787826428.646503072] [six_angels_material_sorting_client]: controller=executing_stage task=1 attempt=1 stage=lift score=0: task 1 attempt 1 stage=lift
[INFO] [1787826430.695956569] [six_angels_material_sorting_client]: progress task=1 stage=lift: task 1 raising the spine while preserving arm preload; lift=0.150m, slide_target=0.318, slide_err=0.055, left_err=0.018, right_err=0.015, cmd_err=0.027, max_vel=0.062
[INFO] [1787826432.696473109] [six_angels_material_sorting_client]: progress task=1 stage=lift: task 1 raising the spine while preserving arm preload; lift=0.150m, slide_target=0.318, slide_err=0.010, left_err=0.018, right_err=0.015, cmd_err=0.000, max_vel=0.007
[INFO] [1787826432.796348826] [six_angels_material_sorting_client]: CONTROL_LOOP_HEALTH samples=400/702 interval_p95=50.42ms interval_p99=56.24ms execution_p95=4.72ms interval_misses=5 execution_misses=4
[INFO] [1787826432.996469791] [six_angels_material_sorting_client]: controller=executing_stage task=1 attempt=1 stage=transport score=0: task 1 entering transport: task 1 lifted the held box 0.150 m; holding before transport
[INFO] [1787826433.021212125] [material_box_detect]: started task-stage shelf empty confirmation
[INFO] [1787826433.049636004] [six_angels_material_sorting_client]: controller=executing_stage task=1 attempt=1 stage=transport score=0: task 1 attempt 1 stage=transport
[INFO] [1787826433.147877159] [six_angels_material_sorting_client]: scheduler candidate action=task1:transport:stand:right source=heuristic reason=rl_shadow_isolated:inference_result_stale costmap_v=48
[INFO] [1787826435.095984046] [six_angels_material_sorting_client]: progress task=1 stage=transport: task 1 holding lifted box and retreating straight; remaining=0.608 m
[INFO] [1787826437.096056645] [six_angels_material_sorting_client]: progress task=1 stage=transport: task 1 holding lifted box and retreating straight; remaining=0.496 m
[INFO] [1787826437.796388987] [six_angels_material_sorting_client]: CONTROL_LOOP_HEALTH samples=400/802 interval_p95=50.40ms interval_p99=50.96ms execution_p95=4.72ms interval_misses=5 execution_misses=4
[INFO] [1787826439.146082362] [six_angels_material_sorting_client]: progress task=1 stage=transport: task 1 holding lifted box and retreating straight; remaining=0.376 m
[INFO] [1787826441.146369601] [six_angels_material_sorting_client]: progress task=1 stage=transport: task 1 holding lifted box and retreating straight; remaining=0.256 m
[INFO] [1787826442.846183267] [six_angels_material_sorting_client]: CONTROL_LOOP_HEALTH samples=400/903 interval_p95=50.37ms interval_p99=50.97ms execution_p95=4.72ms interval_misses=5 execution_misses=4
[INFO] [1787826443.198334911] [six_angels_material_sorting_client]: progress task=1 stage=transport: task 1 holding lifted box and retreating straight; remaining=0.134 m
[INFO] [1787826445.198061300] [six_angels_material_sorting_client]: progress task=1 stage=transport: task 1 holding lifted box and retreating straight; remaining=0.064 m
[INFO] [1787826447.246673865] [six_angels_material_sorting_client]: progress task=1 stage=transport: task 1 holding lifted box and retreating straight; remaining=0.022 m
[INFO] [1787826447.847189160] [six_angels_material_sorting_client]: CONTROL_LOOP_HEALTH samples=400/1003 interval_p95=50.43ms interval_p99=50.96ms execution_p95=2.12ms interval_misses=5 execution_misses=4
[INFO] [1787826449.248043116] [six_angels_material_sorting_client]: progress task=1 stage=transport: task 1 moving directly to the safe shelf pre-place stand; goal=(-0.94, 0.91, 3.14); nav_status=final_positioning; NAV_TEL phase=transfer status=final_positioning segment=nav_shelf x=-0.952 y=0.842 yaw=1.472 dist=0.068 yaw_err=1.669 cmd=(0.054,-0.042) clear=0.600 footprint=transit_carry path=0.150 planned_straight=0.114 detour=1.315; shelf_frames=7; shelf_state=collecting
[INFO] [1787826451.247831494] [six_angels_material_sorting_client]: progress task=1 stage=transport: task 1 moving directly to the safe shelf pre-place stand; goal=(-0.94, 0.91, 3.14); nav_status=final_aligning; NAV_TEL phase=transfer status=final_aligning segment=nav_shelf x=-0.949 y=0.866 yaw=1.724 dist=0.044 yaw_err=1.418 cmd=(0.000,0.500) clear=0.650 footprint=transit_carry path=0.150 planned_straight=0.114 detour=1.315; shelf_frames=7; shelf_state=collecting
[INFO] [1787826452.847238532] [six_angels_material_sorting_client]: CONTROL_LOOP_HEALTH samples=400/1103 interval_p95=50.45ms interval_p99=50.97ms execution_p95=2.88ms interval_misses=5 execution_misses=4
[INFO] [1787826453.297017070] [six_angels_material_sorting_client]: progress task=1 stage=transport: task 1 moving directly to the safe shelf pre-place stand; goal=(-0.94, 0.91, 3.14); nav_status=final_aligning; NAV_TEL phase=transfer status=final_aligning segment=nav_shelf x=-0.949 y=0.865 yaw=2.290 dist=0.044 yaw_err=0.852 cmd=(0.000,0.500) clear=0.550 footprint=transit_carry path=0.150 planned_straight=0.114 detour=1.315; shelf_frames=7; shelf_state=collecting
[INFO] [1787826455.346937757] [six_angels_material_sorting_client]: progress task=1 stage=transport: task 1 moving directly to the safe shelf pre-place stand; goal=(-0.94, 0.91, 3.14); nav_status=final_aligning; NAV_TEL phase=transfer status=final_aligning segment=nav_shelf x=-0.949 y=0.865 yaw=2.856 dist=0.044 yaw_err=0.286 cmd=(0.000,0.500) clear=0.600 footprint=transit_carry path=0.150 planned_straight=0.114 detour=1.315; shelf_frames=7; shelf_state=collecting
[INFO] [1787826456.397123231] [six_angels_material_sorting_client]: controller=executing_stage task=1 attempt=1 stage=align_for_place score=30: task 1 entering align_for_place: task 1 reached the target-aligned safe shelf pre-place stand by direct A* with the carried center still 0.75 m in front of the shelf
[INFO] [1787826456.446674789] [six_angels_material_sorting_client]: controller=executing_stage task=1 attempt=1 stage=align_for_place score=30: task 1 attempt 1 stage=align_for_place
[INFO] [1787826457.895963181] [six_angels_material_sorting_client]: CONTROL_LOOP_HEALTH samples=400/1204 interval_p95=50.42ms interval_p99=50.84ms execution_p95=2.93ms interval_misses=5 execution_misses=4
[INFO] [1787826458.446649977] [six_angels_material_sorting_client]: progress task=1 stage=align_for_place: task 1 scanning shelf semantics for task-2 colour 'pink'; head_pitch=0.00, frames=7, colored=locked:pink@L1(3), packaging=locked:L2(3), empty=none(0/3), occupancy=none(0/3)
[INFO] [1787826460.496596455] [six_angels_material_sorting_client]: progress task=1 stage=align_for_place: task 1 scanning shelf semantics for task-2 colour 'pink'; head_pitch=-0.08, frames=7, colored=locked:pink@L1(3), packaging=locked:L2(3), empty=L3(1/3), occupancy=none(0/3)
[INFO] [1787826462.546104641] [six_angels_material_sorting_client]: progress task=1 stage=align_for_place: task 1 moving held box to shelf clearance height; slide_target=0.081, slide_err=0.195, left_err=0.016, right_err=0.016, cmd_err=0.165, slide_vel=0.054, max_vel=0.054
[INFO] [1787826462.896219923] [six_angels_material_sorting_client]: CONTROL_LOOP_HEALTH samples=400/1304 interval_p95=50.42ms interval_p99=50.86ms execution_p95=2.93ms interval_misses=5 execution_misses=4
[INFO] [1787826464.546152250] [six_angels_material_sorting_client]: progress task=1 stage=align_for_place: task 1 moving held box to shelf clearance height; slide_target=0.081, slide_err=0.075, left_err=0.016, right_err=0.016, cmd_err=0.045, slide_vel=0.069, max_vel=0.069
[INFO] [1787826466.596457888] [six_angels_material_sorting_client]: progress task=1 stage=align_for_place: task 1 moving held box to shelf clearance height; slide_target=0.081, slide_err=0.011, left_err=0.016, right_err=0.016, cmd_err=0.000, slide_vel=0.009, max_vel=0.009
[INFO] [1787826467.896613475] [six_angels_material_sorting_client]: CONTROL_LOOP_HEALTH samples=400/1404 interval_p95=50.41ms interval_p99=50.80ms execution_p95=2.88ms interval_misses=5 execution_misses=4
[INFO] [1787826468.595965596] [six_angels_material_sorting_client]: progress task=1 stage=align_for_place: task 1 aligning laterally outside the shelf; lateral alignment rotating toward shelf-front direction; yaw_err=1.353
[INFO] [1787826470.646542074] [six_angels_material_sorting_client]: progress task=1 stage=align_for_place: task 1 aligning laterally outside the shelf; lateral alignment rotating toward shelf-front direction; yaw_err=0.968
[INFO] [1787826472.695631710] [six_angels_material_sorting_client]: progress task=1 stage=align_for_place: task 1 aligning laterally outside the shelf; lateral alignment rotating toward shelf-front direction; yaw_err=0.557
[INFO] [1787826472.946461415] [six_angels_material_sorting_client]: CONTROL_LOOP_HEALTH samples=400/1505 interval_p95=50.41ms interval_p99=50.79ms execution_p95=2.35ms interval_misses=5 execution_misses=4
[INFO] [1787826474.696534690] [six_angels_material_sorting_client]: progress task=1 stage=align_for_place: task 1 aligning laterally outside the shelf; lateral alignment rotating toward shelf-front direction; yaw_err=0.144
[INFO] [1787826476.696752699] [six_angels_material_sorting_client]: progress task=1 stage=align_for_place: task 1 aligning laterally outside the shelf; lateral alignment driving along shelf front; y_err=-0.018, x_err=0.005
[INFO] [1787826477.947265238] [six_angels_material_sorting_client]: CONTROL_LOOP_HEALTH samples=400/1605 interval_p95=50.44ms interval_p99=50.79ms execution_p95=1.58ms interval_misses=5 execution_misses=4
[INFO] [1787826478.746629176] [six_angels_material_sorting_client]: progress task=1 stage=align_for_place: task 1 aligning laterally outside the shelf; lateral alignment restoring shelf-facing yaw; yaw_err=-1.230
[INFO] [1787826480.796320263] [six_angels_material_sorting_client]: progress task=1 stage=align_for_place: task 1 aligning laterally outside the shelf; lateral alignment restoring shelf-facing yaw; yaw_err=-0.822
[INFO] [1787826482.845923920] [six_angels_material_sorting_client]: progress task=1 stage=align_for_place: task 1 aligning laterally outside the shelf; lateral alignment restoring shelf-facing yaw; yaw_err=-0.425
[INFO] [1787826482.996163617] [six_angels_material_sorting_client]: CONTROL_LOOP_HEALTH samples=400/1706 interval_p95=50.46ms interval_p99=50.71ms execution_p95=1.58ms interval_misses=5 execution_misses=4
[INFO] [1787826484.846258299] [six_angels_material_sorting_client]: progress task=1 stage=align_for_place: task 1 aligning laterally outside the shelf; lateral alignment restoring shelf-facing yaw; yaw_err=-0.084
[INFO] [1787826486.896411187] [six_angels_material_sorting_client]: progress task=1 stage=align_for_place: task 1 entering the recognized empty shelf layer; advancing straight; remaining=0.842 m
[INFO] [1787826488.046125267] [six_angels_material_sorting_client]: CONTROL_LOOP_HEALTH samples=400/1807 interval_p95=50.47ms interval_p99=50.71ms execution_p95=1.59ms interval_misses=5 execution_misses=4
[INFO] [1787826488.946040934] [six_angels_material_sorting_client]: progress task=1 stage=align_for_place: task 1 entering the recognized empty shelf layer; advancing straight; remaining=0.740 m
[INFO] [1787826490.946843244] [six_angels_material_sorting_client]: progress task=1 stage=align_for_place: task 1 entering the recognized empty shelf layer; advancing straight; remaining=0.635 m
[INFO] [1787826492.996673461] [six_angels_material_sorting_client]: progress task=1 stage=align_for_place: task 1 entering the recognized empty shelf layer; advancing straight; remaining=0.535 m
[INFO] [1787826493.046616780] [six_angels_material_sorting_client]: CONTROL_LOOP_HEALTH samples=400/1907 interval_p95=50.47ms interval_p99=50.61ms execution_p95=1.59ms interval_misses=5 execution_misses=4
[INFO] [1787826495.045923957] [six_angels_material_sorting_client]: progress task=1 stage=align_for_place: task 1 entering the recognized empty shelf layer; advancing straight; remaining=0.438 m
[INFO] [1787826497.097083346] [six_angels_material_sorting_client]: progress task=1 stage=align_for_place: task 1 entering the recognized empty shelf layer; advancing straight; remaining=0.330 m
[INFO] [1787826498.096419450] [six_angels_material_sorting_client]: CONTROL_LOOP_HEALTH samples=400/2008 interval_p95=50.42ms interval_p99=50.59ms execution_p95=1.76ms interval_misses=5 execution_misses=4
[INFO] [1787826499.145939652] [six_angels_material_sorting_client]: progress task=1 stage=align_for_place: task 1 entering the recognized empty shelf layer; advancing straight; remaining=0.229 m
[INFO] [1787826501.145981471] [six_angels_material_sorting_client]: progress task=1 stage=align_for_place: task 1 entering the recognized empty shelf layer; advancing straight; remaining=0.129 m
[INFO] [1787826503.096540182] [six_angels_material_sorting_client]: CONTROL_LOOP_HEALTH samples=400/2108 interval_p95=50.42ms interval_p99=50.62ms execution_p95=1.76ms interval_misses=5 execution_misses=4
[INFO] [1787826503.145886790] [six_angels_material_sorting_client]: progress task=1 stage=align_for_place: task 1 entering the recognized empty shelf layer; advancing straight; remaining=0.067 m
[INFO] [1787826505.196560938] [six_angels_material_sorting_client]: progress task=1 stage=align_for_place: task 1 entering the recognized empty shelf layer; advancing straight; remaining=0.028 m
[INFO] [1787826505.896673670] [six_angels_material_sorting_client]: controller=executing_stage task=1 attempt=1 stage=place score=30: task 1 entering place: task 1 entered only the recognized empty shelf layer L3; confidence=0.57
[INFO] [1787826505.932305159] [material_box_detect]: stopped task-stage shelf empty confirmation
[INFO] [1787826505.946221388] [six_angels_material_sorting_client]: controller=executing_stage task=1 attempt=1 stage=place score=30: task 1 attempt 1 stage=place
[INFO] [1787826507.947232008] [six_angels_material_sorting_client]: progress task=1 stage=place: task 1 lowering box compliantly onto shelf board; slide_target=0.124, slide_err=0.001, left_err=0.016, right_err=0.016, cmd_err=0.000, slide_vel=0.015, max_vel=0.015; compliant_place_phase=fast_approach, remaining_mm=12.0, step_mm=2.0, completion=None; placement_effort=active, slide_ratio=0.00, left_wrist_ratio=0.00, right_wrist_ratio=0.00, left_arm_max=0.00, right_arm_max=0.00, candidate=False, confirmed=False
[INFO] [1787826508.146596692] [six_angels_material_sorting_client]: CONTROL_LOOP_HEALTH samples=400/2209 interval_p95=50.42ms interval_p99=50.73ms execution_p95=1.95ms interval_misses=5 execution_misses=4
[INFO] [1787826509.947295577] [six_angels_material_sorting_client]: progress task=1 stage=place: task 1 lowering box compliantly onto shelf board; slide_target=0.128, slide_err=0.003, left_err=0.016, right_err=0.016, cmd_err=0.000, slide_vel=0.007, max_vel=0.007; compliant_place_phase=fine_descent, remaining_mm=8.0, step_mm=2.0, completion=None; placement_effort=active, slide_ratio=148.07, left_wrist_ratio=0.00, right_wrist_ratio=0.00, left_arm_max=0.06, right_arm_max=0.07, candidate=False, confirmed=False
[INFO] [1787826511.996259773] [six_angels_material_sorting_client]: progress task=1 stage=place: task 1 lowering box compliantly onto shelf board; slide_target=0.132, slide_err=0.004, left_err=0.016, right_err=0.016, cmd_err=0.000, slide_vel=0.004, max_vel=0.004; placement_effort=active, slide_ratio=155.87, left_wrist_ratio=0.00, right_wrist_ratio=0.00, left_arm_max=0.08, right_arm_max=0.10, candidate=False, confirmed=False
[INFO] [1787826513.196523353] [six_angels_material_sorting_client]: CONTROL_LOOP_HEALTH samples=400/2310 interval_p95=50.40ms interval_p99=50.73ms execution_p95=2.06ms interval_misses=5 execution_misses=4
[INFO] [1787826513.996213472] [six_angels_material_sorting_client]: progress task=1 stage=place: task 1 holding the placed box on the shelf before unloading bilateral preload (0.30/0.40s)
[INFO] [1787826515.746734288] [six_angels_material_sorting_client]: controller=executing_stage task=1 attempt=1 stage=verify_place score=30: task 1 entering verify_place: task 1 gently unloaded preload and opened both arms on the empty shelf layer
[INFO] [1787826515.796220016] [six_angels_material_sorting_client]: controller=executing_stage task=1 attempt=1 stage=verify_place score=30: task 1 attempt 1 stage=verify_place
[INFO] [1787826516.796399910] [six_angels_material_sorting_client]: controller=executing_stage task=1 attempt=1 stage=return_to_end score=30: task 1 entering return_to_end: task 1 shelf placement settled; handing result to referee
[INFO] [1787826516.929071883] [six_angels_material_sorting_client]: controller=executing_stage task=1 attempt=1 stage=return_to_end score=30: task 1 attempt 1 stage=return_to_end
[INFO] [1787826516.933695679] [six_angels_material_sorting_client]: scheduler candidate action=task1:return_to_end:stand:left source=heuristic reason=rl_shadow_isolated:submitted costmap_v=123
[INFO] [1787826518.246257533] [six_angels_material_sorting_client]: CONTROL_LOOP_HEALTH samples=400/2411 interval_p95=50.42ms interval_p99=55.04ms execution_p95=2.15ms interval_misses=6 execution_misses=5
[INFO] [1787826518.845946266] [six_angels_material_sorting_client]: progress task=1 stage=return_to_end: task 1 retreating straight; remaining=0.214 m after release
[INFO] [1787826520.884862637] [six_angels_material_sorting_client]: progress task=1 stage=return_to_end: task 1 retreating straight; remaining=0.099 m after release
[INFO] [1787826522.895702291] [six_angels_material_sorting_client]: progress task=1 stage=return_to_end: task 1 retreating straight; remaining=0.041 m after release
[INFO] [1787826523.246947833] [six_angels_material_sorting_client]: CONTROL_LOOP_HEALTH samples=400/2511 interval_p95=55.04ms interval_p99=59.77ms execution_p95=2.18ms interval_misses=6 execution_misses=5
[INFO] [1787826524.896038050] [six_angels_material_sorting_client]: progress task=1 stage=return_to_end: task 1 retracting arms after shelf retreat; transport retract; slide_err=0.010, left_err=0.490, right_err=0.514, cmd_err=0.436, max_vel=3.807
[INFO] [1787826526.897100650] [six_angels_material_sorting_client]: progress task=1 stage=return_to_end: task 1 returning to the end zone; goal=(-0.78, 0.55, 1.57); nav_status=navigating; NAV_TEL phase=transfer status=navigating segment=nav_end x=-1.536 y=0.805 yaw=-2.938 dist=0.798 yaw_err=-1.775 cmd=(0.000,0.550) clear=0.600 footprint=transit_stowed path=0.791 planned_straight=0.798 detour=0.991
[INFO] [1787826528.266077141] [six_angels_material_sorting_client]: CONTROL_LOOP_HEALTH samples=400/2611 interval_p95=55.58ms interval_p99=59.77ms execution_p95=2.42ms interval_misses=6 execution_misses=5
[INFO] [1787826528.897188979] [six_angels_material_sorting_client]: progress task=1 stage=return_to_end: task 1 returning to the end zone; goal=(-0.78, 0.55, 1.57); nav_status=navigating; NAV_TEL phase=transfer status=navigating segment=nav_end x=-1.536 y=0.805 yaw=-2.332 dist=0.798 yaw_err=-2.381 cmd=(0.000,0.550) clear=0.450 footprint=transit_stowed path=0.791 planned_straight=0.798 detour=0.991
[INFO] [1787826530.946957626] [six_angels_material_sorting_client]: progress task=1 stage=return_to_end: task 1 returning to the end zone; goal=(-0.78, 0.55, 1.57); nav_status=navigating; NAV_TEL phase=transfer status=navigating segment=nav_end x=-1.535 y=0.806 yaw=-1.729 dist=0.797 yaw_err=-2.983 cmd=(0.000,0.550) clear=0.500 footprint=transit_stowed path=0.791 planned_straight=0.798 detour=0.991
[INFO] [1787826533.009993131] [six_angels_material_sorting_client]: progress task=1 stage=return_to_end: task 1 returning to the end zone; goal=(-0.78, 0.55, 1.57); nav_status=navigating; NAV_TEL phase=transfer status=navigating segment=nav_end x=-1.535 y=0.806 yaw=-1.100 dist=0.798 yaw_err=2.671 cmd=(0.000,0.550) clear=0.450 footprint=transit_stowed path=0.791 planned_straight=0.798 detour=0.991
[INFO] [1787826533.313508598] [six_angels_material_sorting_client]: CONTROL_LOOP_HEALTH samples=400/2712 interval_p95=57.40ms interval_p99=60.18ms execution_p95=2.77ms interval_misses=6 execution_misses=6
[INFO] [1787826534.963717736] [six_angels_material_sorting_client]: progress task=1 stage=return_to_end: task 1 returning to the end zone; goal=(-0.78, 0.55, 1.57); nav_status=navigating; NAV_TEL phase=transfer status=navigating segment=nav_end x=-1.536 y=0.807 yaw=-0.519 dist=0.798 yaw_err=2.090 cmd=(0.000,0.506) clear=0.500 footprint=transit_stowed path=0.791 planned_straight=0.798 detour=0.991
[INFO] [1787826536.997161421] [six_angels_material_sorting_client]: progress task=1 stage=return_to_end: task 1 returning to the end zone; goal=(-0.78, 0.55, 1.57); nav_status=navigating; NAV_TEL phase=transfer status=navigating segment=nav_end x=-1.385 y=0.753 yaw=-0.283 dist=0.638 yaw_err=1.854 cmd=(0.180,0.034) clear=0.500 footprint=transit_stowed path=0.791 planned_straight=0.798 detour=0.991
[INFO] [1787826538.347168526] [six_angels_material_sorting_client]: CONTROL_LOOP_HEALTH samples=400/2813 interval_p95=57.55ms interval_p99=60.11ms execution_p95=2.91ms interval_misses=6 execution_misses=6
[INFO] [1787826539.047147708] [six_angels_material_sorting_client]: progress task=1 stage=return_to_end: task 1 returning to the end zone; goal=(-0.78, 0.55, 1.57); nav_status=navigating; NAV_TEL phase=transfer status=navigating segment=nav_end x=-1.217 y=0.706 yaw=-0.275 dist=0.464 yaw_err=1.846 cmd=(0.180,-0.017) clear=0.450 footprint=transit_stowed path=0.791 planned_straight=0.798 detour=0.991
[INFO] [1787826541.046831327] [six_angels_material_sorting_client]: progress task=1 stage=return_to_end: task 1 returning to the end zone; goal=(-0.78, 0.55, 1.57); nav_status=navigating; NAV_TEL phase=transfer status=navigating segment=nav_end x=-1.050 y=0.657 yaw=-0.293 dist=0.291 yaw_err=1.864 cmd=(0.180,-0.008) clear=0.400 footprint=transit_stowed path=0.791 planned_straight=0.798 detour=0.991
[INFO] [1787826543.046649865] [six_angels_material_sorting_client]: progress task=1 stage=return_to_end: task 1 returning to the end zone; goal=(-0.78, 0.55, 1.57); nav_status=final_positioning; NAV_TEL phase=transfer status=final_positioning segment=nav_end x=-0.904 y=0.612 yaw=-0.346 dist=0.139 yaw_err=1.917 cmd=(0.099,-0.232) clear=0.350 footprint=transit_stowed path=0.791 planned_straight=0.798 detour=0.991
[INFO] [1787826543.396673567] [six_angels_material_sorting_client]: CONTROL_LOOP_HEALTH samples=400/2914 interval_p95=56.88ms interval_p99=60.04ms execution_p95=2.94ms interval_misses=6 execution_misses=6
[INFO] [1787826545.106780917] [six_angels_material_sorting_client]: progress task=1 stage=return_to_end: task 1 returning to the end zone; goal=(-0.78, 0.55, 1.57); nav_status=final_aligning; NAV_TEL phase=transfer status=final_aligning segment=nav_end x=-0.841 y=0.584 yaw=-0.384 dist=0.070 yaw_err=1.955 cmd=(0.000,0.500) clear=0.300 footprint=transit_stowed path=0.791 planned_straight=0.798 detour=0.991
[INFO] [1787826547.096709964] [six_angels_material_sorting_client]: progress task=1 stage=return_to_end: task 1 returning to the end zone; goal=(-0.78, 0.55, 1.57); nav_status=final_aligning; NAV_TEL phase=transfer status=final_aligning segment=nav_end x=-0.841 y=0.584 yaw=0.149 dist=0.070 yaw_err=1.422 cmd=(0.000,0.500) clear=0.400 footprint=transit_stowed path=0.791 planned_straight=0.798 detour=0.991
[INFO] [1787826548.446936577] [six_angels_material_sorting_client]: CONTROL_LOOP_HEALTH samples=400/3015 interval_p95=55.20ms interval_p99=60.02ms execution_p95=2.89ms interval_misses=6 execution_misses=6
[INFO] [1787826549.146540000] [six_angels_material_sorting_client]: progress task=1 stage=return_to_end: task 1 returning to the end zone; goal=(-0.78, 0.55, 1.57); nav_status=final_aligning; NAV_TEL phase=transfer status=final_aligning segment=nav_end x=-0.841 y=0.584 yaw=0.646 dist=0.070 yaw_err=0.925 cmd=(0.000,0.500) clear=0.300 footprint=transit_stowed path=0.791 planned_straight=0.798 detour=0.991
[INFO] [1787826551.146635757] [six_angels_material_sorting_client]: progress task=1 stage=return_to_end: task 1 returning to the end zone; goal=(-0.78, 0.55, 1.57); nav_status=final_aligning; NAV_TEL phase=transfer status=final_aligning segment=nav_end x=-0.842 y=0.583 yaw=1.164 dist=0.070 yaw_err=0.406 cmd=(0.000,0.500) clear=0.300 footprint=transit_stowed path=0.791 planned_straight=0.798 detour=0.991
[INFO] [1787826552.797799951] [six_angels_material_sorting_client]: controller=waiting_for_referee task=1 attempt=1 stage=- score=40: task 1 local sequence completed; waiting for Server referee: task 1 returned to the end zone; local sequence complete
[INFO] [1787826552.846496089] [six_angels_material_sorting_client]: controller=starting_task task=2 attempt=1 stage=navigate_to_pick score=40: referee advanced to task 2; starting attempt 1
[INFO] [1787826552.896614973] [six_angels_material_sorting_client]: controller=executing_stage task=2 attempt=1 stage=navigate_to_pick score=40: task 2 entering navigate_to_pick
[INFO] [1787826552.953587842] [six_angels_material_sorting_client]: controller=executing_stage task=2 attempt=1 stage=navigate_to_pick score=40: task 2 attempt 1 stage=navigate_to_pick
[INFO] [1787826553.059047720] [six_angels_material_sorting_client]: scheduler candidate action=task2:navigate_to_pick:stand:left source=heuristic reason=rl_shadow_isolated:submitted costmap_v=171
[INFO] [1787826553.447855407] [six_angels_material_sorting_client]: CONTROL_LOOP_HEALTH samples=400/3115 interval_p95=50.64ms interval_p99=57.61ms execution_p95=2.87ms interval_misses=6 execution_misses=6
[INFO] [1787826554.947545501] [six_angels_material_sorting_client]: progress task=2 stage=navigate_to_pick: task 2 navigating to the pink shelf box; goal=(-1.50, 0.88, 3.14); nav_status=navigating; NAV_TEL phase=transfer status=navigating segment=nav_shelf x=-0.851 y=0.703 yaw=1.791 dist=0.672 yaw_err=1.351 cmd=(0.140,0.409) clear=0.450 footprint=transit_stowed path=0.950 planned_straight=0.721 detour=1.317
[INFO] [1787826556.996839226] [six_angels_material_sorting_client]: progress task=2 stage=navigate_to_pick: task 2 navigating to the pink shelf box; goal=(-1.50, 0.88, 3.14); nav_status=navigating; NAV_TEL phase=transfer status=navigating segment=nav_shelf x=-0.901 y=0.811 yaw=2.264 dist=0.603 yaw_err=0.878 cmd=(0.150,0.550) clear=0.550 footprint=transit_stowed path=0.950 planned_straight=0.721 detour=1.317
[INFO] [1787826558.525740757] [six_angels_material_sorting_client]: CONTROL_LOOP_HEALTH samples=400/3216 interval_p95=50.30ms interval_p99=50.87ms execution_p95=2.71ms interval_misses=6 execution_misses=6
[INFO] [1787826559.046582068] [six_angels_material_sorting_client]: progress task=2 stage=navigate_to_pick: task 2 navigating to the pink shelf box; goal=(-1.50, 0.88, 3.14); nav_status=navigating; NAV_TEL phase=transfer status=navigating segment=nav_shelf x=-1.033 y=0.898 yaw=2.841 dist=0.467 yaw_err=0.301 cmd=(0.180,0.520) clear=0.650 footprint=transit_stowed path=0.950 planned_straight=0.721 detour=1.317
[INFO] [1787826561.049372791] [six_angels_material_sorting_client]: progress task=2 stage=navigate_to_pick: task 2 navigating to the pink shelf box; goal=(-1.50, 0.88, 3.14); nav_status=navigating; NAV_TEL phase=transfer status=navigating segment=nav_shelf x=-1.198 y=0.914 yaw=-3.097 dist=0.304 yaw_err=-0.045 cmd=(0.180,0.117) clear=0.750 footprint=transit_stowed path=0.950 planned_straight=0.721 detour=1.317
[INFO] [1787826563.097101518] [six_angels_material_sorting_client]: progress task=2 stage=navigate_to_pick: task 2 navigating to the pink shelf box; goal=(-1.50, 0.88, 3.14); nav_status=final_positioning; NAV_TEL phase=transfer status=final_positioning segment=nav_shelf x=-1.354 y=0.900 yaw=-3.015 dist=0.148 yaw_err=-0.126 cmd=(0.100,0.043) clear=0.700 footprint=transit_stowed path=0.950 planned_straight=0.721 detour=1.317
[INFO] [1787826563.497329214] [six_angels_material_sorting_client]: CONTROL_LOOP_HEALTH samples=400/3316 interval_p95=50.35ms interval_p99=51.17ms execution_p95=2.85ms interval_misses=6 execution_misses=6
[INFO] [1787826565.096896947] [six_angels_material_sorting_client]: progress task=2 stage=navigate_to_pick: task 2 navigating to the pink shelf box; goal=(-1.50, 0.88, 3.14); nav_status=final_positioning; NAV_TEL phase=transfer status=final_positioning segment=nav_shelf x=-1.432 y=0.889 yaw=-2.990 dist=0.069 yaw_err=-0.151 cmd=(0.055,0.009) clear=0.700 footprint=transit_stowed path=0.950 planned_straight=0.721 detour=1.317
[INFO] [1787826566.597693376] [six_angels_material_sorting_client]: controller=executing_stage task=2 attempt=1 stage=acquire_target score=40: task 2 entering acquire_target: task 2 reached the far shelf arm-staging stand for pink
[INFO] [1787826566.647028316] [six_angels_material_sorting_client]: controller=executing_stage task=2 attempt=1 stage=acquire_target score=40: task 2 attempt 1 stage=acquire_target
[INFO] [1787826566.697071275] [six_angels_material_sorting_client]: controller=executing_stage task=2 attempt=1 stage=align_for_pick score=40: task 2 entering align_for_pick: task 2 validated the pink shelf layer; coarse target=(-2.673, 0.958, 0.524); full RGB-D object centre will be locked after camera settling
[INFO] [1787826566.746922635] [six_angels_material_sorting_client]: controller=executing_stage task=2 attempt=1 stage=align_for_pick score=40: task 2 attempt 1 stage=align_for_pick
[INFO] [1787826568.546943849] [six_angels_material_sorting_client]: CONTROL_LOOP_HEALTH samples=400/3417 interval_p95=50.46ms interval_p99=51.23ms execution_p95=2.91ms interval_misses=6 execution_misses=6
[INFO] [1787826568.797258287] [six_angels_material_sorting_client]: progress task=2 stage=align_for_pick: task 2 moving the retracted arms to the target shelf layer; slide_target=0.778, slide_err=0.571, left_err=0.002, right_err=0.002, cmd_err=0.555, slide_vel=0.198, max_vel=0.198
[INFO] [1787826570.846686676] [six_angels_material_sorting_client]: progress task=2 stage=align_for_pick: task 2 moving the retracted arms to the target shelf layer; slide_target=0.778, slide_err=0.448, left_err=0.002, right_err=0.002, cmd_err=0.432, slide_vel=0.183, max_vel=0.183
[INFO] [1787826572.896603899] [six_angels_material_sorting_client]: progress task=2 stage=align_for_pick: task 2 moving the retracted arms to the target shelf layer; slide_target=0.778, slide_err=0.328, left_err=0.004, right_err=0.004, cmd_err=0.309, slide_vel=0.058, max_vel=0.058
[INFO] [1787826573.597476445] [six_angels_material_sorting_client]: CONTROL_LOOP_HEALTH samples=400/3518 interval_p95=50.41ms interval_p99=51.23ms execution_p95=2.81ms interval_misses=6 execution_misses=6
[INFO] [1787826574.946542517] [six_angels_material_sorting_client]: progress task=2 stage=align_for_pick: task 2 moving the retracted arms to the target shelf layer; slide_target=0.778, slide_err=0.201, left_err=0.003, right_err=0.003, cmd_err=0.186, slide_vel=0.085, max_vel=0.085
[INFO] [1787826576.996011832] [six_angels_material_sorting_client]: progress task=2 stage=align_for_pick: task 2 moving the retracted arms to the target shelf layer; slide_target=0.778, slide_err=0.079, left_err=0.003, right_err=0.003, cmd_err=0.063, slide_vel=0.125, max_vel=0.125
[INFO] [1787826578.646543386] [six_angels_material_sorting_client]: CONTROL_LOOP_HEALTH samples=400/3619 interval_p95=50.47ms interval_p99=51.23ms execution_p95=2.73ms interval_misses=6 execution_misses=6
[INFO] [1787826578.996084537] [six_angels_material_sorting_client]: progress task=2 stage=align_for_pick: task 2 moving the retracted arms to the target shelf layer; slide_target=0.778, slide_err=0.000, left_err=0.003, right_err=0.003, cmd_err=0.000, slide_vel=0.013, max_vel=0.013
[INFO] [1787826580.995870116] [six_angels_material_sorting_client]: progress task=2 stage=align_for_pick: task 2 holding outside the shelf and collecting fresh target-centre frames; center_samples=2/7 quality=mask_cloud_cuboid rejected=0
[INFO] [1787826582.995902268] [six_angels_material_sorting_client]: progress task=2 stage=align_for_pick: task 2 advancing straight toward the locked object centre; advancing straight; remaining=0.393 m
[INFO] [1787826583.696997495] [six_angels_material_sorting_client]: CONTROL_LOOP_HEALTH samples=400/3720 interval_p95=50.40ms interval_p99=51.49ms execution_p95=2.36ms interval_misses=6 execution_misses=6
[INFO] [1787826585.045978728] [six_angels_material_sorting_client]: progress task=2 stage=align_for_pick: task 2 advancing straight toward the locked object centre; advancing straight; remaining=0.294 m
[INFO] [1787826587.046568386] [six_angels_material_sorting_client]: progress task=2 stage=align_for_pick: task 2 advancing straight toward the locked object centre; advancing straight; remaining=0.188 m
[INFO] [1787826588.697256397] [six_angels_material_sorting_client]: CONTROL_LOOP_HEALTH samples=400/3820 interval_p95=50.41ms interval_p99=51.25ms execution_p95=1.97ms interval_misses=6 execution_misses=6
[INFO] [1787826589.046984648] [six_angels_material_sorting_client]: progress task=2 stage=align_for_pick: task 2 advancing straight toward the locked object centre; advancing straight; remaining=0.102 m
[INFO] [1787826591.095978293] [six_angels_material_sorting_client]: progress task=2 stage=align_for_pick: task 2 advancing straight toward the locked object centre; advancing straight; remaining=0.057 m
[INFO] [1787826593.096381791] [six_angels_material_sorting_client]: progress task=2 stage=align_for_pick: task 2 advancing straight toward the locked object centre; advancing straight; remaining=0.023 m
[INFO] [1787826593.746764443] [six_angels_material_sorting_client]: CONTROL_LOOP_HEALTH samples=400/3921 interval_p95=50.47ms interval_p99=51.24ms execution_p95=1.83ms interval_misses=6 execution_misses=6
[INFO] [1787826595.146396891] [six_angels_material_sorting_client]: progress task=2 stage=align_for_pick: task 2 correcting final base drift before shelf pregrasp; lateral alignment rotating toward shelf-front direction; yaw_err=1.333
[INFO] [1787826597.196273696] [six_angels_material_sorting_client]: progress task=2 stage=align_for_pick: task 2 correcting final base drift before shelf pregrasp; lateral alignment rotating toward shelf-front direction; yaw_err=0.952
[INFO] [1787826598.797610232] [six_angels_material_sorting_client]: CONTROL_LOOP_HEALTH samples=400/4022 interval_p95=50.41ms interval_p99=51.03ms execution_p95=1.87ms interval_misses=6 execution_misses=6
[INFO] [1787826599.246363723] [six_angels_material_sorting_client]: progress task=2 stage=align_for_pick: task 2 correcting final base drift before shelf pregrasp; lateral alignment rotating toward shelf-front direction; yaw_err=0.568
[INFO] [1787826601.246286296] [six_angels_material_sorting_client]: progress task=2 stage=align_for_pick: task 2 correcting final base drift before shelf pregrasp; lateral alignment rotating toward shelf-front direction; yaw_err=0.189
[INFO] [1787826603.246452991] [six_angels_material_sorting_client]: progress task=2 stage=align_for_pick: task 2 correcting final base drift before shelf pregrasp; lateral alignment rotating toward shelf-front direction; yaw_err=0.032
[INFO] [1787826603.846660710] [six_angels_material_sorting_client]: CONTROL_LOOP_HEALTH samples=400/4123 interval_p95=50.41ms interval_p99=50.85ms execution_p95=1.84ms interval_misses=6 execution_misses=6
[INFO] [1787826605.296513488] [six_angels_material_sorting_client]: progress task=2 stage=align_for_pick: task 2 correcting final base drift before shelf pregrasp; lateral alignment driving along shelf front; y_err=-0.083, x_err=0.004
[INFO] [1787826607.346114371] [six_angels_material_sorting_client]: progress task=2 stage=align_for_pick: task 2 correcting final base drift before shelf pregrasp; lateral alignment driving along shelf front; y_err=-0.043, x_err=0.004
[INFO] [1787826608.896549309] [six_angels_material_sorting_client]: CONTROL_LOOP_HEALTH samples=400/4224 interval_p95=50.36ms interval_p99=50.73ms execution_p95=1.87ms interval_misses=6 execution_misses=6
[INFO] [1787826609.346141704] [six_angels_material_sorting_client]: progress task=2 stage=align_for_pick: task 2 correcting final base drift before shelf pregrasp; lateral alignment restoring shelf-facing yaw; yaw_err=-1.573
[INFO] [1787826611.346875768] [six_angels_material_sorting_client]: progress task=2 stage=align_for_pick: task 2 correcting final base drift before shelf pregrasp; lateral alignment restoring shelf-facing yaw; yaw_err=-1.210
[INFO] [1787826613.396392239] [six_angels_material_sorting_client]: progress task=2 stage=align_for_pick: task 2 correcting final base drift before shelf pregrasp; lateral alignment restoring shelf-facing yaw; yaw_err=-0.825
[INFO] [1787826613.946947069] [six_angels_material_sorting_client]: CONTROL_LOOP_HEALTH samples=400/4325 interval_p95=50.39ms interval_p99=50.80ms execution_p95=1.88ms interval_misses=6 execution_misses=6
[INFO] [1787826615.396477099] [six_angels_material_sorting_client]: progress task=2 stage=align_for_pick: task 2 correcting final base drift before shelf pregrasp; lateral alignment restoring shelf-facing yaw; yaw_err=-0.462
[INFO] [1787826617.396615401] [six_angels_material_sorting_client]: progress task=2 stage=align_for_pick: task 2 correcting final base drift before shelf pregrasp; lateral alignment restoring shelf-facing yaw; yaw_err=-0.111
[INFO] [1787826618.996238971] [six_angels_material_sorting_client]: CONTROL_LOOP_HEALTH samples=400/4426 interval_p95=50.37ms interval_p99=50.80ms execution_p95=1.80ms interval_misses=6 execution_misses=6
[INFO] [1787826619.396401126] [six_angels_material_sorting_client]: progress task=2 stage=align_for_pick: task 2 correcting final base drift before shelf pregrasp; lateral alignment restoring shelf-facing yaw; yaw_err=-0.020
[INFO] [1787826621.397437139] [six_angels_material_sorting_client]: progress task=2 stage=align_for_pick: task 2 fine-aligning arms around the shelf box; task 1 moving both open arms to pregrasp; target_base=(0.757, -0.007, 0.525); arm_tol=0.030, slide_err=0.009, left_err=0.003, right_err=0.003, cmd_err=0.000, max_vel=0.096
[INFO] [1787826622.098098178] [six_angels_material_sorting_client]: controller=executing_stage task=2 attempt=1 stage=grasp score=40: task 2 entering grasp: task 2 both open arms reached the shelf-box pregrasp pose after the safe straight approach
[INFO] [1787826622.147264355] [six_angels_material_sorting_client]: controller=executing_stage task=2 attempt=1 stage=grasp score=40: task 2 attempt 1 stage=grasp
[INFO] [1787826623.997334283] [six_angels_material_sorting_client]: CONTROL_LOOP_HEALTH samples=400/4526 interval_p95=50.36ms interval_p99=50.77ms execution_p95=2.30ms interval_misses=6 execution_misses=6
[INFO] [1787826624.147274811] [six_angels_material_sorting_client]: progress task=2 stage=grasp: task 1 settling at the compliant contact start pose; compliance=active; left[contact=False, aligned=False, angle=1.1deg, effort_delta=1.76, effort_threshold=0.35, firm=True, firm_latched=False, velocity=0.000]; right[contact=False, aligned=False, angle=1.0deg, effort_delta=1.75, effort_threshold=0.35, firm=True, firm_latched=False, velocity=0.000]; target_base=(0.758, -0.006, 0.525); arm_tol=0.240, slide_err=0.007, left_err=0.017, right_err=0.017, cmd_err=0.000, max_vel=0.001; compliance=active; left[contact=False, aligned=False, angle=1.1deg, effort_delta=1.76, effort_threshold=0.35, firm=True, firm_latched=False, velocity=0.000]; right[contact=False, aligned=False, angle=1.0deg, effort_delta=1.75, effort_threshold=0.35, firm=True, firm_latched=False, velocity=0.000]
[INFO] [1787826626.198961711] [six_angels_material_sorting_client]: progress task=2 stage=grasp: task 1 continuously applying locked-wrist preload; offset=1.6/2.7 mm; compliance=active; left[contact=True, aligned=True, angle=3.2deg, effort_delta=0.02, effort_threshold=0.35, firm=False, firm_latched=False, velocity=0.001]; right[contact=True, aligned=True, angle=3.1deg, effort_delta=0.04, effort_threshold=0.35, firm=False, firm_latched=False, velocity=0.001]
[INFO] [1787826627.897585982] [six_angels_material_sorting_client]: controller=executing_stage task=2 attempt=1 stage=lift score=40: task 2 entering lift: task 1 bilateral compliant grasp settled with locked wrists and 2.7 mm bounded preload; compliance=active; left[contact=True, aligned=True, angle=3.2deg, effort_delta=0.02, effort_threshold=0.35, firm=False, firm_latched=False, velocity=0.000]; right[contact=True, aligned=True, angle=3.1deg, effort_delta=0.01, effort_threshold=0.35, firm=False, firm_latched=False, velocity=0.000]
[INFO] [1787826627.946991120] [six_angels_material_sorting_client]: controller=executing_stage task=2 attempt=1 stage=lift score=40: task 2 attempt 1 stage=lift
[INFO] [1787826629.046629581] [six_angels_material_sorting_client]: CONTROL_LOOP_HEALTH samples=400/4627 interval_p95=50.32ms interval_p99=50.77ms execution_p95=3.97ms interval_misses=6 execution_misses=6
[INFO] [1787826629.996562756] [six_angels_material_sorting_client]: progress task=2 stage=lift: task 1 raising the spine while preserving arm preload; lift=0.080m, slide_target=0.697, slide_err=0.015, left_err=0.017, right_err=0.017, cmd_err=0.000, max_vel=0.018
[INFO] [1787826631.047627289] [six_angels_material_sorting_client]: controller=executing_stage task=2 attempt=1 stage=transport score=40: task 2 entering transport: task 1 lifted the held box 0.080 m; holding before transport
[INFO] [1787826631.157182397] [six_angels_material_sorting_client]: controller=executing_stage task=2 attempt=1 stage=transport score=40: task 2 attempt 1 stage=transport
[INFO] [1787826632.768848813] [six_angels_material_sorting_client]: scheduler candidate action=task2:transport:stand:left source=heuristic reason=rl_shadow_isolated:inference_result_stale costmap_v=216
[INFO] [1787826633.197691464] [six_angels_material_sorting_client]: progress task=2 stage=transport: task 2 holding the shelf box and retreating straight; remaining=0.498 m
[INFO] [1787826634.056349678] [six_angels_material_sorting_client]: CONTROL_LOOP_HEALTH samples=400/4726 interval_p95=51.89ms interval_p99=57.74ms execution_p95=4.02ms interval_misses=7 execution_misses=8
[INFO] [1787826635.132856647] [six_angels_material_sorting_client]: progress task=2 stage=transport: task 2 holding the shelf box and retreating straight; remaining=0.364 m
[INFO] [1787826637.185310436] [six_angels_material_sorting_client]: progress task=2 stage=transport: task 2 holding the shelf box and retreating straight; remaining=0.221 m
[INFO] [1787826639.070407229] [six_angels_material_sorting_client]: CONTROL_LOOP_HEALTH samples=400/4826 interval_p95=55.17ms interval_p99=58.95ms execution_p95=4.05ms interval_misses=7 execution_misses=8
[INFO] [1787826639.307772801] [six_angels_material_sorting_client]: progress task=2 stage=transport: task 2 holding the shelf box and retreating straight; remaining=0.102 m
[INFO] [1787826641.263444879] [six_angels_material_sorting_client]: progress task=2 stage=transport: task 2 holding the shelf box and retreating straight; remaining=0.043 m
[INFO] [1787826643.308155657] [six_angels_material_sorting_client]: progress task=2 stage=transport: task 2 raising the held box to maximum transport height; slide_target=-0.040, slide_err=0.720, left_err=0.017, right_err=0.017, cmd_err=0.691, slide_vel=0.108, max_vel=0.108
[INFO] [1787826644.207571154] [six_angels_material_sorting_client]: CONTROL_LOOP_HEALTH samples=400/4925 interval_p95=57.42ms interval_p99=60.77ms execution_p95=4.05ms interval_misses=9 execution_misses=11
[INFO] [1787826645.353850246] [six_angels_material_sorting_client]: progress task=2 stage=transport: task 2 raising the held box to maximum transport height; slide_target=-0.040, slide_err=0.598, left_err=0.017, right_err=0.017, cmd_err=0.568, slide_vel=0.051, max_vel=0.051
[INFO] [1787826647.264017886] [six_angels_material_sorting_client]: progress task=2 stage=transport: task 2 raising the held box to maximum transport height; slide_target=-0.040, slide_err=0.479, left_err=0.017, right_err=0.017, cmd_err=0.448, slide_vel=0.080, max_vel=0.081
[INFO] [1787826649.265951463] [six_angels_material_sorting_client]: CONTROL_LOOP_HEALTH samples=400/5024 interval_p95=58.95ms interval_p99=99.67ms execution_p95=1.94ms interval_misses=11 execution_misses=12
[INFO] [1787826649.271575093] [six_angels_material_sorting_client]: progress task=2 stage=transport: task 2 raising the held box to maximum transport height; slide_target=-0.040, slide_err=0.364, left_err=0.017, right_err=0.017, cmd_err=0.327, slide_vel=0.053, max_vel=0.053
[INFO] [1787826651.296160822] [six_angels_material_sorting_client]: progress task=2 stage=transport: task 2 raising the held box to maximum transport height; slide_target=-0.040, slide_err=0.236, left_err=0.017, right_err=0.017, cmd_err=0.206, slide_vel=0.139, max_vel=0.139
[INFO] [1787826653.296093944] [six_angels_material_sorting_client]: progress task=2 stage=transport: task 2 raising the held box to maximum transport height; slide_target=-0.040, slide_err=0.112, left_err=0.017, right_err=0.017, cmd_err=0.086, slide_vel=0.181, max_vel=0.181
[INFO] [1787826654.302164162] [six_angels_material_sorting_client]: CONTROL_LOOP_HEALTH samples=400/5124 interval_p95=59.38ms interval_p99=105.03ms execution_p95=1.90ms interval_misses=12 execution_misses=12
[INFO] [1787826655.399363259] [six_angels_material_sorting_client]: progress task=2 stage=transport: task 2 raising the held box to maximum transport height; slide_target=-0.040, slide_err=0.016, left_err=0.017, right_err=0.017, cmd_err=0.000, slide_vel=0.021, max_vel=0.021
[INFO] [1787826657.347007922] [six_angels_material_sorting_client]: progress task=2 stage=transport: task 2 preserving the shelf grasp while reversing toward table column x=-0.964; retreating straight; remaining=0.286 m; minimum carried-envelope clearance=0.303 m (carried_box to shelf)
[INFO] [1787826659.214919491] [six_angels_material_sorting_client]: CONTROL_LOOP_HEALTH samples=400/5222 interval_p95=59.86ms interval_p99=105.03ms execution_p95=2.32ms interval_misses=14 execution_misses=13
[INFO] [1787826659.489056204] [six_angels_material_sorting_client]: progress task=2 stage=transport: task 2 preserving the shelf grasp while reversing toward table column x=-0.964; retreating straight; remaining=0.157 m; minimum carried-envelope clearance=0.432 m (carried_box to shelf)
[INFO] [1787826661.493385792] [six_angels_material_sorting_client]: progress task=2 stage=transport: task 2 preserving the shelf grasp while reversing toward table column x=-0.964; retreating straight; remaining=0.076 m; minimum carried-envelope clearance=0.453 m (left_shoulder to south_wall)
[INFO] [1787826663.493071988] [six_angels_material_sorting_client]: progress task=2 stage=transport: task 2 preserving the shelf grasp while reversing toward table column x=-0.964; retreating straight; remaining=0.031 m; minimum carried-envelope clearance=0.453 m (left_shoulder to south_wall)
[INFO] [1787826664.288735521] [six_angels_material_sorting_client]: CONTROL_LOOP_HEALTH samples=400/5318 interval_p95=59.85ms interval_p99=105.46ms execution_p95=2.99ms interval_misses=17 execution_misses=17
[INFO] [1787826665.448426358] [six_angels_material_sorting_client]: progress task=2 stage=transport: task 2 preserving the shelf grasp while turning north; goal=(-0.98, 0.78, 1.57); nav_status=final_aligning; NAV_TEL phase=transfer status=final_aligning segment=nav_table x=-0.972 y=0.783 yaw=2.882 dist=0.007 yaw_err=-1.311 cmd=(0.000,-0.500) clear=0.500 footprint=transit_carry path=0.000 planned_straight=0.000 detour=1.000; minimum carried-envelope clearance=0.481 m (left_shoulder to south_wall)
[INFO] [1787826667.590056167] [six_angels_material_sorting_client]: progress task=2 stage=transport: task 2 preserving the shelf grasp while turning north; goal=(-0.98, 0.78, 1.57); nav_status=final_aligning; NAV_TEL phase=transfer status=final_aligning segment=nav_table x=-0.972 y=0.783 yaw=2.292 dist=0.007 yaw_err=-0.721 cmd=(0.000,-0.500) clear=0.500 footprint=transit_carry path=0.000 planned_straight=0.000 detour=1.000; minimum carried-envelope clearance=0.594 m (left_shoulder to south_wall)
[INFO] [1787826669.349304991] [six_angels_material_sorting_client]: CONTROL_LOOP_HEALTH samples=400/5420 interval_p95=59.85ms interval_p99=100.63ms execution_p95=3.35ms interval_misses=19 execution_misses=18
[INFO] [1787826669.591202221] [six_angels_material_sorting_client]: progress task=2 stage=transport: task 2 preserving the shelf grasp while turning north; goal=(-0.98, 0.78, 1.57); nav_status=final_aligning; NAV_TEL phase=transfer status=final_aligning segment=nav_table x=-0.972 y=0.782 yaw=1.781 dist=0.007 yaw_err=-0.210 cmd=(0.000,-0.420) clear=0.550 footprint=transit_carry path=0.000 planned_straight=0.000 detour=1.000; minimum carried-envelope clearance=0.672 m (base to south_wall)
[INFO] [1787826671.547911438] [six_angels_material_sorting_client]: progress task=2 stage=transport: task 2 carrying the unchanged shelf grasp north toward table entry y=1.247; advancing straight; remaining=0.412 m; minimum carried-envelope clearance=0.726 m (base to south_wall)
[INFO] [1787826673.670600863] [six_angels_material_sorting_client]: progress task=2 stage=transport: task 2 carrying the unchanged shelf grasp north toward table entry y=1.247; advancing straight; remaining=0.311 m; minimum carried-envelope clearance=0.753 m (base to table)
[INFO] [1787826674.371276220] [six_angels_material_sorting_client]: CONTROL_LOOP_HEALTH samples=400/5521 interval_p95=59.95ms interval_p99=94.65ms execution_p95=3.42ms interval_misses=20 execution_misses=20
[INFO] [1787826675.611379864] [six_angels_material_sorting_client]: progress task=2 stage=transport: task 2 carrying the unchanged shelf grasp north toward table entry y=1.247; advancing straight; remaining=0.214 m; minimum carried-envelope clearance=0.657 m (base to table)
[INFO] [1787826677.646921392] [six_angels_material_sorting_client]: progress task=2 stage=transport: task 2 carrying the unchanged shelf grasp north toward table entry y=1.247; advancing straight; remaining=0.125 m; minimum carried-envelope clearance=0.593 m (base to table)
[INFO] [1787826679.417229675] [six_angels_material_sorting_client]: CONTROL_LOOP_HEALTH samples=400/5622 interval_p95=59.86ms interval_p99=89.97ms execution_p95=3.39ms interval_misses=20 execution_misses=20
[INFO] [1787826679.665899896] [six_angels_material_sorting_client]: progress task=2 stage=transport: task 2 carrying the unchanged shelf grasp north toward table entry y=1.247; advancing straight; remaining=0.072 m; minimum carried-envelope clearance=0.563 m (base to table)
[INFO] [1787826681.697121310] [six_angels_material_sorting_client]: progress task=2 stage=transport: task 2 carrying the unchanged shelf grasp north toward table entry y=1.247; advancing straight; remaining=0.038 m; minimum carried-envelope clearance=0.532 m (base to table)
[INFO] [1787826683.107270508] [six_angels_material_sorting_client]: controller=executing_stage task=2 attempt=1 stage=align_for_place score=80: task 2 entering align_for_place: task 2 reached the table entry through envelope-checked reverse, turn and forward segments without changing the grasp
[INFO] [1787826683.146225807] [six_angels_material_sorting_client]: controller=executing_stage task=2 attempt=1 stage=align_for_place score=80: task 2 attempt 1 stage=align_for_place
[INFO] [1787826684.446377229] [six_angels_material_sorting_client]: CONTROL_LOOP_HEALTH samples=400/5723 interval_p95=59.14ms interval_p99=60.73ms execution_p95=3.35ms interval_misses=20 execution_misses=20
[INFO] [1787826685.196393425] [six_angels_material_sorting_client]: progress task=2 stage=align_for_place: task 2 moving box to table clearance height; slide_target=0.413, slide_err=0.348, left_err=0.017, right_err=0.017, cmd_err=0.330, slide_vel=0.165, max_vel=0.165
[INFO] [1787826687.246069335] [six_angels_material_sorting_client]: progress task=2 stage=align_for_place: task 2 moving box to table clearance height; slide_target=0.413, slide_err=0.224, left_err=0.017, right_err=0.017, cmd_err=0.207, slide_vel=0.075, max_vel=0.075
[INFO] [1787826689.296444433] [six_angels_material_sorting_client]: progress task=2 stage=align_for_place: task 2 moving box to table clearance height; slide_target=0.413, slide_err=0.101, left_err=0.017, right_err=0.017, cmd_err=0.084, slide_vel=0.060, max_vel=0.060
[INFO] [1787826689.446514130] [six_angels_material_sorting_client]: CONTROL_LOOP_HEALTH samples=400/5823 interval_p95=58.28ms interval_p99=60.65ms execution_p95=3.05ms interval_misses=20 execution_misses=20
[INFO] [1787826691.297138018] [six_angels_material_sorting_client]: progress task=2 stage=align_for_place: task 2 moving box to table clearance height; slide_target=0.413, slide_err=0.005, left_err=0.017, right_err=0.017, cmd_err=0.000, slide_vel=0.022, max_vel=0.022
[INFO] [1787826693.347761756] [six_angels_material_sorting_client]: progress task=2 stage=align_for_place: task 2 advancing straight from table entry to the exact saved origin; advancing straight; remaining=0.236 m; minimum carried-envelope clearance=0.429 m (base to table)
[INFO] [1787826694.447838558] [six_angels_material_sorting_client]: CONTROL_LOOP_HEALTH samples=400/5923 interval_p95=55.10ms interval_p99=59.55ms execution_p95=2.87ms interval_misses=20 execution_misses=20
[INFO] [1787826695.396895515] [six_angels_material_sorting_client]: progress task=2 stage=align_for_place: task 2 advancing straight from table entry to the exact saved origin; advancing straight; remaining=0.138 m; minimum carried-envelope clearance=0.350 m (base to table)
[INFO] [1787826697.396885109] [six_angels_material_sorting_client]: progress task=2 stage=align_for_place: task 2 advancing straight from table entry to the exact saved origin; advancing straight; remaining=0.076 m; minimum carried-envelope clearance=0.315 m (base to table)
[INFO] [1787826699.397073591] [six_angels_material_sorting_client]: progress task=2 stage=align_for_place: task 2 advancing straight from table entry to the exact saved origin; advancing straight; remaining=0.040 m; minimum carried-envelope clearance=0.285 m (base to table)
[INFO] [1787826699.497154351] [six_angels_material_sorting_client]: CONTROL_LOOP_HEALTH samples=400/6024 interval_p95=50.44ms interval_p99=58.62ms execution_p95=2.87ms interval_misses=20 execution_misses=20
[INFO] [1787826700.947839467] [six_angels_material_sorting_client]: controller=executing_stage task=2 attempt=1 stage=place score=80: task 2 entering place: task 2 aligned held box over task 1's original table coordinate
[INFO] [1787826700.996130864] [six_angels_material_sorting_client]: controller=executing_stage task=2 attempt=1 stage=place score=80: task 2 attempt 1 stage=place
[INFO] [1787826702.996795479] [six_angels_material_sorting_client]: progress task=2 stage=place: task 2 lowering box compliantly onto original table point; slide_target=0.456, slide_err=0.002, left_err=0.017, right_err=0.017, cmd_err=0.000, slide_vel=0.017, max_vel=0.017; compliant_place_phase=fast_approach, remaining_mm=12.0, step_mm=2.0, completion=None; placement_effort=active, slide_ratio=0.00, left_wrist_ratio=0.00, right_wrist_ratio=0.00, left_arm_max=0.00, right_arm_max=0.00, candidate=False, confirmed=False
[INFO] [1787826704.547113172] [six_angels_material_sorting_client]: CONTROL_LOOP_HEALTH samples=400/6125 interval_p95=50.33ms interval_p99=50.49ms execution_p95=2.78ms interval_misses=20 execution_misses=20
[INFO] [1787826705.047132859] [six_angels_material_sorting_client]: progress task=2 stage=place: task 2 lowering box compliantly onto original table point; slide_target=0.460, slide_err=0.003, left_err=0.017, right_err=0.017, cmd_err=0.000, slide_vel=0.006, max_vel=0.006; compliant_place_phase=fine_descent, remaining_mm=8.0, step_mm=2.0, completion=None; placement_effort=active, slide_ratio=245.48, left_wrist_ratio=0.05, right_wrist_ratio=0.52, left_arm_max=11.50, right_arm_max=11.50, candidate=False, confirmed=False
[INFO] [1787826707.096871579] [six_angels_material_sorting_client]: progress task=2 stage=place: task 2 spreading both arms for table release; target_base=(0.768, -0.017, 0.834); arm_tol=0.030, slide_err=0.003, left_err=0.005, right_err=0.004, cmd_err=0.000, max_vel=0.006
[INFO] [1787826707.247303768] [six_angels_material_sorting_client]: controller=executing_stage task=2 attempt=1 stage=verify_place score=80: task 2 entering verify_place: task 2 opened both arms and released at task 1's original point
[INFO] [1787826707.296872535] [six_angels_material_sorting_client]: controller=executing_stage task=2 attempt=1 stage=verify_place score=80: task 2 attempt 1 stage=verify_place
[INFO] [1787826708.297437044] [six_angels_material_sorting_client]: controller=executing_stage task=2 attempt=1 stage=return_to_end score=80: task 2 entering return_to_end: task 2 table placement settled; handing result to referee
[INFO] [1787826708.413081244] [six_angels_material_sorting_client]: controller=executing_stage task=2 attempt=1 stage=return_to_end score=80: task 2 attempt 1 stage=return_to_end
[INFO] [1787826708.416869879] [six_angels_material_sorting_client]: scheduler candidate action=task2:return_to_end:stand:left source=heuristic reason=rl_shadow_isolated:inference_result_stale costmap_v=337
[INFO] [1787826709.597184510] [six_angels_material_sorting_client]: CONTROL_LOOP_HEALTH samples=400/6226 interval_p95=50.36ms interval_p99=56.49ms execution_p95=2.87ms interval_misses=20 execution_misses=21
[INFO] [1787826710.396493293] [six_angels_material_sorting_client]: progress task=2 stage=return_to_end: task 2 retreating straight; remaining=0.243 m after table release
[INFO] [1787826712.498055058] [six_angels_material_sorting_client]: progress task=2 stage=return_to_end: task 2 retreating straight; remaining=0.125 m after table release
[INFO] [1787826714.500330416] [six_angels_material_sorting_client]: progress task=2 stage=return_to_end: task 2 retreating straight; remaining=0.059 m after table release
[INFO] [1787826714.646700415] [six_angels_material_sorting_client]: CONTROL_LOOP_HEALTH samples=400/6327 interval_p95=54.86ms interval_p99=59.68ms execution_p95=2.48ms interval_misses=20 execution_misses=22
[INFO] [1787826716.546465039] [six_angels_material_sorting_client]: progress task=2 stage=return_to_end: task 2 retreating straight; remaining=0.018 m after table release
[INFO] [1787826718.597792195] [six_angels_material_sorting_client]: progress task=2 stage=return_to_end: task 2 retracting arms after table retreat; transport retract; slide_err=0.002, left_err=0.003, right_err=0.003, cmd_err=0.000, max_vel=0.008
[INFO] [1787826719.649190433] [six_angels_material_sorting_client]: CONTROL_LOOP_HEALTH samples=400/6427 interval_p95=54.86ms interval_p99=59.68ms execution_p95=2.76ms interval_misses=20 execution_misses=22
[INFO] [1787826720.598382230] [six_angels_material_sorting_client]: progress task=2 stage=return_to_end: task 2 returning to the end zone; goal=(-0.78, 0.55, 1.57); nav_status=navigating; NAV_TEL phase=transfer status=navigating segment=nav_end x=-0.976 y=1.146 yaw=1.153 dist=0.627 yaw_err=0.418 cmd=(0.000,-0.550) clear=0.500 footprint=transit_stowed path=0.585 planned_straight=0.627 detour=0.933
[INFO] [1787826722.646918886] [six_angels_material_sorting_client]: progress task=2 stage=return_to_end: task 2 returning to the end zone; goal=(-0.78, 0.55, 1.57); nav_status=navigating; NAV_TEL phase=transfer status=navigating segment=nav_end x=-0.976 y=1.145 yaw=0.620 dist=0.627 yaw_err=0.950 cmd=(0.000,-0.550) clear=0.500 footprint=transit_stowed path=0.585 planned_straight=0.627 detour=0.933
[INFO] [1787826724.696987409] [six_angels_material_sorting_client]: progress task=2 stage=return_to_end: task 2 returning to the end zone; goal=(-0.78, 0.55, 1.57); nav_status=navigating; NAV_TEL phase=transfer status=navigating segment=nav_end x=-0.977 y=1.145 yaw=0.104 dist=0.627 yaw_err=1.467 cmd=(0.000,-0.550) clear=0.550 footprint=transit_stowed path=0.585 planned_straight=0.627 detour=0.933
[INFO] [1787826724.698362627] [six_angels_material_sorting_client]: CONTROL_LOOP_HEALTH samples=400/6528 interval_p95=54.86ms interval_p99=59.68ms execution_p95=3.01ms interval_misses=20 execution_misses=22
[INFO] [1787826726.746592451] [six_angels_material_sorting_client]: progress task=2 stage=return_to_end: task 2 returning to the end zone; goal=(-0.78, 0.55, 1.57); nav_status=navigating; NAV_TEL phase=transfer status=navigating segment=nav_end x=-0.977 y=1.145 yaw=-0.455 dist=0.627 yaw_err=2.026 cmd=(0.000,-0.550) clear=0.500 footprint=transit_stowed path=0.585 planned_straight=0.627 detour=0.933
[INFO] [1787826728.746652070] [six_angels_material_sorting_client]: progress task=2 stage=return_to_end: task 2 returning to the end zone; goal=(-0.78, 0.55, 1.57); nav_status=navigating; NAV_TEL phase=transfer status=navigating segment=nav_end x=-0.978 y=1.146 yaw=-0.993 dist=0.628 yaw_err=2.564 cmd=(0.000,-0.546) clear=0.500 footprint=transit_stowed path=0.585 planned_straight=0.627 detour=0.933
[INFO] [1787826729.747120565] [six_angels_material_sorting_client]: CONTROL_LOOP_HEALTH samples=400/6629 interval_p95=52.55ms interval_p99=55.48ms execution_p95=2.95ms interval_misses=20 execution_misses=22
[INFO] [1787826730.748104654] [six_angels_material_sorting_client]: progress task=2 stage=return_to_end: task 2 returning to the end zone; goal=(-0.78, 0.55, 1.57); nav_status=navigating; NAV_TEL phase=transfer status=navigating segment=nav_end x=-0.928 y=1.025 yaw=-1.241 dist=0.498 yaw_err=2.812 cmd=(0.180,-0.058) clear=0.600 footprint=transit_stowed path=0.585 planned_straight=0.627 detour=0.933
[INFO] [1787826732.797663931] [six_angels_material_sorting_client]: progress task=2 stage=return_to_end: task 2 returning to the end zone; goal=(-0.78, 0.55, 1.57); nav_status=navigating; NAV_TEL phase=transfer status=navigating segment=nav_end x=-0.875 y=0.860 yaw=-1.266 dist=0.324 yaw_err=2.837 cmd=(0.180,0.002) clear=0.550 footprint=transit_stowed path=0.585 planned_straight=0.627 detour=0.933
[INFO] [1787826734.748716749] [six_angels_material_sorting_client]: CONTROL_LOOP_HEALTH samples=400/6729 interval_p95=50.57ms interval_p99=52.57ms execution_p95=3.13ms interval_misses=20 execution_misses=22
[INFO] [1787826734.846729736] [six_angels_material_sorting_client]: progress task=2 stage=return_to_end: task 2 returning to the end zone; goal=(-0.78, 0.55, 1.57); nav_status=final_positioning; NAV_TEL phase=transfer status=final_positioning segment=nav_end x=-0.825 y=0.701 yaw=-1.267 dist=0.158 yaw_err=2.838 cmd=(0.100,-0.028) clear=0.350 footprint=transit_stowed path=0.585 planned_straight=0.627 detour=0.933
[INFO] [1787826736.911151039] [six_angels_material_sorting_client]: progress task=2 stage=return_to_end: task 2 returning to the end zone; goal=(-0.78, 0.55, 1.57); nav_status=final_aligning; NAV_TEL phase=transfer status=final_aligning segment=nav_end x=-0.800 y=0.619 yaw=-1.260 dist=0.072 yaw_err=2.831 cmd=(0.000,0.500) clear=0.300 footprint=transit_stowed path=0.585 planned_straight=0.627 detour=0.933
[INFO] [1787826738.897742225] [six_angels_material_sorting_client]: progress task=2 stage=return_to_end: task 2 returning to the end zone; goal=(-0.78, 0.55, 1.57); nav_status=final_aligning; NAV_TEL phase=transfer status=final_aligning segment=nav_end x=-0.800 y=0.617 yaw=-0.761 dist=0.070 yaw_err=2.332 cmd=(0.000,0.500) clear=0.300 footprint=transit_stowed path=0.585 planned_straight=0.627 detour=0.933
[INFO] [1787826739.798214417] [six_angels_material_sorting_client]: CONTROL_LOOP_HEALTH samples=400/6830 interval_p95=50.47ms interval_p99=50.77ms execution_p95=3.11ms interval_misses=20 execution_misses=22
[INFO] [1787826740.897992949] [six_angels_material_sorting_client]: progress task=2 stage=return_to_end: task 2 returning to the end zone; goal=(-0.78, 0.55, 1.57); nav_status=final_aligning; NAV_TEL phase=transfer status=final_aligning segment=nav_end x=-0.800 y=0.618 yaw=-0.279 dist=0.071 yaw_err=1.850 cmd=(0.000,0.500) clear=0.400 footprint=transit_stowed path=0.585 planned_straight=0.627 detour=0.933
[INFO] [1787826742.946519087] [six_angels_material_sorting_client]: progress task=2 stage=return_to_end: task 2 returning to the end zone; goal=(-0.78, 0.55, 1.57); nav_status=final_aligning; NAV_TEL phase=transfer status=final_aligning segment=nav_end x=-0.800 y=0.618 yaw=0.253 dist=0.071 yaw_err=1.318 cmd=(0.000,0.500) clear=0.400 footprint=transit_stowed path=0.585 planned_straight=0.627 detour=0.933
[INFO] [1787826744.846913347] [six_angels_material_sorting_client]: CONTROL_LOOP_HEALTH samples=400/6931 interval_p95=50.37ms interval_p99=50.64ms execution_p95=3.00ms interval_misses=20 execution_misses=22
[INFO] [1787826744.946964056] [six_angels_material_sorting_client]: progress task=2 stage=return_to_end: task 2 returning to the end zone; goal=(-0.78, 0.55, 1.57); nav_status=final_aligning; NAV_TEL phase=transfer status=final_aligning segment=nav_end x=-0.801 y=0.617 yaw=0.761 dist=0.071 yaw_err=0.810 cmd=(0.000,0.500) clear=0.350 footprint=transit_stowed path=0.585 planned_straight=0.627 detour=0.933
[INFO] [1787826746.957156279] [six_angels_material_sorting_client]: progress task=2 stage=return_to_end: task 2 returning to the end zone; goal=(-0.78, 0.55, 1.57); nav_status=final_aligning; NAV_TEL phase=transfer status=final_aligning segment=nav_end x=-0.801 y=0.617 yaw=1.288 dist=0.070 yaw_err=0.282 cmd=(0.000,0.500) clear=0.350 footprint=transit_stowed path=0.585 planned_straight=0.627 detour=0.933
[INFO] [1787826748.147379338] [six_angels_material_sorting_client]: controller=waiting_for_referee task=2 attempt=1 stage=- score=100: task 2 local sequence completed; waiting for Server referee: task 2 returned to the end zone; local sequence complete
[INFO] [1787826748.196088445] [six_angels_material_sorting_client]: controller=starting_task task=3 attempt=1 stage=navigate_to_pick score=100: referee advanced to task 3; starting attempt 1
[INFO] [1787826748.245229462] [six_angels_material_sorting_client]: task detection epoch retains yellow RGB-D history
[INFO] [1787826748.247176299] [six_angels_material_sorting_client]: controller=executing_stage task=3 attempt=1 stage=navigate_to_pick score=100: task 3 entering navigate_to_pick
[INFO] [1787826748.350889495] [six_angels_material_sorting_client]: controller=executing_stage task=3 attempt=1 stage=navigate_to_pick score=100: task 3 attempt 1 stage=navigate_to_pick
[INFO] [1787826748.599208755] [six_angels_material_sorting_client]: scheduler candidate action=task3:navigate_to_pick:stand:left source=heuristic reason=rl_shadow_isolated:inference_result_stale costmap_v=393
[INFO] [1787826749.898200562] [six_angels_material_sorting_client]: CONTROL_LOOP_HEALTH samples=400/7029 interval_p95=50.71ms interval_p99=55.12ms execution_p95=3.30ms interval_misses=21 execution_misses=24
[INFO] [1787826750.328454599] [six_angels_material_sorting_client]: progress task=3 stage=navigate_to_pick: task 3 navigating to top-box yellow pick stand; nav_status=navigating
[INFO] [1787826752.297865370] [six_angels_material_sorting_client]: progress task=3 stage=navigate_to_pick: task 3 navigating to top-box yellow pick stand; nav_status=navigating
[INFO] [1787826754.347406776] [six_angels_material_sorting_client]: progress task=3 stage=navigate_to_pick: task 3 navigating to top-box yellow pick stand; nav_status=navigating
[INFO] [1787826754.897147080] [six_angels_material_sorting_client]: CONTROL_LOOP_HEALTH samples=400/7130 interval_p95=51.78ms interval_p99=56.77ms execution_p95=3.38ms interval_misses=21 execution_misses=24
[INFO] [1787826756.348125431] [six_angels_material_sorting_client]: progress task=3 stage=navigate_to_pick: task 3 navigating to top-box yellow pick stand; nav_status=navigating
[INFO] [1787826758.423643969] [six_angels_material_sorting_client]: progress task=3 stage=navigate_to_pick: task 3 navigating to top-box yellow pick stand; nav_status=navigating
[INFO] [1787826759.897563212] [six_angels_material_sorting_client]: CONTROL_LOOP_HEALTH samples=400/7230 interval_p95=55.09ms interval_p99=58.72ms execution_p95=3.98ms interval_misses=21 execution_misses=24
[INFO] [1787826760.421071062] [six_angels_material_sorting_client]: progress task=3 stage=navigate_to_pick: task 3 navigating to top-box yellow pick stand; nav_status=navigating
[INFO] [1787826762.701496442] [six_angels_material_sorting_client]: progress task=3 stage=navigate_to_pick: task 3 navigating to top-box yellow pick stand; nav_status=final_positioning
[INFO] [1787826764.762259273] [six_angels_material_sorting_client]: progress task=3 stage=navigate_to_pick: task 3 navigating to top-box yellow pick stand; nav_status=final_aligning
[INFO] [1787826765.201824596] [six_angels_material_sorting_client]: CONTROL_LOOP_HEALTH samples=400/7323 interval_p95=56.34ms interval_p99=60.24ms execution_p95=13.06ms interval_misses=23 execution_misses=26
[INFO] [1787826766.146821983] [six_angels_material_sorting_client]: controller=executing_stage task=3 attempt=1 stage=acquire_target score=100: task 3 entering acquire_target: task 3 reached the detected yellow top-box pick stand; NAV_GOAL_REACHED segment=nav_table
[INFO] [1787826766.196232753] [six_angels_material_sorting_client]: controller=executing_stage task=3 attempt=1 stage=acquire_target score=100: task 3 attempt 1 stage=acquire_target
[INFO] [1787826766.246291702] [six_angels_material_sorting_client]: controller=executing_stage task=3 attempt=1 stage=align_for_pick score=100: task 3 entering align_for_pick: task 3 reused the stable top-box center collected during navigation: center=(-0.545, 2.264, 1.009), orientation=yaw90
[INFO] [1787826766.295979952] [six_angels_material_sorting_client]: controller=executing_stage task=3 attempt=1 stage=align_for_pick score=100: task 3 attempt 1 stage=align_for_pick
[INFO] [1787826768.296161646] [six_angels_material_sorting_client]: progress task=3 stage=align_for_pick: task 1 moving both open arms to pregrasp; target_base=(0.72, -0.016, 1.009); arm_tol=0.030, slide_err=0.010, left_err=0.002, right_err=0.002, cmd_err=0.000, max_vel=0.010
[INFO] [1787826768.846629431] [six_angels_material_sorting_client]: controller=executing_stage task=3 attempt=1 stage=grasp score=100: task 3 entering grasp: task 1 both open arms reached the non-contact pregrasp pose
[INFO] [1787826768.896223261] [six_angels_material_sorting_client]: controller=executing_stage task=3 attempt=1 stage=grasp score=100: task 3 attempt 1 stage=grasp
[INFO] [1787826769.996666516] [six_angels_material_sorting_client]: CONTROL_LOOP_HEALTH samples=400/7419 interval_p95=55.53ms interval_p99=60.24ms execution_p95=12.70ms interval_misses=24 execution_misses=26
[INFO] [1787826770.948986773] [six_angels_material_sorting_client]: progress task=3 stage=grasp: task 1 continuously advancing the compliant contact search; speed=0.5 mm/s, offset=0.2/16.0 mm, surface_clearance=9.8 mm; compliance=active; left[contact=True, aligned=False, angle=0.2deg, effort_delta=1.67, effort_threshold=0.35, firm=True, firm_latched=False, velocity=0.000]; right[contact=True, aligned=False, angle=0.2deg, effort_delta=1.67, effort_threshold=0.35, firm=True, firm_latched=False, velocity=0.000]
[INFO] [1787826772.998496526] [six_angels_material_sorting_client]: progress task=3 stage=grasp: task 1 continuously applying locked-wrist preload; offset=1.7/2.7 mm; compliance=active; left[contact=True, aligned=True, angle=2.2deg, effort_delta=0.15, effort_threshold=0.35, firm=False, firm_latched=False, velocity=0.000]; right[contact=True, aligned=True, angle=1.9deg, effort_delta=0.10, effort_threshold=0.35, firm=False, firm_latched=False, velocity=0.000]
[INFO] [1787826774.497282978] [six_angels_material_sorting_client]: controller=executing_stage task=3 attempt=1 stage=lift score=100: task 3 entering lift: task 1 bilateral compliant grasp settled with locked wrists and 2.7 mm bounded preload; compliance=active; left[contact=True, aligned=True, angle=2.2deg, effort_delta=0.13, effort_threshold=0.35, firm=False, firm_latched=False, velocity=0.000]; right[contact=True, aligned=True, angle=1.9deg, effort_delta=0.08, effort_threshold=0.35, firm=False, firm_latched=False, velocity=0.000]
[INFO] [1787826774.546960899] [six_angels_material_sorting_client]: controller=executing_stage task=3 attempt=1 stage=lift score=100: task 3 attempt 1 stage=lift
[INFO] [1787826775.046396339] [six_angels_material_sorting_client]: CONTROL_LOOP_HEALTH samples=400/7520 interval_p95=55.22ms interval_p99=60.24ms execution_p95=8.98ms interval_misses=24 execution_misses=26
[INFO] [1787826776.546322241] [six_angels_material_sorting_client]: progress task=3 stage=lift: task 3 raising the spine while preserving arm preload; bounded_contact=False; lift=0.150m, slide_target=0.143, slide_err=0.059, left_err=0.016, right_err=0.016, cmd_err=0.030, max_vel=0.176
[INFO] [1787826778.546881888] [six_angels_material_sorting_client]: controller=executing_stage task=3 attempt=1 stage=transport score=100: task 3 entering transport: task 3 accepted the completed 0.15 m lift with bounded held-box contact motion; lift=0.150m, slide_target=0.143, slide_err=0.010, left_err=0.016, right_err=0.016, cmd_err=0.000, max_vel=0.008
[INFO] [1787826778.661231554] [six_angels_material_sorting_client]: controller=executing_stage task=3 attempt=1 stage=transport score=100: task 3 attempt 1 stage=transport
[INFO] [1787826778.665888269] [six_angels_material_sorting_client]: scheduler candidate action=task3:transport:stand:right source=heuristic reason=rl_shadow_isolated:inference_result_stale costmap_v=419
[INFO] [1787826780.046921061] [six_angels_material_sorting_client]: CONTROL_LOOP_HEALTH samples=400/7620 interval_p95=55.02ms interval_p99=65.23ms execution_p95=4.91ms interval_misses=24 execution_misses=27
[INFO] [1787826780.614274693] [six_angels_material_sorting_client]: progress task=3 stage=transport: task 3 holding the top-box and retreating from table; retreating straight; remaining=0.261 m
[INFO] [1787826782.646002406] [six_angels_material_sorting_client]: progress task=3 stage=transport: task 3 holding the top-box and retreating from table; retreating straight; remaining=0.155 m
[INFO] [1787826784.648314659] [six_angels_material_sorting_client]: progress task=3 stage=transport: task 3 holding the top-box and retreating from table; retreating straight; remaining=0.082 m
[INFO] [1787826785.096689916] [six_angels_material_sorting_client]: CONTROL_LOOP_HEALTH samples=400/7721 interval_p95=51.05ms interval_p99=59.75ms execution_p95=3.92ms interval_misses=24 execution_misses=27
[INFO] [1787826786.646905502] [six_angels_material_sorting_client]: progress task=3 stage=transport: task 3 holding the top-box and retreating from table; retreating straight; remaining=0.040 m
[INFO] [1787826788.646442019] [six_angels_material_sorting_client]: progress task=3 stage=transport: task 3 turning counter-clockwise toward the shelf before translation; yaw_error=1.475
[INFO] [1787826790.146241733] [six_angels_material_sorting_client]: CONTROL_LOOP_HEALTH samples=400/7822 interval_p95=51.05ms interval_p99=59.06ms execution_p95=3.89ms interval_misses=24 execution_misses=27
[INFO] [1787826790.695944467] [six_angels_material_sorting_client]: progress task=3 stage=transport: task 3 turning counter-clockwise toward the shelf before translation; yaw_error=1.138
[INFO] [1787826792.696043966] [six_angels_material_sorting_client]: progress task=3 stage=transport: task 3 turning counter-clockwise toward the shelf before translation; yaw_error=0.812
[INFO] [1787826794.786872039] [six_angels_material_sorting_client]: progress task=3 stage=transport: task 3 turning counter-clockwise toward the shelf before translation; yaw_error=0.436
[INFO] [1787826795.146923322] [six_angels_material_sorting_client]: CONTROL_LOOP_HEALTH samples=400/7922 interval_p95=51.05ms interval_p99=59.06ms execution_p95=1.77ms interval_misses=24 execution_misses=27
[INFO] [1787826796.747021094] [six_angels_material_sorting_client]: progress task=3 stage=transport: task 3 turning counter-clockwise toward the shelf before translation; yaw_error=0.139
[INFO] [1787826798.796242115] [six_angels_material_sorting_client]: progress task=3 stage=transport: task 1 advancing shelfward with the safe west-facing heading; advancing straight; remaining=0.454 m
[INFO] [1787826800.196340376] [six_angels_material_sorting_client]: CONTROL_LOOP_HEALTH samples=400/8023 interval_p95=50.63ms interval_p99=57.50ms execution_p95=1.73ms interval_misses=24 execution_misses=27
[INFO] [1787826800.795919187] [six_angels_material_sorting_client]: progress task=3 stage=transport: task 1 advancing shelfward with the safe west-facing heading; advancing straight; remaining=0.362 m
[INFO] [1787826802.799166450] [six_angels_material_sorting_client]: progress task=3 stage=transport: task 1 advancing shelfward with the safe west-facing heading; advancing straight; remaining=0.266 m
[INFO] [1787826804.846167692] [six_angels_material_sorting_client]: progress task=3 stage=transport: task 1 advancing shelfward with the safe west-facing heading; advancing straight; remaining=0.174 m
[INFO] [1787826805.196296709] [six_angels_material_sorting_client]: CONTROL_LOOP_HEALTH samples=400/8123 interval_p95=50.48ms interval_p99=51.45ms execution_p95=1.59ms interval_misses=24 execution_misses=27
[INFO] [1787826806.896099266] [six_angels_material_sorting_client]: progress task=3 stage=transport: task 1 advancing shelfward with the safe west-facing heading; advancing straight; remaining=0.102 m
[INFO] [1787826808.946088366] [six_angels_material_sorting_client]: progress task=3 stage=transport: task 1 advancing shelfward with the safe west-facing heading; advancing straight; remaining=0.058 m
[INFO] [1787826810.246133875] [six_angels_material_sorting_client]: CONTROL_LOOP_HEALTH samples=400/8224 interval_p95=50.38ms interval_p99=51.24ms execution_p95=1.34ms interval_misses=24 execution_misses=27
[INFO] [1787826810.995969683] [six_angels_material_sorting_client]: progress task=3 stage=transport: task 1 advancing shelfward with the safe west-facing heading; advancing straight; remaining=0.023 m
[INFO] [1787826813.001016681] [six_angels_material_sorting_client]: progress task=3 stage=transport: task 3 moving laterally at the safe shelf-front clearance; lateral alignment rotating toward shelf-front direction; yaw_err=1.397
[INFO] [1787826815.046022393] [six_angels_material_sorting_client]: progress task=3 stage=transport: task 3 moving laterally at the safe shelf-front clearance; lateral alignment rotating toward shelf-front direction; yaw_err=1.017
[INFO] [1787826815.248449926] [six_angels_material_sorting_client]: CONTROL_LOOP_HEALTH samples=400/8324 interval_p95=50.40ms interval_p99=51.45ms execution_p95=1.50ms interval_misses=24 execution_misses=27
[INFO] [1787826817.096423836] [six_angels_material_sorting_client]: progress task=3 stage=transport: task 3 moving laterally at the safe shelf-front clearance; lateral alignment rotating toward shelf-front direction; yaw_err=0.646
[INFO] [1787826819.145924945] [six_angels_material_sorting_client]: progress task=3 stage=transport: task 3 moving laterally at the safe shelf-front clearance; lateral alignment rotating toward shelf-front direction; yaw_err=0.266
[INFO] [1787826820.296884963] [six_angels_material_sorting_client]: CONTROL_LOOP_HEALTH samples=400/8425 interval_p95=50.45ms interval_p99=51.72ms execution_p95=1.67ms interval_misses=24 execution_misses=27
[INFO] [1787826821.186827568] [six_angels_material_sorting_client]: progress task=3 stage=transport: task 3 moving laterally at the safe shelf-front clearance; lateral alignment driving along shelf front; y_err=-0.394, x_err=-0.011
[INFO] [1787826823.146602597] [six_angels_material_sorting_client]: progress task=3 stage=transport: task 3 moving laterally at the safe shelf-front clearance; lateral alignment driving along shelf front; y_err=-0.314, x_err=-0.009
[INFO] [1787826825.146231460] [six_angels_material_sorting_client]: progress task=3 stage=transport: task 3 moving laterally at the safe shelf-front clearance; lateral alignment driving along shelf front; y_err=-0.220, x_err=-0.007
[INFO] [1787826825.346221693] [six_angels_material_sorting_client]: CONTROL_LOOP_HEALTH samples=400/8526 interval_p95=50.44ms interval_p99=51.40ms execution_p95=1.78ms interval_misses=24 execution_misses=27
[INFO] [1787826827.195907040] [six_angels_material_sorting_client]: progress task=3 stage=transport: task 3 moving laterally at the safe shelf-front clearance; lateral alignment driving along shelf front; y_err=-0.120, x_err=-0.007
[INFO] [1787826829.196121052] [six_angels_material_sorting_client]: progress task=3 stage=transport: task 3 moving laterally at the safe shelf-front clearance; lateral alignment driving along shelf front; y_err=-0.061, x_err=-0.006
[INFO] [1787826830.364992435] [six_angels_material_sorting_client]: CONTROL_LOOP_HEALTH samples=400/8626 interval_p95=50.45ms interval_p99=51.40ms execution_p95=1.78ms interval_misses=24 execution_misses=27
[INFO] [1787826831.246275701] [six_angels_material_sorting_client]: progress task=3 stage=transport: task 3 moving laterally at the safe shelf-front clearance; lateral alignment driving along shelf front; y_err=-0.023, x_err=-0.006
[INFO] [1787826833.246123153] [six_angels_material_sorting_client]: progress task=3 stage=transport: task 3 moving laterally at the safe shelf-front clearance; lateral alignment restoring shelf-facing yaw; yaw_err=-1.322
[INFO] [1787826835.309013030] [six_angels_material_sorting_client]: progress task=3 stage=transport: task 3 moving laterally at the safe shelf-front clearance; lateral alignment restoring shelf-facing yaw; yaw_err=-0.911
[INFO] [1787826835.396403147] [six_angels_material_sorting_client]: CONTROL_LOOP_HEALTH samples=400/8727 interval_p95=50.41ms interval_p99=50.83ms execution_p95=1.78ms interval_misses=24 execution_misses=27
[INFO] [1787826837.345907526] [six_angels_material_sorting_client]: progress task=3 stage=transport: task 3 moving laterally at the safe shelf-front clearance; lateral alignment restoring shelf-facing yaw; yaw_err=-0.522
[INFO] [1787826839.395858085] [six_angels_material_sorting_client]: progress task=3 stage=transport: task 3 moving laterally at the safe shelf-front clearance; lateral alignment restoring shelf-facing yaw; yaw_err=-0.135
[INFO] [1787826840.246535248] [six_angels_material_sorting_client]: controller=executing_stage task=3 attempt=1 stage=align_for_place score=140: task 3 entering align_for_place: task 1 reached the safe shelf pre-place stand with the carried center still 0.75 m in front of the shelf
[INFO] [1787826840.296137021] [six_angels_material_sorting_client]: controller=executing_stage task=3 attempt=1 stage=align_for_place score=140: task 3 attempt 1 stage=align_for_place
[INFO] [1787826840.446002701] [six_angels_material_sorting_client]: CONTROL_LOOP_HEALTH samples=400/8828 interval_p95=50.37ms interval_p99=50.77ms execution_p95=1.78ms interval_misses=24 execution_misses=27
[INFO] [1787826842.296174918] [six_angels_material_sorting_client]: progress task=3 stage=align_for_place: task 1 moving held top-box to task-3 shelf clearance height; slide_target=0.355, slide_err=0.110, left_err=0.016, right_err=0.016, cmd_err=0.092, slide_vel=0.056, max_vel=0.056
[INFO] [1787826844.346074292] [six_angels_material_sorting_client]: progress task=3 stage=align_for_place: task 1 moving held top-box to task-3 shelf clearance height; slide_target=0.355, slide_err=0.005, left_err=0.016, right_err=0.016, cmd_err=0.000, slide_vel=0.023, max_vel=0.023
[INFO] [1787826845.446462941] [six_angels_material_sorting_client]: CONTROL_LOOP_HEALTH samples=400/8928 interval_p95=50.32ms interval_p99=50.72ms execution_p95=1.38ms interval_misses=24 execution_misses=27
[INFO] [1787826846.345951897] [six_angels_material_sorting_client]: progress task=3 stage=align_for_place: task 3 aligning outside shelf for packaging-box left placement; lateral alignment rotating toward shelf-front direction; yaw_err=1.405
[INFO] [1787826848.395893591] [six_angels_material_sorting_client]: progress task=3 stage=align_for_place: task 3 aligning outside shelf for packaging-box left placement; lateral alignment rotating toward shelf-front direction; yaw_err=0.994
[INFO] [1787826850.396504584] [six_angels_material_sorting_client]: progress task=3 stage=align_for_place: task 3 aligning outside shelf for packaging-box left placement; lateral alignment rotating toward shelf-front direction; yaw_err=0.597
[INFO] [1787826850.496475674] [six_angels_material_sorting_client]: CONTROL_LOOP_HEALTH samples=400/9029 interval_p95=50.36ms interval_p99=50.82ms execution_p95=1.38ms interval_misses=24 execution_misses=27
[INFO] [1787826852.445784027] [six_angels_material_sorting_client]: progress task=3 stage=align_for_place: task 3 aligning outside shelf for packaging-box left placement; lateral alignment rotating toward shelf-front direction; yaw_err=0.191
[INFO] [1787826854.496135383] [six_angels_material_sorting_client]: progress task=3 stage=align_for_place: task 3 aligning outside shelf for packaging-box left placement; lateral alignment driving along shelf front; y_err=-0.230, x_err=-0.006
[INFO] [1787826855.546120285] [six_angels_material_sorting_client]: CONTROL_LOOP_HEALTH samples=400/9130 interval_p95=50.32ms interval_p99=50.64ms execution_p95=1.38ms interval_misses=24 execution_misses=27
[INFO] [1787826856.495857399] [six_angels_material_sorting_client]: progress task=3 stage=align_for_place: task 3 aligning outside shelf for packaging-box left placement; lateral alignment driving along shelf front; y_err=-0.126, x_err=-0.004
[INFO] [1787826858.495962338] [six_angels_material_sorting_client]: progress task=3 stage=align_for_place: task 3 aligning outside shelf for packaging-box left placement; lateral alignment driving along shelf front; y_err=-0.063, x_err=-0.004
[INFO] [1787826860.545888688] [six_angels_material_sorting_client]: progress task=3 stage=align_for_place: task 3 aligning outside shelf for packaging-box left placement; lateral alignment driving along shelf front; y_err=-0.021, x_err=-0.004
[INFO] [1787826860.546832087] [six_angels_material_sorting_client]: CONTROL_LOOP_HEALTH samples=400/9230 interval_p95=50.24ms interval_p99=50.69ms execution_p95=1.39ms interval_misses=24 execution_misses=27
[INFO] [1787826862.545968734] [six_angels_material_sorting_client]: progress task=3 stage=align_for_place: task 3 aligning outside shelf for packaging-box left placement; lateral alignment restoring shelf-facing yaw; yaw_err=-1.278
[INFO] [1787826864.595976922] [six_angels_material_sorting_client]: progress task=3 stage=align_for_place: task 3 aligning outside shelf for packaging-box left placement; lateral alignment restoring shelf-facing yaw; yaw_err=-0.861
[INFO] [1787826865.596184052] [six_angels_material_sorting_client]: CONTROL_LOOP_HEALTH samples=400/9331 interval_p95=50.22ms interval_p99=50.81ms execution_p95=1.52ms interval_misses=24 execution_misses=27
[INFO] [1787826866.595920916] [six_angels_material_sorting_client]: progress task=3 stage=align_for_place: task 3 aligning outside shelf for packaging-box left placement; lateral alignment restoring shelf-facing yaw; yaw_err=-0.463
[INFO] [1787826868.596040983] [six_angels_material_sorting_client]: progress task=3 stage=align_for_place: task 3 aligning outside shelf for packaging-box left placement; lateral alignment restoring shelf-facing yaw; yaw_err=-0.089
[INFO] [1787826870.596216094] [six_angels_material_sorting_client]: CONTROL_LOOP_HEALTH samples=400/9431 interval_p95=50.24ms interval_p99=50.77ms execution_p95=1.54ms interval_misses=24 execution_misses=27
[INFO] [1787826870.645905473] [six_angels_material_sorting_client]: progress task=3 stage=align_for_place: task 1 advancing to the shallow task-3 insertion stand; advancing straight; remaining=0.559 m
[INFO] [1787826872.695804256] [six_angels_material_sorting_client]: progress task=3 stage=align_for_place: task 1 advancing to the shallow task-3 insertion stand; advancing straight; remaining=0.450 m
[INFO] [1787826874.696088344] [six_angels_material_sorting_client]: progress task=3 stage=align_for_place: task 1 advancing to the shallow task-3 insertion stand; advancing straight; remaining=0.335 m
[INFO] [1787826875.646172949] [six_angels_material_sorting_client]: CONTROL_LOOP_HEALTH samples=400/9532 interval_p95=50.24ms interval_p99=50.77ms execution_p95=1.57ms interval_misses=24 execution_misses=27
[INFO] [1787826876.745763875] [six_angels_material_sorting_client]: progress task=3 stage=align_for_place: task 1 advancing to the shallow task-3 insertion stand; advancing straight; remaining=0.219 m
[INFO] [1787826878.745966240] [six_angels_material_sorting_client]: progress task=3 stage=align_for_place: task 1 advancing to the shallow task-3 insertion stand; advancing straight; remaining=0.114 m
[INFO] [1787826880.646718637] [six_angels_material_sorting_client]: CONTROL_LOOP_HEALTH samples=400/9632 interval_p95=50.25ms interval_p99=50.59ms execution_p95=1.52ms interval_misses=24 execution_misses=27
[INFO] [1787826880.796573027] [six_angels_material_sorting_client]: progress task=3 stage=align_for_place: task 1 advancing to the shallow task-3 insertion stand; advancing straight; remaining=0.057 m
[INFO] [1787826882.845933060] [six_angels_material_sorting_client]: progress task=3 stage=align_for_place: task 1 advancing to the shallow task-3 insertion stand; advancing straight; remaining=0.017 m
[INFO] [1787826884.846549054] [six_angels_material_sorting_client]: progress task=3 stage=align_for_place: task 3 advancing the base an additional 0.15 m before release; advancing straight; remaining=0.083 m
[INFO] [1787826885.646705398] [six_angels_material_sorting_client]: CONTROL_LOOP_HEALTH samples=400/9732 interval_p95=50.29ms interval_p99=50.64ms execution_p95=1.50ms interval_misses=24 execution_misses=27
[INFO] [1787826886.896412173] [six_angels_material_sorting_client]: progress task=3 stage=align_for_place: task 3 advancing the base an additional 0.15 m before release; advancing straight; remaining=0.040 m
[INFO] [1787826888.196590404] [six_angels_material_sorting_client]: controller=executing_stage task=3 attempt=1 stage=place score=140: task 3 entering place: task 3 reached the direct base-release position without arm insertion; extra advance=0.15 m
[INFO] [1787826888.246233726] [six_angels_material_sorting_client]: controller=executing_stage task=3 attempt=1 stage=place score=140: task 3 attempt 1 stage=place
[INFO] [1787826890.296241188] [six_angels_material_sorting_client]: progress task=3 stage=place: task 1 lowering task-3 box compliantly onto the shelf board; slide_target=0.463, slide_err=0.029, left_err=0.016, right_err=0.016, cmd_err=0.012, slide_vel=0.050, max_vel=0.050; compliant_place_phase=fast_approach, remaining_mm=24.0, step_mm=2.0, completion=None; placement_effort=active, slide_ratio=0.00, left_wrist_ratio=0.00, right_wrist_ratio=0.00, left_arm_max=0.00, right_arm_max=0.00, candidate=False, confirmed=False
[INFO] [1787826890.696233301] [six_angels_material_sorting_client]: CONTROL_LOOP_HEALTH samples=400/9833 interval_p95=50.32ms interval_p99=50.71ms execution_p95=1.52ms interval_misses=24 execution_misses=27
[INFO] [1787826892.346244753] [six_angels_material_sorting_client]: progress task=3 stage=place: task 1 lowering task-3 box compliantly onto the shelf board; slide_target=0.465, slide_err=0.002, left_err=0.016, right_err=0.016, cmd_err=0.000, slide_vel=0.008, max_vel=0.008; compliant_place_phase=fine_descent, remaining_mm=10.0, step_mm=2.0, completion=None; placement_effort=active, slide_ratio=0.00, left_wrist_ratio=0.00, right_wrist_ratio=0.00, left_arm_max=0.00, right_arm_max=0.00, candidate=False, confirmed=False
[INFO] [1787826894.397171810] [six_angels_material_sorting_client]: progress task=3 stage=place: task 3 spreading both arms locally to release; target_base=(0.72, -0.012, 0.835); arm_tol=0.030, slide_err=0.006, left_err=0.040, right_err=0.038, cmd_err=0.032, max_vel=0.067
[INFO] [1787826895.697376043] [six_angels_material_sorting_client]: CONTROL_LOOP_HEALTH samples=400/9933 interval_p95=50.35ms interval_p99=50.75ms execution_p95=2.01ms interval_misses=24 execution_misses=27
[INFO] [1787826896.047649380] [six_angels_material_sorting_client]: controller=executing_stage task=3 attempt=1 stage=verify_place score=140: task 3 entering verify_place: task 3 released the box from the achieved insertion pose without world-frame IK recomputation
[INFO] [1787826896.096733563] [six_angels_material_sorting_client]: controller=executing_stage task=3 attempt=1 stage=verify_place score=140: task 3 attempt 1 stage=verify_place
[INFO] [1787826897.146446650] [six_angels_material_sorting_client]: controller=executing_stage task=3 attempt=1 stage=return_to_end score=140: task 3 entering return_to_end: task 1 shelf placement settled; handing result to referee
[INFO] [1787826897.283661818] [six_angels_material_sorting_client]: controller=executing_stage task=3 attempt=1 stage=return_to_end score=140: task 3 attempt 1 stage=return_to_end
[INFO] [1787826897.289573663] [six_angels_material_sorting_client]: scheduler candidate action=task3:return_to_end:stand:left source=heuristic reason=rl_shadow_isolated:submitted costmap_v=528
[INFO] [1787826899.196719709] [six_angels_material_sorting_client]: progress task=3 stage=return_to_end: task 3 retreating the base 0.40 m after release; retreating straight; remaining=0.289 m
[INFO] [1787826900.747250698] [six_angels_material_sorting_client]: CONTROL_LOOP_HEALTH samples=400/10034 interval_p95=50.64ms interval_p99=57.84ms execution_p95=2.24ms interval_misses=25 execution_misses=28
[INFO] [1787826901.196639908] [six_angels_material_sorting_client]: progress task=3 stage=return_to_end: task 3 retreating the base 0.40 m after release; retreating straight; remaining=0.147 m
[INFO] [1787826903.282568258] [six_angels_material_sorting_client]: progress task=3 stage=return_to_end: task 3 retreating the base 0.40 m after release; retreating straight; remaining=0.064 m
[INFO] [1787826905.259924319] [six_angels_material_sorting_client]: progress task=3 stage=return_to_end: task 3 retreating the base 0.40 m after release; retreating straight; remaining=0.017 m
[INFO] [1787826905.757538812] [six_angels_material_sorting_client]: CONTROL_LOOP_HEALTH samples=400/10134 interval_p95=55.39ms interval_p99=59.95ms execution_p95=2.28ms interval_misses=25 execution_misses=28
[INFO] [1787826907.296335830] [six_angels_material_sorting_client]: progress task=3 stage=return_to_end: task 3 pushing the released box farther into the shelf by 0.38 m; advancing straight; remaining=0.380 m
[INFO] [1787826909.296443210] [six_angels_material_sorting_client]: progress task=3 stage=return_to_end: task 3 pushing the released box farther into the shelf by 0.38 m; advancing straight; remaining=0.280 m
[INFO] [1787826910.796305893] [six_angels_material_sorting_client]: CONTROL_LOOP_HEALTH samples=400/10235 interval_p95=57.17ms interval_p99=59.97ms execution_p95=2.24ms interval_misses=25 execution_misses=28
[INFO] [1787826911.327217521] [six_angels_material_sorting_client]: progress task=3 stage=return_to_end: task 3 pushing the released box farther into the shelf by 0.38 m; advancing straight; remaining=0.168 m
[INFO] [1787826913.345960173] [six_angels_material_sorting_client]: progress task=3 stage=return_to_end: task 3 pushing the released box farther into the shelf by 0.38 m; advancing straight; remaining=0.085 m
[INFO] [1787826915.407428798] [six_angels_material_sorting_client]: progress task=3 stage=return_to_end: task 3 pushing the released box farther into the shelf by 0.38 m; advancing straight; remaining=0.046 m
[INFO] [1787826915.796805950] [six_angels_material_sorting_client]: CONTROL_LOOP_HEALTH samples=400/10335 interval_p95=58.16ms interval_p99=60.54ms execution_p95=1.77ms interval_misses=25 execution_misses=29
[INFO] [1787826917.385345452] [six_angels_material_sorting_client]: progress task=3 stage=return_to_end: task 3 retreating after the post-release push; retreating straight; remaining=0.450 m
[INFO] [1787826919.395982627] [six_angels_material_sorting_client]: progress task=3 stage=return_to_end: task 3 retreating after the post-release push; retreating straight; remaining=0.334 m
[INFO] [1787826920.904783000] [six_angels_material_sorting_client]: CONTROL_LOOP_HEALTH samples=400/10436 interval_p95=58.64ms interval_p99=60.43ms execution_p95=1.62ms interval_misses=25 execution_misses=29
[INFO] [1787826921.469189482] [six_angels_material_sorting_client]: progress task=3 stage=return_to_end: task 3 retreating after the post-release push; retreating straight; remaining=0.197 m
[INFO] [1787826923.496074160] [six_angels_material_sorting_client]: progress task=3 stage=return_to_end: task 3 retreating after the post-release push; retreating straight; remaining=0.088 m
[INFO] [1787826925.595013894] [six_angels_material_sorting_client]: progress task=3 stage=return_to_end: task 3 retreating after the post-release push; retreating straight; remaining=0.034 m
[INFO] [1787826925.849727346] [six_angels_material_sorting_client]: CONTROL_LOOP_HEALTH samples=400/10536 interval_p95=58.64ms interval_p99=60.80ms execution_p95=1.52ms interval_misses=25 execution_misses=30
[INFO] [1787826927.599921372] [six_angels_material_sorting_client]: progress task=3 stage=return_to_end: task 3 retracting both arms after the post-release push; transport retract; slide_err=0.003, left_err=0.223, right_err=0.220, cmd_err=0.094, max_vel=4.246
[INFO] [1787826929.646097195] [six_angels_material_sorting_client]: progress task=3 stage=return_to_end: task 3 raising the retracted arms to maximum transport height; slide_target=-0.040, slide_err=0.113, left_err=0.003, right_err=0.003, cmd_err=0.080, slide_vel=0.142, max_vel=0.142
[INFO] [1787826930.896134471] [six_angels_material_sorting_client]: CONTROL_LOOP_HEALTH samples=400/10637 interval_p95=58.16ms interval_p99=60.80ms execution_p95=1.58ms interval_misses=25 execution_misses=30
[INFO] [1787826931.695977629] [six_angels_material_sorting_client]: progress task=3 stage=return_to_end: task 3 raising the retracted arms to maximum transport height; slide_target=-0.040, slide_err=0.015, left_err=0.003, right_err=0.003, cmd_err=0.000, slide_vel=0.018, max_vel=0.018
[INFO] [1787826933.697279305] [six_angels_material_sorting_client]: progress task=3 stage=return_to_end: task 1 returning to the end zone; goal=(-0.78, 0.55, 1.57); nav_status=navigating; NAV_TEL phase=transfer status=navigating segment=nav_end x=-1.283 y=0.552 yaw=2.948 dist=0.503 yaw_err=-1.378 cmd=(0.000,-0.550) clear=0.350 footprint=transit_stowed path=0.500 planned_straight=0.503 detour=0.994
[INFO] [1787826935.697261184] [six_angels_material_sorting_client]: progress task=3 stage=return_to_end: task 1 returning to the end zone; goal=(-0.78, 0.55, 1.57); nav_status=navigating; NAV_TEL phase=transfer status=navigating segment=nav_end x=-1.282 y=0.552 yaw=2.320 dist=0.502 yaw_err=-0.749 cmd=(0.000,-0.550) clear=0.250 footprint=transit_stowed path=0.500 planned_straight=0.503 detour=0.994
[INFO] [1787826935.897170919] [six_angels_material_sorting_client]: CONTROL_LOOP_HEALTH samples=400/10737 interval_p95=56.91ms interval_p99=60.43ms execution_p95=2.26ms interval_misses=25 execution_misses=30
[INFO] [1787826937.793911595] [six_angels_material_sorting_client]: progress task=3 stage=return_to_end: task 1 returning to the end zone; goal=(-0.78, 0.55, 1.57); nav_status=navigating; NAV_TEL phase=transfer status=navigating segment=nav_end x=-1.282 y=0.552 yaw=1.718 dist=0.502 yaw_err=-0.147 cmd=(0.000,-0.550) clear=0.300 footprint=transit_stowed path=0.500 planned_straight=0.503 detour=0.994
[INFO] [1787826939.789468411] [six_angels_material_sorting_client]: progress task=3 stage=return_to_end: task 1 returning to the end zone; goal=(-0.78, 0.55, 1.57); nav_status=navigating; NAV_TEL phase=transfer status=navigating segment=nav_end x=-1.282 y=0.551 yaw=1.153 dist=0.502 yaw_err=0.418 cmd=(0.000,-0.550) clear=0.300 footprint=transit_stowed path=0.500 planned_straight=0.503 detour=0.994
[INFO] [1787826940.916400389] [six_angels_material_sorting_client]: CONTROL_LOOP_HEALTH samples=400/10837 interval_p95=55.00ms interval_p99=59.59ms execution_p95=2.80ms interval_misses=25 execution_misses=31
[INFO] [1787826941.800542169] [six_angels_material_sorting_client]: progress task=3 stage=return_to_end: task 1 returning to the end zone; goal=(-0.78, 0.55, 1.57); nav_status=navigating; NAV_TEL phase=transfer status=navigating segment=nav_end x=-1.282 y=0.550 yaw=0.572 dist=0.502 yaw_err=0.999 cmd=(0.000,-0.550) clear=0.300 footprint=transit_stowed path=0.500 planned_straight=0.503 detour=0.994
[INFO] [1787826943.846723238] [six_angels_material_sorting_client]: progress task=3 stage=return_to_end: task 1 returning to the end zone; goal=(-0.78, 0.55, 1.57); nav_status=navigating; NAV_TEL phase=transfer status=navigating segment=nav_end x=-1.215 y=0.564 yaw=0.136 dist=0.435 yaw_err=1.434 cmd=(0.180,-0.164) clear=0.350 footprint=transit_stowed path=0.500 planned_straight=0.503 detour=0.994
[INFO] [1787826945.870309222] [six_angels_material_sorting_client]: progress task=3 stage=return_to_end: task 1 returning to the end zone; goal=(-0.78, 0.55, 1.57); nav_status=navigating; NAV_TEL phase=transfer status=navigating segment=nav_end x=-1.027 y=0.576 yaw=0.023 dist=0.248 yaw_err=1.548 cmd=(0.180,-0.030) clear=0.400 footprint=transit_stowed path=0.500 planned_straight=0.503 detour=0.994
[INFO] [1787826945.947112586] [six_angels_material_sorting_client]: CONTROL_LOOP_HEALTH samples=400/10938 interval_p95=53.32ms interval_p99=56.07ms execution_p95=2.89ms interval_misses=25 execution_misses=31
[INFO] [1787826947.896656256] [six_angels_material_sorting_client]: progress task=3 stage=return_to_end: task 1 returning to the end zone; goal=(-0.78, 0.55, 1.57); nav_status=final_positioning; NAV_TEL phase=transfer status=final_positioning segment=nav_end x=-0.886 y=0.574 yaw=-0.136 dist=0.109 yaw_err=1.707 cmd=(0.087,-0.177) clear=0.350 footprint=transit_stowed path=0.500 planned_straight=0.503 detour=0.994
[INFO] [1787826949.896699128] [six_angels_material_sorting_client]: progress task=3 stage=return_to_end: task 1 returning to the end zone; goal=(-0.78, 0.55, 1.57); nav_status=final_aligning; NAV_TEL phase=transfer status=final_aligning segment=nav_end x=-0.849 y=0.568 yaw=0.124 dist=0.071 yaw_err=1.447 cmd=(0.000,0.500) clear=0.350 footprint=transit_stowed path=0.500 planned_straight=0.503 detour=0.994
[INFO] [1787826950.948010363] [six_angels_material_sorting_client]: CONTROL_LOOP_HEALTH samples=400/11038 interval_p95=52.61ms interval_p99=55.10ms execution_p95=2.89ms interval_misses=25 execution_misses=31
[INFO] [1787826951.896843751] [six_angels_material_sorting_client]: progress task=3 stage=return_to_end: task 1 returning to the end zone; goal=(-0.78, 0.55, 1.57); nav_status=final_aligning; NAV_TEL phase=transfer status=final_aligning segment=nav_end x=-0.849 y=0.568 yaw=0.651 dist=0.071 yaw_err=0.920 cmd=(0.000,0.500) clear=0.300 footprint=transit_stowed path=0.500 planned_straight=0.503 detour=0.994
[INFO] [1787826953.898629465] [six_angels_material_sorting_client]: progress task=3 stage=return_to_end: task 1 returning to the end zone; goal=(-0.78, 0.55, 1.57); nav_status=final_aligning; NAV_TEL phase=transfer status=final_aligning segment=nav_end x=-0.850 y=0.567 yaw=1.159 dist=0.072 yaw_err=0.412 cmd=(0.000,0.500) clear=0.300 footprint=transit_stowed path=0.500 planned_straight=0.503 detour=0.994
[INFO] [1787826955.497350739] [six_angels_material_sorting_client]: controller=finished task=3 attempt=1 stage=- score=160: referee terminal cleanup completed
[INFO] [1787826955.996251445] [six_angels_material_sorting_client]: CONTROL_LOOP_HEALTH samples=400/11139 interval_p95=51.23ms interval_p99=55.10ms execution_p95=2.94ms interval_misses=25 execution_misses=31
{
  "completed_seeds": [
    20260912
  ],
  "fail_fast": true,
  "passed": true,
  "promotion_allowed": false,
  "runs": [
    {
      "client_log": "/home/abc123/rl2_validation/rl2_1_shadow_asyncfix_pairs_20260911_20260912_r1/shadow/v2_multiseed_20260912/client_v2_multiseed_20260912.log",
      "failures": [],
      "passed": true,
      "score": 160,
      "seed": 20260912,
      "server_log": "/home/abc123/rl2_validation/rl2_1_shadow_asyncfix_pairs_20260911_20260912_r1/shadow/v2_multiseed_20260912/server_v2_multiseed_20260912.log"
    }
  ],
  "stopped_at_seed": null
}
