checking Client module consistency...
/workspace/baseline/examples/material_sorting/shelf/state_tracker.py:127: UserWarning: layout.scene.shelf_opening_yaw missing; fallback DEFAULT_SHELF_OPENING_YAW=0.0
  self.geometry = geometry or load_shelf_geometry()
/workspace/baseline/examples/material_sorting/perception/shelf_empty_confirm.py:90: UserWarning: layout.scene.shelf_opening_yaw missing; fallback DEFAULT_SHELF_OPENING_YAW=0.0
  self.geometry = geometry or load_shelf_geometry()
[INFO] [1787832557.361340892] [six_angels_material_sorting_client]: scheduler RL overlay enabled; policy_mode=rl_shadow
[INFO] [1787832557.373345154] [six_angels_material_sorting_client]: client started; waiting for instruction, odometry and joint states; execution_mode=task123_full; scheduler=v2
[INFO] [1787832557.373998994] [six_angels_material_sorting_client]: scheduler_policy=rl_shadow; event_log=/workspace/artifacts/scheduler_v2_multiseed_20260916.jsonl; measured_carry_guard=False
[INFO] [1787832557.374612745] [six_angels_material_sorting_client]: runtime_health=odom_max_age=0.750s, joint_max_age=0.750s, stale_grace=2.000s, control_period=0.050s
[WARN] [1787832557.375198836] [six_angels_material_sorting_client]: scheduler v2 is active: task plans and command/resource guards are enforced
[INFO] [1787832557.375805266] [six_angels_material_sorting_client]: semantic audit disabled
[WARN] [1787832557.376387467] [six_angels_material_sorting_client]: task123_full enables integrated task-1/task-2 execution and task-3 top-box pick, measured packaging-box left placement, and safe return; task transitions remain referee-driven
[INFO] [1787832557.424012673] [six_angels_material_sorting_client]: waiting for: instructions
[INFO] [1787832557.467566016] [six_angels_material_sorting_client]: instructions accepted: T1=yellow->shelf_point, T2=brown->table_point, T3=pink->shelf_prop_side
/usr/local/lib/python3.10/dist-packages/matplotlib/projections/__init__.py:63: UserWarning: Unable to import Axes3D. This may be due to multiple versions of Matplotlib being installed (e.g. as a system package and as a pip package). As a result, the 3D projection is not available.
  warnings.warn("Unable to import Axes3D. This may be due to multiple versions of "
[INFO] [1787832559.965078937] [material_box_detect]: material_box_detect up; backend=yolo; checkpoint=/workspace/baseline/examples/material_sorting/perception/checkpoints/best.pt; conf=0.65; center_compensation_scale=0.70; detection_log_period=0.0s
[INFO] [1787832562.324086222] [six_angels_material_sorting_client]: client inputs ready; starting three-task competition controller
[INFO] [1787832562.326506395] [six_angels_material_sorting_client]: controller=starting_task task=1 attempt=1 stage=navigate_to_pick score=0: starting task 1 attempt 1
[INFO] [1787832562.375427213] [six_angels_material_sorting_client]: controller=executing_stage task=1 attempt=1 stage=navigate_to_pick score=0: task 1 entering navigate_to_pick
[INFO] [1787832562.478490494] [six_angels_material_sorting_client]: controller=executing_stage task=1 attempt=1 stage=navigate_to_pick score=0: task 1 attempt 1 stage=navigate_to_pick
[INFO] [1787832562.610287283] [six_angels_material_sorting_client]: CONTROL_LOOP_HEALTH samples=101/101 interval_p95=50.16ms interval_p99=50.19ms execution_p95=0.43ms interval_misses=0 execution_misses=1
[INFO] [1787832562.656167478] [six_angels_material_sorting_client]: scheduler candidate action=task1:navigate_to_pick:stand:left source=heuristic reason=rl_shadow_isolated:submitted costmap_v=1
[INFO] [1787832564.553234091] [six_angels_material_sorting_client]: progress task=1 stage=navigate_to_pick: task 1 navigating to pick stand (-0.26, 1.55); nav_status=navigating; NAV_TEL phase=task1_pick status=navigating segment=nav_table x=-0.700 y=0.550 yaw=1.056 dist=1.093 yaw_err=0.514 cmd=(0.000,-0.650) clear=0.300 footprint=transit_stowed path=1.450 planned_straight=1.092 detour=1.327
[INFO] [1787832566.476268750] [six_angels_material_sorting_client]: progress task=1 stage=navigate_to_pick: task 1 navigating to pick stand (-0.26, 1.55); nav_status=navigating; NAV_TEL phase=task1_pick status=navigating segment=nav_table x=-0.701 y=0.549 yaw=0.363 dist=1.094 yaw_err=1.208 cmd=(0.000,-0.589) clear=0.300 footprint=transit_stowed path=1.450 planned_straight=1.092 detour=1.327
[INFO] [1787832567.548055984] [six_angels_material_sorting_client]: CONTROL_LOOP_HEALTH samples=199/199 interval_p95=56.71ms interval_p99=126.02ms execution_p95=2.93ms interval_misses=2 execution_misses=2
[INFO] [1787832568.663105010] [six_angels_material_sorting_client]: progress task=1 stage=navigate_to_pick: task 1 navigating to pick stand (-0.26, 1.55); nav_status=navigating; NAV_TEL phase=task1_pick status=navigating segment=nav_table x=-0.526 y=0.573 yaw=0.078 dist=1.012 yaw_err=1.493 cmd=(0.200,0.168) clear=0.400 footprint=transit_stowed path=1.450 planned_straight=1.092 detour=1.327
[INFO] [1787832570.610631274] [six_angels_material_sorting_client]: progress task=1 stage=navigate_to_pick: task 1 navigating to pick stand (-0.26, 1.55); nav_status=navigating; NAV_TEL phase=task1_pick status=navigating segment=nav_table x=-0.372 y=0.606 yaw=0.482 dist=0.950 yaw_err=1.089 cmd=(0.171,0.640) clear=0.350 footprint=transit_stowed path=1.450 planned_straight=1.092 detour=1.327
[INFO] [1787832572.514188106] [six_angels_material_sorting_client]: CONTROL_LOOP_HEALTH samples=298/298 interval_p95=58.11ms interval_p99=126.02ms execution_p95=2.78ms interval_misses=4 execution_misses=4
[INFO] [1787832572.575660377] [six_angels_material_sorting_client]: progress task=1 stage=navigate_to_pick: task 1 navigating to pick stand (-0.26, 1.55); nav_status=navigating; NAV_TEL phase=task1_pick status=navigating segment=nav_table x=-0.251 y=0.734 yaw=1.122 dist=0.816 yaw_err=0.449 cmd=(0.200,0.533) clear=0.300 footprint=transit_stowed path=1.450 planned_straight=1.092 detour=1.327
[INFO] [1787832574.675469483] [six_angels_material_sorting_client]: progress task=1 stage=navigate_to_pick: task 1 navigating to pick stand (-0.26, 1.55); nav_status=navigating; NAV_TEL phase=task1_pick status=navigating segment=nav_table x=-0.210 y=0.914 yaw=1.528 dist=0.638 yaw_err=0.043 cmd=(0.200,0.137) clear=0.350 footprint=transit_stowed path=1.450 planned_straight=1.092 detour=1.327
[INFO] [1787832576.703053798] [six_angels_material_sorting_client]: progress task=1 stage=navigate_to_pick: task 1 navigating to pick stand (-0.26, 1.55); nav_status=navigating; NAV_TEL phase=task1_pick status=navigating segment=nav_table x=-0.212 y=1.093 yaw=1.606 dist=0.460 yaw_err=-0.036 cmd=(0.200,0.022) clear=0.350 footprint=transit_stowed path=1.450 planned_straight=1.092 detour=1.327
[INFO] [1787832577.526832419] [six_angels_material_sorting_client]: CONTROL_LOOP_HEALTH samples=399/399 interval_p95=58.17ms interval_p99=80.48ms execution_p95=2.77ms interval_misses=4 execution_misses=4
[INFO] [1787832578.725446799] [six_angels_material_sorting_client]: progress task=1 stage=navigate_to_pick: task 1 navigating to pick stand (-0.26, 1.55); nav_status=navigating; NAV_TEL phase=task1_pick status=navigating segment=nav_table x=-0.220 y=1.272 yaw=1.619 dist=0.281 yaw_err=-0.048 cmd=(0.200,0.004) clear=0.350 footprint=transit_stowed path=1.450 planned_straight=1.092 detour=1.327
[INFO] [1787832580.775453638] [six_angels_material_sorting_client]: progress task=1 stage=navigate_to_pick: task 1 navigating to pick stand (-0.26, 1.55); nav_status=final_positioning; NAV_TEL phase=task1_pick status=final_positioning segment=nav_table x=-0.227 y=1.411 yaw=1.662 dist=0.143 yaw_err=-0.091 cmd=(0.099,0.286) clear=0.300 footprint=transit_stowed path=1.450 planned_straight=1.092 detour=1.327
[INFO] [1787832582.575898462] [six_angels_material_sorting_client]: CONTROL_LOOP_HEALTH samples=400/500 interval_p95=58.11ms interval_p99=69.85ms execution_p95=2.76ms interval_misses=4 execution_misses=4
[INFO] [1787832582.825317758] [six_angels_material_sorting_client]: progress task=1 stage=navigate_to_pick: task 1 navigating to pick stand (-0.26, 1.55); nav_status=final_aligning; NAV_TEL phase=task1_pick status=final_aligning segment=nav_table x=-0.239 y=1.479 yaw=1.797 dist=0.074 yaw_err=-0.226 cmd=(0.000,-0.452) clear=0.200 footprint=transit_stowed path=1.450 planned_straight=1.092 detour=1.327
[INFO] [1787832584.376200726] [six_angels_material_sorting_client]: controller=executing_stage task=1 attempt=1 stage=acquire_target score=0: task 1 entering acquire_target: task 1 reached the detected table-side pick stand; stopping before arm motion; NAV_GOAL_REACHED segment=nav_table
[INFO] [1787832584.425178524] [six_angels_material_sorting_client]: controller=executing_stage task=1 attempt=1 stage=acquire_target score=0: task 1 attempt 1 stage=acquire_target
[INFO] [1787832584.475014333] [six_angels_material_sorting_client]: controller=executing_stage task=1 attempt=1 stage=align_for_pick score=0: task 1 entering align_for_pick: task 1 target locked for open pregrasp at (-0.185, 2.2, 0.834); orientation=yaw0; source=rgbd_cuboid
[INFO] [1787832584.525265203] [six_angels_material_sorting_client]: controller=executing_stage task=1 attempt=1 stage=align_for_pick score=0: task 1 attempt 1 stage=align_for_pick
[INFO] [1787832586.575599214] [six_angels_material_sorting_client]: progress task=1 stage=align_for_pick: task 1 moving both open arms to pregrasp; target_base=(0.715, -0.082, 0.834); arm_tol=0.030, slide_err=0.012, left_err=0.007, right_err=0.003, cmd_err=0.000, max_vel=0.395
[INFO] [1787832587.426638044] [six_angels_material_sorting_client]: controller=executing_stage task=1 attempt=1 stage=grasp score=0: task 1 entering grasp: task 1 both open arms reached the non-contact pregrasp pose
[INFO] [1787832587.475188651] [six_angels_material_sorting_client]: controller=executing_stage task=1 attempt=1 stage=grasp score=0: task 1 attempt 1 stage=grasp
[INFO] [1787832587.625400570] [six_angels_material_sorting_client]: CONTROL_LOOP_HEALTH samples=400/601 interval_p95=55.85ms interval_p99=60.34ms execution_p95=2.48ms interval_misses=4 execution_misses=4
[INFO] [1787832589.476085985] [six_angels_material_sorting_client]: progress task=1 stage=grasp: task 1 settling at the compliant contact start pose; compliance=active; left[contact=False, aligned=False, angle=0.8deg, effort_delta=1.78, effort_threshold=0.35, firm=True, firm_latched=False, velocity=0.000]; right[contact=False, aligned=False, angle=0.5deg, effort_delta=1.80, effort_threshold=0.35, firm=True, firm_latched=False, velocity=0.000]; target_base=(0.715, -0.079, 0.834); arm_tol=0.240, slide_err=0.007, left_err=0.016, right_err=0.016, cmd_err=0.000, max_vel=0.002; compliance=active; left[contact=False, aligned=False, angle=0.8deg, effort_delta=1.78, effort_threshold=0.35, firm=True, firm_latched=False, velocity=0.000]; right[contact=False, aligned=False, angle=0.5deg, effort_delta=1.80, effort_threshold=0.35, firm=True, firm_latched=False, velocity=0.000]
[INFO] [1787832591.527657319] [six_angels_material_sorting_client]: progress task=1 stage=grasp: task 1 continuously advancing the compliant contact search; speed=0.5 mm/s, offset=1.1/16.0 mm, surface_clearance=8.9 mm; compliance=active; left[contact=True, aligned=True, angle=3.0deg, effort_delta=0.16, effort_threshold=0.35, firm=False, firm_latched=False, velocity=0.000]; right[contact=True, aligned=False, angle=1.4deg, effort_delta=0.02, effort_threshold=0.35, firm=False, firm_latched=False, velocity=0.000]
[INFO] [1787832592.627828625] [six_angels_material_sorting_client]: CONTROL_LOOP_HEALTH samples=400/701 interval_p95=52.26ms interval_p99=59.00ms execution_p95=3.97ms interval_misses=4 execution_misses=4
[INFO] [1787832593.527927084] [six_angels_material_sorting_client]: progress task=1 stage=grasp: task 1 continuously advancing the compliant contact search; speed=0.5 mm/s, offset=2.1/16.0 mm, surface_clearance=7.9 mm; compliance=active; left[contact=True, aligned=True, angle=3.0deg, effort_delta=0.16, effort_threshold=0.35, firm=False, firm_latched=False, velocity=0.000]; right[contact=True, aligned=False, angle=1.4deg, effort_delta=0.01, effort_threshold=0.35, firm=False, firm_latched=False, velocity=0.000]
[INFO] [1787832595.577654877] [six_angels_material_sorting_client]: progress task=1 stage=grasp: task 1 continuously advancing the compliant contact search; speed=0.5 mm/s, offset=3.2/16.0 mm, surface_clearance=6.8 mm; compliance=active; left[contact=True, aligned=True, angle=3.0deg, effort_delta=0.16, effort_threshold=0.35, firm=False, firm_latched=False, velocity=0.000]; right[contact=True, aligned=False, angle=1.4deg, effort_delta=0.01, effort_threshold=0.35, firm=False, firm_latched=False, velocity=0.000]
[INFO] [1787832597.627815652] [six_angels_material_sorting_client]: progress task=1 stage=grasp: task 1 continuously advancing the compliant contact search; speed=0.5 mm/s, offset=4.2/16.0 mm, surface_clearance=5.8 mm; compliance=active; left[contact=True, aligned=True, angle=3.0deg, effort_delta=0.17, effort_threshold=0.35, firm=False, firm_latched=False, velocity=0.000]; right[contact=True, aligned=False, angle=1.3deg, effort_delta=0.02, effort_threshold=0.35, firm=False, firm_latched=False, velocity=0.000]
[INFO] [1787832597.628957953] [six_angels_material_sorting_client]: CONTROL_LOOP_HEALTH samples=400/801 interval_p95=50.17ms interval_p99=50.93ms execution_p95=4.18ms interval_misses=4 execution_misses=4
[INFO] [1787832599.677614418] [six_angels_material_sorting_client]: progress task=1 stage=grasp: task 1 continuously advancing the compliant contact search; speed=0.5 mm/s, offset=5.2/16.0 mm, surface_clearance=4.8 mm; compliance=active; left[contact=True, aligned=True, angle=3.0deg, effort_delta=0.17, effort_threshold=0.35, firm=False, firm_latched=False, velocity=0.001]; right[contact=True, aligned=False, angle=1.3deg, effort_delta=0.01, effort_threshold=0.35, firm=False, firm_latched=False, velocity=0.000]
[INFO] [1787832601.728417914] [six_angels_material_sorting_client]: progress task=1 stage=grasp: task 1 continuously advancing the compliant contact search; speed=0.5 mm/s, offset=6.2/16.0 mm, surface_clearance=3.8 mm; compliance=active; left[contact=True, aligned=True, angle=3.0deg, effort_delta=0.16, effort_threshold=0.35, firm=False, firm_latched=False, velocity=0.000]; right[contact=True, aligned=False, angle=1.3deg, effort_delta=0.01, effort_threshold=0.35, firm=False, firm_latched=False, velocity=0.000]
[INFO] [1787832602.680104525] [six_angels_material_sorting_client]: CONTROL_LOOP_HEALTH samples=400/902 interval_p95=50.18ms interval_p99=50.42ms execution_p95=4.32ms interval_misses=4 execution_misses=4
[INFO] [1787832603.728729742] [six_angels_material_sorting_client]: progress task=1 stage=grasp: task 1 continuously advancing the compliant contact search; speed=0.5 mm/s, offset=7.2/16.0 mm, surface_clearance=2.8 mm; compliance=active; left[contact=True, aligned=True, angle=3.0deg, effort_delta=0.16, effort_threshold=0.35, firm=False, firm_latched=False, velocity=0.000]; right[contact=True, aligned=False, angle=1.3deg, effort_delta=0.01, effort_threshold=0.35, firm=False, firm_latched=False, velocity=0.001]
[INFO] [1787832605.728954631] [six_angels_material_sorting_client]: progress task=1 stage=grasp: task 1 continuously advancing the compliant contact search; speed=0.5 mm/s, offset=8.2/16.0 mm, surface_clearance=1.8 mm; compliance=active; left[contact=True, aligned=True, angle=3.0deg, effort_delta=0.17, effort_threshold=0.35, firm=False, firm_latched=False, velocity=0.000]; right[contact=True, aligned=False, angle=1.2deg, effort_delta=0.01, effort_threshold=0.35, firm=False, firm_latched=False, velocity=0.000]
[INFO] [1787832607.728310759] [six_angels_material_sorting_client]: CONTROL_LOOP_HEALTH samples=400/1003 interval_p95=50.15ms interval_p99=50.42ms execution_p95=4.41ms interval_misses=4 execution_misses=4
[INFO] [1787832607.778278288] [six_angels_material_sorting_client]: progress task=1 stage=grasp: task 1 continuously advancing the compliant contact search; speed=0.5 mm/s, offset=9.3/16.0 mm, surface_clearance=0.7 mm; compliance=active; left[contact=True, aligned=True, angle=3.0deg, effort_delta=0.17, effort_threshold=0.35, firm=False, firm_latched=False, velocity=0.000]; right[contact=True, aligned=False, angle=1.2deg, effort_delta=0.01, effort_threshold=0.35, firm=False, firm_latched=False, velocity=0.001]
[INFO] [1787832609.827718576] [six_angels_material_sorting_client]: progress task=1 stage=grasp: task 1 continuously advancing the compliant contact search; speed=0.5 mm/s, offset=10.3/16.0 mm, surface_clearance=0.0 mm; compliance=active; left[contact=True, aligned=True, angle=3.0deg, effort_delta=0.19, effort_threshold=0.35, firm=False, firm_latched=False, velocity=0.000]; right[contact=True, aligned=False, angle=1.2deg, effort_delta=0.01, effort_threshold=0.35, firm=False, firm_latched=False, velocity=0.001]
[INFO] [1787832611.828057467] [six_angels_material_sorting_client]: progress task=1 stage=grasp: task 1 continuously advancing the compliant contact search; speed=0.5 mm/s, offset=11.3/16.0 mm, surface_clearance=0.0 mm; compliance=active; left[contact=True, aligned=True, angle=3.0deg, effort_delta=0.20, effort_threshold=0.35, firm=False, firm_latched=False, velocity=0.000]; right[contact=True, aligned=False, angle=1.1deg, effort_delta=0.01, effort_threshold=0.35, firm=False, firm_latched=False, velocity=0.000]
[INFO] [1787832612.728718769] [six_angels_material_sorting_client]: CONTROL_LOOP_HEALTH samples=400/1103 interval_p95=50.15ms interval_p99=50.43ms execution_p95=4.44ms interval_misses=4 execution_misses=4
[INFO] [1787832613.877608967] [six_angels_material_sorting_client]: progress task=1 stage=grasp: task 1 continuously advancing the compliant contact search; speed=0.5 mm/s, offset=12.3/16.0 mm, surface_clearance=0.0 mm; compliance=active; left[contact=True, aligned=True, angle=3.0deg, effort_delta=0.21, effort_threshold=0.35, firm=False, firm_latched=False, velocity=0.000]; right[contact=True, aligned=False, angle=1.1deg, effort_delta=0.01, effort_threshold=0.35, firm=False, firm_latched=False, velocity=0.000]
[INFO] [1787832615.878186478] [six_angels_material_sorting_client]: progress task=1 stage=grasp: task 1 continuously advancing the compliant contact search; speed=0.5 mm/s, offset=13.3/16.0 mm, surface_clearance=0.0 mm; compliance=active; left[contact=True, aligned=True, angle=3.0deg, effort_delta=0.22, effort_threshold=0.35, firm=False, firm_latched=False, velocity=0.000]; right[contact=True, aligned=False, angle=1.1deg, effort_delta=0.01, effort_threshold=0.35, firm=False, firm_latched=False, velocity=0.000]
[INFO] [1787832617.778609142] [six_angels_material_sorting_client]: CONTROL_LOOP_HEALTH samples=400/1204 interval_p95=50.15ms interval_p99=50.43ms execution_p95=4.65ms interval_misses=4 execution_misses=4
[INFO] [1787832617.927892560] [six_angels_material_sorting_client]: progress task=1 stage=grasp: task 1 continuously advancing the compliant contact search; speed=0.5 mm/s, offset=14.3/16.0 mm, surface_clearance=0.0 mm; compliance=active; left[contact=True, aligned=True, angle=3.0deg, effort_delta=0.22, effort_threshold=0.35, firm=False, firm_latched=False, velocity=0.000]; right[contact=True, aligned=False, angle=1.0deg, effort_delta=0.01, effort_threshold=0.35, firm=False, firm_latched=False, velocity=0.001]
[INFO] [1787832619.929083233] [six_angels_material_sorting_client]: progress task=1 stage=grasp: task 1 continuously advancing the compliant contact search; speed=0.5 mm/s, offset=15.3/16.0 mm, surface_clearance=0.0 mm; compliance=active; left[contact=True, aligned=True, angle=3.0deg, effort_delta=0.23, effort_threshold=0.35, firm=False, firm_latched=False, velocity=0.000]; right[contact=True, aligned=False, angle=1.0deg, effort_delta=0.01, effort_threshold=0.35, firm=False, firm_latched=False, velocity=0.000]
[INFO] [1787832621.975492023] [six_angels_material_sorting_client]: progress task=1 stage=grasp: task 1 moving inward with compliant wrist monitoring; offset=16.0 mm; compliance=active; left[contact=True, aligned=True, angle=3.0deg, effort_delta=0.24, effort_threshold=0.35, firm=False, firm_latched=False, velocity=0.000]; right[contact=True, aligned=False, angle=1.0deg, effort_delta=0.02, effort_threshold=0.35, firm=False, firm_latched=False, velocity=0.000]; target_base=(0.715, -0.079, 0.834); arm_tol=0.240, slide_err=0.006, left_err=0.026, right_err=0.089, cmd_err=0.000, max_vel=0.003; compliance=active; left[contact=True, aligned=True, angle=3.0deg, effort_delta=0.24, effort_threshold=0.35, firm=False, firm_latched=False, velocity=0.000]; right[contact=True, aligned=False, angle=1.0deg, effort_delta=0.02, effort_threshold=0.35, firm=False, firm_latched=False, velocity=0.000]
[INFO] [1787832622.826921387] [six_angels_material_sorting_client]: CONTROL_LOOP_HEALTH samples=400/1305 interval_p95=50.14ms interval_p99=50.49ms execution_p95=4.65ms interval_misses=4 execution_misses=4
[INFO] [1787832624.025492276] [six_angels_material_sorting_client]: progress task=1 stage=grasp: task 1 holding maximum soft contact while waiting for bilateral wrist alignment (2.0/2.0s); compliance=active; left[contact=True, aligned=True, angle=3.0deg, effort_delta=0.24, effort_threshold=0.35, firm=False, firm_latched=False, velocity=0.000]; right[contact=True, aligned=False, angle=1.0deg, effort_delta=0.02, effort_threshold=0.35, firm=False, firm_latched=False, velocity=0.000]
[INFO] [1787832626.028192933] [six_angels_material_sorting_client]: progress task=1 stage=grasp: task 1 continuously advancing the compliant contact search; speed=0.5 mm/s, offset=16.0/16.0 mm, surface_clearance=0.0 mm; compliance=active; left[contact=True, aligned=True, angle=3.3deg, effort_delta=1.97, effort_threshold=0.35, firm=True, firm_latched=False, velocity=0.001]; right[contact=False, aligned=False, angle=0.6deg, effort_delta=2.88, effort_threshold=0.35, firm=True, firm_latched=False, velocity=0.001]
[INFO] [1787832627.876258708] [six_angels_material_sorting_client]: CONTROL_LOOP_HEALTH samples=400/1406 interval_p95=50.16ms interval_p99=50.49ms execution_p95=4.60ms interval_misses=4 execution_misses=4
[INFO] [1787832628.078566079] [six_angels_material_sorting_client]: progress task=1 stage=grasp: task 1 continuously applying locked-wrist preload; offset=16.2/18.0 mm; compliance=active; left[contact=True, aligned=True, angle=3.0deg, effort_delta=0.60, effort_threshold=0.35, firm=False, firm_latched=False, velocity=0.001]; right[contact=True, aligned=True, angle=0.8deg, effort_delta=0.24, effort_threshold=0.35, firm=False, firm_latched=True, velocity=0.000]
[INFO] [1787832630.076018662] [six_angels_material_sorting_client]: progress task=1 stage=grasp: task 1 holding aligned wrists while the bounded preload settles; compliance=active; left[contact=True, aligned=True, angle=3.0deg, effort_delta=0.48, effort_threshold=0.35, firm=False, firm_latched=False, velocity=0.000]; right[contact=True, aligned=True, angle=0.8deg, effort_delta=0.13, effort_threshold=0.35, firm=False, firm_latched=True, velocity=0.000]; target_base=(0.715, -0.079, 0.834); arm_tol=0.240, slide_err=0.006, left_err=0.030, right_err=0.104, cmd_err=0.000, max_vel=0.017; compliance=active; left[contact=True, aligned=True, angle=3.0deg, effort_delta=0.48, effort_threshold=0.35, firm=False, firm_latched=False, velocity=0.000]; right[contact=True, aligned=True, angle=0.8deg, effort_delta=0.13, effort_threshold=0.35, firm=False, firm_latched=True, velocity=0.000]
[INFO] [1787832630.826187267] [six_angels_material_sorting_client]: controller=executing_stage task=1 attempt=1 stage=lift score=0: task 1 entering lift: task 1 bilateral compliant grasp settled with locked wrists and 18.0 mm bounded preload; compliance=active; left[contact=True, aligned=True, angle=3.0deg, effort_delta=0.47, effort_threshold=0.35, firm=False, firm_latched=False, velocity=0.000]; right[contact=True, aligned=True, angle=0.8deg, effort_delta=0.12, effort_threshold=0.35, firm=False, firm_latched=True, velocity=0.000]
[INFO] [1787832630.875213076] [six_angels_material_sorting_client]: controller=executing_stage task=1 attempt=1 stage=lift score=0: task 1 attempt 1 stage=lift
[INFO] [1787832632.875507863] [six_angels_material_sorting_client]: progress task=1 stage=lift: task 1 raising the spine while preserving arm preload; lift=0.150m, slide_target=0.318, slide_err=0.059, left_err=0.030, right_err=0.107, cmd_err=0.030, max_vel=0.126
[INFO] [1787832632.876791354] [six_angels_material_sorting_client]: CONTROL_LOOP_HEALTH samples=400/1506 interval_p95=50.16ms interval_p99=50.48ms execution_p95=4.37ms interval_misses=4 execution_misses=4
[INFO] [1787832634.925388100] [six_angels_material_sorting_client]: progress task=1 stage=lift: task 1 raising the spine while preserving arm preload; lift=0.150m, slide_target=0.318, slide_err=0.011, left_err=0.030, right_err=0.106, cmd_err=0.000, max_vel=0.010
[INFO] [1787832635.525709236] [six_angels_material_sorting_client]: controller=executing_stage task=1 attempt=1 stage=transport score=0: task 1 entering transport: task 1 lifted the held box 0.150 m; holding before transport
[INFO] [1787832635.613524633] [six_angels_material_sorting_client]: controller=executing_stage task=1 attempt=1 stage=transport score=0: task 1 attempt 1 stage=transport
[INFO] [1787832636.026728604] [material_box_detect]: started task-stage shelf empty confirmation
[INFO] [1787832637.377051696] [six_angels_material_sorting_client]: scheduler candidate action=task1:transport:stand:center source=heuristic reason=rl_shadow_isolated:submitted costmap_v=61
[INFO] [1787832637.665929734] [six_angels_material_sorting_client]: progress task=1 stage=transport: task 1 holding lifted box and retreating straight; remaining=0.618 m
[INFO] [1787832637.925200151] [six_angels_material_sorting_client]: CONTROL_LOOP_HEALTH samples=400/1607 interval_p95=50.17ms interval_p99=51.07ms execution_p95=4.21ms interval_misses=4 execution_misses=4
[INFO] [1787832638.526041049] [six_angels_material_sorting_client]: scheduler candidate action=task1:transport:stand:left source=heuristic reason=rl_shadow_isolated:submitted costmap_v=65
[INFO] [1787832639.684128380] [six_angels_material_sorting_client]: progress task=1 stage=transport: task 1 holding lifted box and retreating straight; remaining=0.511 m
[INFO] [1787832641.787195192] [six_angels_material_sorting_client]: progress task=1 stage=transport: task 1 holding lifted box and retreating straight; remaining=0.400 m
[INFO] [1787832642.925547775] [six_angels_material_sorting_client]: CONTROL_LOOP_HEALTH samples=400/1707 interval_p95=54.95ms interval_p99=59.92ms execution_p95=4.08ms interval_misses=4 execution_misses=5
[INFO] [1787832643.734156460] [six_angels_material_sorting_client]: progress task=1 stage=transport: task 1 holding lifted box and retreating straight; remaining=0.293 m
[INFO] [1787832645.775061121] [six_angels_material_sorting_client]: progress task=1 stage=transport: task 1 holding lifted box and retreating straight; remaining=0.177 m
[INFO] [1787832647.775044622] [six_angels_material_sorting_client]: progress task=1 stage=transport: task 1 holding lifted box and retreating straight; remaining=0.088 m
[INFO] [1787832647.930824427] [six_angels_material_sorting_client]: CONTROL_LOOP_HEALTH samples=400/1807 interval_p95=56.15ms interval_p99=60.67ms execution_p95=3.92ms interval_misses=4 execution_misses=5
[INFO] [1787832649.782974922] [six_angels_material_sorting_client]: progress task=1 stage=transport: task 1 holding lifted box and retreating straight; remaining=0.043 m
[INFO] [1787832651.847112248] [six_angels_material_sorting_client]: progress task=1 stage=transport: task 1 moving directly to the safe shelf pre-place stand; goal=(-1.00, 0.62, 3.14); nav_status=navigating; NAV_TEL phase=transfer status=navigating segment=nav_shelf x=-0.216 y=0.793 yaw=1.674 dist=0.803 yaw_err=1.468 cmd=(0.000,0.550) clear=0.300 footprint=transit_carry path=0.900 planned_straight=0.804 detour=1.119; shelf_frames=7; shelf_state=collecting
[INFO] [1787832652.948455265] [six_angels_material_sorting_client]: CONTROL_LOOP_HEALTH samples=400/1907 interval_p95=57.68ms interval_p99=60.73ms execution_p95=15.43ms interval_misses=4 execution_misses=5
[INFO] [1787832653.872197926] [six_angels_material_sorting_client]: progress task=1 stage=transport: task 1 moving directly to the safe shelf pre-place stand; goal=(-1.00, 0.62, 3.14); nav_status=navigating; NAV_TEL phase=transfer status=navigating segment=nav_shelf x=-0.216 y=0.792 yaw=2.167 dist=0.803 yaw_err=0.975 cmd=(0.000,0.550) clear=0.250 footprint=transit_carry path=0.900 planned_straight=0.804 detour=1.119; shelf_frames=7; shelf_state=collecting
[INFO] [1787832655.888543306] [six_angels_material_sorting_client]: progress task=1 stage=transport: task 1 moving directly to the safe shelf pre-place stand; goal=(-1.00, 0.62, 3.14); nav_status=navigating; NAV_TEL phase=transfer status=navigating segment=nav_shelf x=-0.215 y=0.792 yaw=2.753 dist=0.804 yaw_err=0.389 cmd=(0.000,0.550) clear=0.300 footprint=transit_carry path=0.900 planned_straight=0.804 detour=1.119; shelf_frames=7; shelf_state=collecting
[INFO] [1787832657.944747866] [six_angels_material_sorting_client]: progress task=1 stage=transport: task 1 moving directly to the safe shelf pre-place stand; goal=(-1.00, 0.62, 3.14); nav_status=navigating; NAV_TEL phase=transfer status=navigating segment=nav_shelf x=-0.215 y=0.791 yaw=-2.950 dist=0.804 yaw_err=-0.192 cmd=(0.000,0.550) clear=0.300 footprint=transit_carry path=0.900 planned_straight=0.804 detour=1.119; shelf_frames=7; shelf_state=collecting
[INFO] [1787832657.945834997] [six_angels_material_sorting_client]: CONTROL_LOOP_HEALTH samples=400/2006 interval_p95=59.13ms interval_p99=61.00ms execution_p95=30.96ms interval_misses=4 execution_misses=6
[INFO] [1787832659.970217997] [six_angels_material_sorting_client]: progress task=1 stage=transport: task 1 moving directly to the safe shelf pre-place stand; goal=(-1.00, 0.62, 3.14); nav_status=navigating; NAV_TEL phase=transfer status=navigating segment=nav_shelf x=-0.293 y=0.743 yaw=-2.560 dist=0.718 yaw_err=-0.581 cmd=(0.200,-0.110) clear=0.250 footprint=transit_carry path=0.850 planned_straight=0.751 detour=1.131; shelf_frames=7; shelf_state=collecting
[INFO] [1787832660.488290513] [six_angels_material_sorting_client]: scheduler candidate action=task1:transport:stand:right source=heuristic reason=rl_shadow_isolated:submitted costmap_v=139
[INFO] [1787832661.983814386] [six_angels_material_sorting_client]: progress task=1 stage=transport: task 1 moving directly to the safe shelf pre-place stand; goal=(-1.00, 0.62, 3.14); nav_status=navigating; NAV_TEL phase=transfer status=navigating segment=nav_shelf x=-0.489 y=0.644 yaw=-2.888 dist=0.512 yaw_err=-0.254 cmd=(0.220,-0.347) clear=0.300 footprint=transit_carry path=0.850 planned_straight=0.751 detour=1.131; shelf_frames=7; shelf_state=collecting
[INFO] [1787832662.933344163] [six_angels_material_sorting_client]: scheduler candidate action=task1:transport:stand:center source=heuristic reason=rl_shadow_isolated:accepted costmap_v=143
[INFO] [1787832662.984414374] [six_angels_material_sorting_client]: CONTROL_LOOP_HEALTH samples=400/2108 interval_p95=59.13ms interval_p99=61.27ms execution_p95=31.03ms interval_misses=4 execution_misses=7
[INFO] [1787832663.583519312] [six_angels_material_sorting_client]: scheduler candidate action=task1:transport:stand:left source=heuristic reason=rl_shadow_isolated:submitted costmap_v=145
[INFO] [1787832664.023889962] [six_angels_material_sorting_client]: progress task=1 stage=transport: task 1 moving directly to the safe shelf pre-place stand; goal=(-1.00, 0.62, 3.14); nav_status=navigating; NAV_TEL phase=transfer status=navigating segment=nav_shelf x=-0.708 y=0.620 yaw=-3.117 dist=0.292 yaw_err=-0.025 cmd=(0.220,-0.055) clear=0.400 footprint=transit_carry path=0.850 planned_straight=0.751 detour=1.131; shelf_frames=7; shelf_state=ready
[INFO] [1787832666.030867875] [six_angels_material_sorting_client]: progress task=1 stage=transport: task 1 moving directly to the safe shelf pre-place stand; goal=(-1.00, 0.62, 3.14); nav_status=final_positioning; NAV_TEL phase=transfer status=final_positioning segment=nav_shelf x=-0.869 y=0.619 yaw=3.138 dist=0.131 yaw_err=0.003 cmd=(0.100,0.010) clear=0.400 footprint=transit_carry path=0.850 planned_straight=0.751 detour=1.131; shelf_frames=7; shelf_state=ready
[INFO] [1787832668.029982081] [six_angels_material_sorting_client]: CONTROL_LOOP_HEALTH samples=400/2209 interval_p95=59.13ms interval_p99=60.68ms execution_p95=31.04ms interval_misses=4 execution_misses=7
[INFO] [1787832668.079784961] [six_angels_material_sorting_client]: progress task=1 stage=transport: task 1 moving directly to the safe shelf pre-place stand; goal=(-1.00, 0.62, 3.14); nav_status=final_positioning; NAV_TEL phase=transfer status=final_positioning segment=nav_shelf x=-0.949 y=0.619 yaw=-3.138 dist=0.051 yaw_err=-0.003 cmd=(0.041,0.001) clear=0.400 footprint=transit_carry path=0.850 planned_straight=0.751 detour=1.131; shelf_frames=7; shelf_state=ready
[INFO] [1787832668.178822190] [six_angels_material_sorting_client]: controller=executing_stage task=1 attempt=1 stage=align_for_place score=30: task 1 entering align_for_place: task 1 reached the target-aligned safe shelf pre-place stand by direct A* with the carried center still 0.75 m in front of the shelf
[INFO] [1787832668.245062586] [six_angels_material_sorting_client]: controller=executing_stage task=1 attempt=1 stage=align_for_place score=30: task 1 attempt 1 stage=align_for_place
[INFO] [1787832670.275103064] [six_angels_material_sorting_client]: progress task=1 stage=align_for_place: task 1 moving held box to shelf clearance height; slide_target=0.081, slide_err=0.143, left_err=0.037, right_err=0.099, cmd_err=0.114, slide_vel=0.102, max_vel=0.102
[INFO] [1787832672.275104262] [six_angels_material_sorting_client]: progress task=1 stage=align_for_place: task 1 moving held box to shelf clearance height; slide_target=0.081, slide_err=0.023, left_err=0.038, right_err=0.099, cmd_err=0.000, slide_vel=0.066, max_vel=0.066
[INFO] [1787832673.075931863] [six_angels_material_sorting_client]: CONTROL_LOOP_HEALTH samples=400/2310 interval_p95=58.08ms interval_p99=60.39ms execution_p95=31.02ms interval_misses=4 execution_misses=7
[INFO] [1787832674.275610052] [six_angels_material_sorting_client]: progress task=1 stage=align_for_place: task 1 aligning laterally outside the shelf; lateral alignment rotating toward shelf-front direction; yaw_err=-1.524
[INFO] [1787832676.325073381] [six_angels_material_sorting_client]: progress task=1 stage=align_for_place: task 1 aligning laterally outside the shelf; lateral alignment rotating toward shelf-front direction; yaw_err=-1.142
[INFO] [1787832678.125936012] [six_angels_material_sorting_client]: CONTROL_LOOP_HEALTH samples=400/2411 interval_p95=55.93ms interval_p99=60.16ms execution_p95=17.95ms interval_misses=4 execution_misses=7
[INFO] [1787832678.325573261] [six_angels_material_sorting_client]: progress task=1 stage=align_for_place: task 1 aligning laterally outside the shelf; lateral alignment rotating toward shelf-front direction; yaw_err=-0.777
[INFO] [1787832680.325263532] [six_angels_material_sorting_client]: progress task=1 stage=align_for_place: task 1 aligning laterally outside the shelf; lateral alignment rotating toward shelf-front direction; yaw_err=-0.424
[INFO] [1787832682.375630253] [six_angels_material_sorting_client]: progress task=1 stage=align_for_place: task 1 aligning laterally outside the shelf; lateral alignment rotating toward shelf-front direction; yaw_err=-0.092
[INFO] [1787832683.175846664] [six_angels_material_sorting_client]: CONTROL_LOOP_HEALTH samples=400/2512 interval_p95=50.21ms interval_p99=58.69ms execution_p95=8.93ms interval_misses=4 execution_misses=7
[INFO] [1787832684.425435685] [six_angels_material_sorting_client]: progress task=1 stage=align_for_place: task 1 aligning laterally outside the shelf; lateral alignment driving along shelf front; y_err=0.054, x_err=-0.044
[INFO] [1787832686.475145107] [six_angels_material_sorting_client]: progress task=1 stage=align_for_place: task 1 aligning laterally outside the shelf; lateral alignment driving along shelf front; y_err=0.019, x_err=-0.043
[INFO] [1787832688.226150411] [six_angels_material_sorting_client]: CONTROL_LOOP_HEALTH samples=400/2613 interval_p95=50.16ms interval_p99=50.31ms execution_p95=1.69ms interval_misses=4 execution_misses=7
[INFO] [1787832688.524954510] [six_angels_material_sorting_client]: progress task=1 stage=align_for_place: task 1 aligning laterally outside the shelf; lateral alignment restoring shelf-facing yaw; yaw_err=1.259
[INFO] [1787832690.524949104] [six_angels_material_sorting_client]: progress task=1 stage=align_for_place: task 1 aligning laterally outside the shelf; lateral alignment restoring shelf-facing yaw; yaw_err=0.895
[INFO] [1787832692.525197800] [six_angels_material_sorting_client]: progress task=1 stage=align_for_place: task 1 aligning laterally outside the shelf; lateral alignment restoring shelf-facing yaw; yaw_err=0.541
[INFO] [1787832693.275710024] [six_angels_material_sorting_client]: CONTROL_LOOP_HEALTH samples=400/2714 interval_p95=50.15ms interval_p99=50.79ms execution_p95=1.59ms interval_misses=4 execution_misses=7
[INFO] [1787832694.525570353] [six_angels_material_sorting_client]: progress task=1 stage=align_for_place: task 1 aligning laterally outside the shelf; lateral alignment restoring shelf-facing yaw; yaw_err=0.178
[INFO] [1787832696.525088614] [six_angels_material_sorting_client]: progress task=1 stage=align_for_place: task 1 entering the recognized empty shelf layer; advancing straight; remaining=0.931 m
[INFO] [1787832698.325636243] [six_angels_material_sorting_client]: CONTROL_LOOP_HEALTH samples=400/2815 interval_p95=50.13ms interval_p99=50.47ms execution_p95=1.58ms interval_misses=4 execution_misses=7
[INFO] [1787832698.525582895] [six_angels_material_sorting_client]: progress task=1 stage=align_for_place: task 1 entering the recognized empty shelf layer; advancing straight; remaining=0.835 m
[INFO] [1787832700.575238656] [six_angels_material_sorting_client]: progress task=1 stage=align_for_place: task 1 entering the recognized empty shelf layer; advancing straight; remaining=0.742 m
[INFO] [1787832702.575454141] [six_angels_material_sorting_client]: progress task=1 stage=align_for_place: task 1 entering the recognized empty shelf layer; advancing straight; remaining=0.642 m
[INFO] [1787832703.375500608] [six_angels_material_sorting_client]: CONTROL_LOOP_HEALTH samples=400/2916 interval_p95=50.13ms interval_p99=50.75ms execution_p95=1.59ms interval_misses=4 execution_misses=7
[INFO] [1787832704.624879547] [six_angels_material_sorting_client]: progress task=1 stage=align_for_place: task 1 entering the recognized empty shelf layer; advancing straight; remaining=0.546 m
[INFO] [1787832706.625613869] [six_angels_material_sorting_client]: progress task=1 stage=align_for_place: task 1 entering the recognized empty shelf layer; advancing straight; remaining=0.457 m
[INFO] [1787832708.425643277] [six_angels_material_sorting_client]: CONTROL_LOOP_HEALTH samples=400/3017 interval_p95=50.16ms interval_p99=50.58ms execution_p95=1.56ms interval_misses=4 execution_misses=7
[INFO] [1787832708.675161866] [six_angels_material_sorting_client]: progress task=1 stage=align_for_place: task 1 entering the recognized empty shelf layer; advancing straight; remaining=0.354 m
[INFO] [1787832710.725275616] [six_angels_material_sorting_client]: progress task=1 stage=align_for_place: task 1 entering the recognized empty shelf layer; advancing straight; remaining=0.256 m
[INFO] [1787832712.775332459] [six_angels_material_sorting_client]: progress task=1 stage=align_for_place: task 1 entering the recognized empty shelf layer; advancing straight; remaining=0.164 m
[INFO] [1787832713.425852787] [six_angels_material_sorting_client]: CONTROL_LOOP_HEALTH samples=400/3117 interval_p95=50.15ms interval_p99=50.58ms execution_p95=1.58ms interval_misses=4 execution_misses=7
[INFO] [1787832714.824889235] [six_angels_material_sorting_client]: progress task=1 stage=align_for_place: task 1 entering the recognized empty shelf layer; advancing straight; remaining=0.088 m
[INFO] [1787832716.825061260] [six_angels_material_sorting_client]: progress task=1 stage=align_for_place: task 1 entering the recognized empty shelf layer; advancing straight; remaining=0.046 m
[INFO] [1787832718.426170129] [six_angels_material_sorting_client]: CONTROL_LOOP_HEALTH samples=400/3217 interval_p95=50.15ms interval_p99=50.58ms execution_p95=1.58ms interval_misses=4 execution_misses=7
[INFO] [1787832718.775449156] [six_angels_material_sorting_client]: controller=executing_stage task=1 attempt=1 stage=place score=30: task 1 entering place: task 1 entered only the recognized empty shelf layer L3; confidence=0.59
[INFO] [1787832718.825197345] [six_angels_material_sorting_client]: controller=executing_stage task=1 attempt=1 stage=place score=30: task 1 attempt 1 stage=place
[INFO] [1787832719.232375489] [material_box_detect]: stopped task-stage shelf empty confirmation
[INFO] [1787832720.825207512] [six_angels_material_sorting_client]: progress task=1 stage=place: task 1 lowering box compliantly onto shelf board; slide_target=0.124, slide_err=0.002, left_err=0.045, right_err=0.092, cmd_err=0.000, slide_vel=0.017, max_vel=0.017; compliant_place_phase=fast_approach, remaining_mm=12.0, step_mm=2.0, completion=None; placement_effort=active, slide_ratio=0.00, left_wrist_ratio=0.00, right_wrist_ratio=0.00, left_arm_max=0.00, right_arm_max=0.00, candidate=False, confirmed=False
[INFO] [1787832722.875368099] [six_angels_material_sorting_client]: progress task=1 stage=place: task 1 lowering box compliantly onto shelf board; slide_target=0.128, slide_err=0.003, left_err=0.045, right_err=0.091, cmd_err=0.000, slide_vel=0.007, max_vel=0.007; compliant_place_phase=fine_descent, remaining_mm=8.0, step_mm=2.0, completion=None; placement_effort=active, slide_ratio=253.91, left_wrist_ratio=0.00, right_wrist_ratio=0.00, left_arm_max=0.07, right_arm_max=0.06, candidate=False, confirmed=False
[INFO] [1787832723.475787743] [six_angels_material_sorting_client]: CONTROL_LOOP_HEALTH samples=400/3318 interval_p95=50.14ms interval_p99=50.52ms execution_p95=1.69ms interval_misses=4 execution_misses=7
[INFO] [1787832724.925240612] [six_angels_material_sorting_client]: progress task=1 stage=place: task 1 lowering box compliantly onto shelf board; slide_target=0.132, slide_err=0.004, left_err=0.045, right_err=0.091, cmd_err=0.000, slide_vel=0.004, max_vel=0.005; placement_effort=active, slide_ratio=296.60, left_wrist_ratio=0.02, right_wrist_ratio=0.08, left_arm_max=0.11, right_arm_max=0.10, candidate=False, confirmed=False
[INFO] [1787832726.925374830] [six_angels_material_sorting_client]: progress task=1 stage=place: task 1 gently spreading both arms to release on shelf; stage=1/1, half_width=0.155 m; target_base=(0.715, -0.079, 1.168); arm_tol=0.030, slide_err=0.006, left_err=0.005, right_err=0.003, cmd_err=0.000, max_vel=0.011
[INFO] [1787832727.875760979] [six_angels_material_sorting_client]: controller=executing_stage task=1 attempt=1 stage=verify_place score=30: task 1 entering verify_place: task 1 gently unloaded preload and opened both arms on the empty shelf layer
[INFO] [1787832727.925265220] [six_angels_material_sorting_client]: controller=executing_stage task=1 attempt=1 stage=verify_place score=30: task 1 attempt 1 stage=verify_place
[INFO] [1787832728.525515929] [six_angels_material_sorting_client]: CONTROL_LOOP_HEALTH samples=400/3419 interval_p95=50.13ms interval_p99=50.27ms execution_p95=1.84ms interval_misses=4 execution_misses=7
[INFO] [1787832728.975444722] [six_angels_material_sorting_client]: controller=executing_stage task=1 attempt=1 stage=return_to_end score=30: task 1 entering return_to_end: task 1 shelf placement settled; handing result to referee
[INFO] [1787832729.116030288] [six_angels_material_sorting_client]: controller=executing_stage task=1 attempt=1 stage=return_to_end score=30: task 1 attempt 1 stage=return_to_end
[INFO] [1787832729.121560615] [six_angels_material_sorting_client]: scheduler candidate action=task1:return_to_end:stand:left source=heuristic reason=rl_shadow_isolated:inference_result_stale costmap_v=163
[INFO] [1787832731.113815525] [six_angels_material_sorting_client]: progress task=1 stage=return_to_end: task 1 retreating straight; remaining=0.219 m after release
[INFO] [1787832733.124977111] [six_angels_material_sorting_client]: progress task=1 stage=return_to_end: task 1 retreating straight; remaining=0.107 m after release
[INFO] [1787832733.605221368] [six_angels_material_sorting_client]: CONTROL_LOOP_HEALTH samples=400/3519 interval_p95=50.25ms interval_p99=59.92ms execution_p95=1.95ms interval_misses=5 execution_misses=8
[INFO] [1787832735.224972174] [six_angels_material_sorting_client]: progress task=1 stage=return_to_end: task 1 retreating straight; remaining=0.051 m after release
[INFO] [1787832737.258140939] [six_angels_material_sorting_client]: progress task=1 stage=return_to_end: task 1 retracting arms after shelf retreat; transport retract; slide_err=0.014, left_err=1.233, right_err=1.169, cmd_err=1.101, max_vel=19.700
[INFO] [1787832738.623178027] [six_angels_material_sorting_client]: CONTROL_LOOP_HEALTH samples=400/3620 interval_p95=57.58ms interval_p99=60.90ms execution_p95=2.10ms interval_misses=6 execution_misses=9
[INFO] [1787832739.276175336] [six_angels_material_sorting_client]: progress task=1 stage=return_to_end: task 1 returning to the end zone; goal=(-0.78, 0.55, 1.57); nav_status=navigating; NAV_TEL phase=transfer status=navigating segment=nav_end x=-1.593 y=0.723 yaw=3.092 dist=0.831 yaw_err=-1.521 cmd=(0.000,0.550) clear=0.550 footprint=transit_stowed path=0.814 planned_straight=0.831 detour=0.979
[INFO] [1787832741.344009486] [six_angels_material_sorting_client]: progress task=1 stage=return_to_end: task 1 returning to the end zone; goal=(-0.78, 0.55, 1.57); nav_status=navigating; NAV_TEL phase=transfer status=navigating segment=nav_end x=-1.593 y=0.723 yaw=-2.681 dist=0.831 yaw_err=-2.032 cmd=(0.000,0.550) clear=0.450 footprint=transit_stowed path=0.814 planned_straight=0.831 detour=0.979
[INFO] [1787832743.326132331] [six_angels_material_sorting_client]: progress task=1 stage=return_to_end: task 1 returning to the end zone; goal=(-0.78, 0.55, 1.57); nav_status=navigating; NAV_TEL phase=transfer status=navigating segment=nav_end x=-1.592 y=0.723 yaw=-2.138 dist=0.830 yaw_err=-2.575 cmd=(0.000,0.550) clear=0.400 footprint=transit_stowed path=0.814 planned_straight=0.831 detour=0.979
[INFO] [1787832743.577171783] [six_angels_material_sorting_client]: CONTROL_LOOP_HEALTH samples=400/3720 interval_p95=58.90ms interval_p99=71.80ms execution_p95=2.99ms interval_misses=7 execution_misses=11
[INFO] [1787832745.376194749] [six_angels_material_sorting_client]: progress task=1 stage=return_to_end: task 1 returning to the end zone; goal=(-0.78, 0.55, 1.57); nav_status=navigating; NAV_TEL phase=transfer status=navigating segment=nav_end x=-1.592 y=0.724 yaw=-1.584 dist=0.830 yaw_err=-3.129 cmd=(0.000,0.550) clear=0.450 footprint=transit_stowed path=0.814 planned_straight=0.831 detour=0.979
[INFO] [1787832747.404829519] [six_angels_material_sorting_client]: progress task=1 stage=return_to_end: task 1 returning to the end zone; goal=(-0.78, 0.55, 1.57); nav_status=navigating; NAV_TEL phase=transfer status=navigating segment=nav_end x=-1.592 y=0.724 yaw=-1.019 dist=0.830 yaw_err=2.590 cmd=(0.000,0.550) clear=0.400 footprint=transit_stowed path=0.814 planned_straight=0.831 detour=0.979
[INFO] [1787832748.626308904] [six_angels_material_sorting_client]: CONTROL_LOOP_HEALTH samples=400/3821 interval_p95=59.24ms interval_p99=71.80ms execution_p95=3.18ms interval_misses=7 execution_misses=11
[INFO] [1787832749.408537148] [six_angels_material_sorting_client]: progress task=1 stage=return_to_end: task 1 returning to the end zone; goal=(-0.78, 0.55, 1.57); nav_status=navigating; NAV_TEL phase=transfer status=navigating segment=nav_end x=-1.592 y=0.725 yaw=-0.520 dist=0.831 yaw_err=2.091 cmd=(0.000,0.550) clear=0.450 footprint=transit_stowed path=0.814 planned_straight=0.831 detour=0.979
[INFO] [1787832751.426673515] [six_angels_material_sorting_client]: progress task=1 stage=return_to_end: task 1 returning to the end zone; goal=(-0.78, 0.55, 1.57); nav_status=navigating; NAV_TEL phase=transfer status=navigating segment=nav_end x=-1.480 y=0.693 yaw=-0.207 dist=0.715 yaw_err=1.778 cmd=(0.180,0.090) clear=0.500 footprint=transit_stowed path=0.814 planned_straight=0.831 detour=0.979
[INFO] [1787832753.475871659] [six_angels_material_sorting_client]: progress task=1 stage=return_to_end: task 1 returning to the end zone; goal=(-0.78, 0.55, 1.57); nav_status=navigating; NAV_TEL phase=transfer status=navigating segment=nav_end x=-1.315 y=0.664 yaw=-0.158 dist=0.547 yaw_err=1.729 cmd=(0.180,0.004) clear=0.450 footprint=transit_stowed path=0.814 planned_straight=0.831 detour=0.979
[INFO] [1787832753.626378734] [six_angels_material_sorting_client]: CONTROL_LOOP_HEALTH samples=400/3921 interval_p95=58.10ms interval_p99=61.43ms execution_p95=3.28ms interval_misses=7 execution_misses=11
[INFO] [1787832755.477168507] [six_angels_material_sorting_client]: progress task=1 stage=return_to_end: task 1 returning to the end zone; goal=(-0.78, 0.55, 1.57); nav_status=navigating; NAV_TEL phase=transfer status=navigating segment=nav_end x=-1.142 y=0.636 yaw=-0.163 dist=0.372 yaw_err=1.734 cmd=(0.180,-0.011) clear=0.450 footprint=transit_stowed path=0.814 planned_straight=0.831 detour=0.979
[INFO] [1787832757.525862113] [six_angels_material_sorting_client]: progress task=1 stage=return_to_end: task 1 returning to the end zone; goal=(-0.78, 0.55, 1.57); nav_status=navigating; NAV_TEL phase=transfer status=navigating segment=nav_end x=-0.971 y=0.607 yaw=-0.170 dist=0.199 yaw_err=1.740 cmd=(0.151,-0.002) clear=0.400 footprint=transit_stowed path=0.814 planned_straight=0.831 detour=0.979
[INFO] [1787832758.675938314] [six_angels_material_sorting_client]: CONTROL_LOOP_HEALTH samples=400/4022 interval_p95=56.73ms interval_p99=60.69ms execution_p95=3.26ms interval_misses=7 execution_misses=11
[INFO] [1787832759.526016174] [six_angels_material_sorting_client]: progress task=1 stage=return_to_end: task 1 returning to the end zone; goal=(-0.78, 0.55, 1.57); nav_status=final_positioning; NAV_TEL phase=transfer status=final_positioning segment=nav_end x=-0.862 y=0.582 yaw=-0.330 dist=0.088 yaw_err=1.900 cmd=(0.071,-0.094) clear=0.350 footprint=transit_stowed path=0.814 planned_straight=0.831 detour=0.979
[INFO] [1787832761.588408292] [six_angels_material_sorting_client]: progress task=1 stage=return_to_end: task 1 returning to the end zone; goal=(-0.78, 0.55, 1.57); nav_status=final_aligning; NAV_TEL phase=transfer status=final_aligning segment=nav_end x=-0.846 y=0.577 yaw=0.047 dist=0.071 yaw_err=1.524 cmd=(0.000,0.500) clear=0.400 footprint=transit_stowed path=0.814 planned_straight=0.831 detour=0.979
[INFO] [1787832763.625775945] [six_angels_material_sorting_client]: progress task=1 stage=return_to_end: task 1 returning to the end zone; goal=(-0.78, 0.55, 1.57); nav_status=final_aligning; NAV_TEL phase=transfer status=final_aligning segment=nav_end x=-0.846 y=0.577 yaw=0.579 dist=0.071 yaw_err=0.992 cmd=(0.000,0.500) clear=0.300 footprint=transit_stowed path=0.814 planned_straight=0.831 detour=0.979
[INFO] [1787832763.676191783] [six_angels_material_sorting_client]: CONTROL_LOOP_HEALTH samples=400/4122 interval_p95=55.29ms interval_p99=59.84ms execution_p95=3.14ms interval_misses=7 execution_misses=11
[INFO] [1787832765.625746295] [six_angels_material_sorting_client]: progress task=1 stage=return_to_end: task 1 returning to the end zone; goal=(-0.78, 0.55, 1.57); nav_status=final_aligning; NAV_TEL phase=transfer status=final_aligning segment=nav_end x=-0.846 y=0.576 yaw=1.087 dist=0.071 yaw_err=0.484 cmd=(0.000,0.500) clear=0.300 footprint=transit_stowed path=0.814 planned_straight=0.831 detour=0.979
[INFO] [1787832767.576181924] [six_angels_material_sorting_client]: controller=waiting_for_referee task=1 attempt=1 stage=- score=40: task 1 local sequence completed; waiting for Server referee: task 1 returned to the end zone; local sequence complete
[INFO] [1787832767.625011662] [six_angels_material_sorting_client]: controller=starting_task task=2 attempt=1 stage=navigate_to_pick score=40: referee advanced to task 2; starting attempt 1
[INFO] [1787832767.675085022] [six_angels_material_sorting_client]: controller=executing_stage task=2 attempt=1 stage=navigate_to_pick score=40: task 2 entering navigate_to_pick
[INFO] [1787832767.734275781] [six_angels_material_sorting_client]: controller=executing_stage task=2 attempt=1 stage=navigate_to_pick score=40: task 2 attempt 1 stage=navigate_to_pick
[INFO] [1787832767.833600520] [six_angels_material_sorting_client]: scheduler candidate action=task2:navigate_to_pick:stand:right source=heuristic reason=rl_shadow_isolated:submitted costmap_v=205
[INFO] [1787832768.677283063] [six_angels_material_sorting_client]: CONTROL_LOOP_HEALTH samples=400/4222 interval_p95=55.05ms interval_p99=58.97ms execution_p95=3.02ms interval_misses=7 execution_misses=11
[INFO] [1787832769.726214857] [six_angels_material_sorting_client]: progress task=2 stage=navigate_to_pick: task 2 navigating to the brown shelf box; goal=(-1.50, 0.80, 3.14); nav_status=navigating; NAV_TEL phase=transfer status=navigating segment=nav_shelf x=-0.857 y=0.682 yaw=1.839 dist=0.655 yaw_err=1.303 cmd=(0.120,0.410) clear=0.450 footprint=transit_stowed path=0.900 planned_straight=0.692 detour=1.300
[INFO] [1787832771.775964594] [six_angels_material_sorting_client]: progress task=2 stage=navigate_to_pick: task 2 navigating to the brown shelf box; goal=(-1.50, 0.80, 3.14); nav_status=navigating; NAV_TEL phase=transfer status=navigating segment=nav_shelf x=-0.911 y=0.781 yaw=2.322 dist=0.590 yaw_err=0.819 cmd=(0.147,0.550) clear=0.500 footprint=transit_stowed path=0.900 planned_straight=0.692 detour=1.300
[INFO] [1787832773.730970101] [six_angels_material_sorting_client]: CONTROL_LOOP_HEALTH samples=400/4323 interval_p95=50.23ms interval_p99=57.64ms execution_p95=2.91ms interval_misses=7 execution_misses=11
[INFO] [1787832773.776362820] [six_angels_material_sorting_client]: progress task=2 stage=navigate_to_pick: task 2 navigating to the brown shelf box; goal=(-1.50, 0.80, 3.14); nav_status=navigating; NAV_TEL phase=transfer status=navigating segment=nav_shelf x=-1.050 y=0.861 yaw=2.901 dist=0.454 yaw_err=0.241 cmd=(0.180,0.489) clear=0.650 footprint=transit_stowed path=0.900 planned_straight=0.692 detour=1.300
[INFO] [1787832775.825619703] [six_angels_material_sorting_client]: progress task=2 stage=navigate_to_pick: task 2 navigating to the brown shelf box; goal=(-1.50, 0.80, 3.14); nav_status=navigating; NAV_TEL phase=transfer status=navigating segment=nav_shelf x=-1.192 y=0.870 yaw=-3.086 dist=0.315 yaw_err=-0.055 cmd=(0.180,0.132) clear=0.700 footprint=transit_stowed path=0.900 planned_straight=0.692 detour=1.300
[INFO] [1787832777.825885172] [six_angels_material_sorting_client]: progress task=2 stage=navigate_to_pick: task 2 navigating to the brown shelf box; goal=(-1.50, 0.80, 3.14); nav_status=final_positioning; NAV_TEL phase=transfer status=final_positioning segment=nav_shelf x=-1.343 y=0.855 yaw=-2.998 dist=0.165 yaw_err=-0.143 cmd=(0.099,0.297) clear=0.650 footprint=transit_stowed path=0.900 planned_straight=0.692 detour=1.300
[INFO] [1787832778.776048211] [six_angels_material_sorting_client]: CONTROL_LOOP_HEALTH samples=400/4424 interval_p95=50.26ms interval_p99=57.61ms execution_p95=2.88ms interval_misses=7 execution_misses=11
[INFO] [1787832779.875630363] [six_angels_material_sorting_client]: progress task=2 stage=navigate_to_pick: task 2 navigating to the brown shelf box; goal=(-1.50, 0.80, 3.14); nav_status=final_positioning; NAV_TEL phase=transfer status=final_positioning segment=nav_shelf x=-1.428 y=0.834 yaw=-2.803 dist=0.078 yaw_err=-0.338 cmd=(0.062,0.081) clear=0.600 footprint=transit_stowed path=0.900 planned_straight=0.692 detour=1.300
[INFO] [1787832781.876252636] [six_angels_material_sorting_client]: progress task=2 stage=navigate_to_pick: task 2 navigating to the brown shelf box; goal=(-1.50, 0.80, 3.14); nav_status=final_aligning; NAV_TEL phase=transfer status=final_aligning segment=nav_shelf x=-1.452 y=0.825 yaw=-2.984 dist=0.052 yaw_err=-0.157 cmd=(0.000,-0.314) clear=0.600 footprint=transit_stowed path=0.900 planned_straight=0.692 detour=1.300
[INFO] [1787832782.689614972] [six_angels_material_sorting_client]: controller=executing_stage task=2 attempt=1 stage=acquire_target score=40: task 2 entering acquire_target: task 2 reached the far shelf arm-staging stand for brown
[INFO] [1787832782.725376528] [six_angels_material_sorting_client]: controller=executing_stage task=2 attempt=1 stage=acquire_target score=40: task 2 attempt 1 stage=acquire_target
[INFO] [1787832782.775439179] [six_angels_material_sorting_client]: controller=executing_stage task=2 attempt=1 stage=align_for_pick score=40: task 2 entering align_for_pick: task 2 validated the brown shelf layer; coarse target=(-2.648, 0.725, 0.517); full RGB-D object centre will be locked after camera settling
[INFO] [1787832782.827161735] [six_angels_material_sorting_client]: controller=executing_stage task=2 attempt=1 stage=align_for_pick score=40: task 2 attempt 1 stage=align_for_pick
[INFO] [1787832783.825817204] [six_angels_material_sorting_client]: CONTROL_LOOP_HEALTH samples=400/4525 interval_p95=50.54ms interval_p99=57.61ms execution_p95=2.89ms interval_misses=7 execution_misses=11
[INFO] [1787832784.875115764] [six_angels_material_sorting_client]: progress task=2 stage=align_for_pick: task 2 moving the retracted arms to the target shelf layer; slide_target=0.784, slide_err=0.579, left_err=0.004, right_err=0.004, cmd_err=0.561, slide_vel=0.066, max_vel=0.066
[INFO] [1787832786.925318911] [six_angels_material_sorting_client]: progress task=2 stage=align_for_pick: task 2 moving the retracted arms to the target shelf layer; slide_target=0.784, slide_err=0.458, left_err=0.003, right_err=0.003, cmd_err=0.438, slide_vel=0.088, max_vel=0.088
[INFO] [1787832788.875447233] [six_angels_material_sorting_client]: CONTROL_LOOP_HEALTH samples=400/4626 interval_p95=50.31ms interval_p99=54.83ms execution_p95=2.74ms interval_misses=7 execution_misses=11
[INFO] [1787832788.974944930] [six_angels_material_sorting_client]: progress task=2 stage=align_for_pick: task 2 moving the retracted arms to the target shelf layer; slide_target=0.784, slide_err=0.333, left_err=0.003, right_err=0.003, cmd_err=0.315, slide_vel=0.088, max_vel=0.088
[INFO] [1787832791.025467757] [six_angels_material_sorting_client]: progress task=2 stage=align_for_pick: task 2 moving the retracted arms to the target shelf layer; slide_target=0.784, slide_err=0.209, left_err=0.003, right_err=0.003, cmd_err=0.192, slide_vel=0.128, max_vel=0.128
[INFO] [1787832793.075127999] [six_angels_material_sorting_client]: progress task=2 stage=align_for_pick: task 2 moving the retracted arms to the target shelf layer; slide_target=0.784, slide_err=0.087, left_err=0.002, right_err=0.002, cmd_err=0.069, slide_vel=0.118, max_vel=0.118
[INFO] [1787832793.875984205] [six_angels_material_sorting_client]: CONTROL_LOOP_HEALTH samples=400/4726 interval_p95=50.22ms interval_p99=50.88ms execution_p95=2.50ms interval_misses=7 execution_misses=11
[INFO] [1787832795.075144585] [six_angels_material_sorting_client]: progress task=2 stage=align_for_pick: task 2 moving the retracted arms to the target shelf layer; slide_target=0.784, slide_err=0.001, left_err=0.003, right_err=0.003, cmd_err=0.000, slide_vel=0.015, max_vel=0.015
[INFO] [1787832797.125329881] [six_angels_material_sorting_client]: progress task=2 stage=align_for_pick: task 2 holding outside the shelf and collecting fresh target-centre frames; center_samples=2/7 quality=mask_cloud_cuboid rejected=0
[INFO] [1787832798.925262319] [six_angels_material_sorting_client]: CONTROL_LOOP_HEALTH samples=400/4827 interval_p95=50.22ms interval_p99=50.88ms execution_p95=2.26ms interval_misses=7 execution_misses=11
[INFO] [1787832799.175202442] [six_angels_material_sorting_client]: progress task=2 stage=align_for_pick: task 2 advancing straight toward the locked object centre; advancing straight; remaining=0.383 m
[INFO] [1787832801.225178478] [six_angels_material_sorting_client]: progress task=2 stage=align_for_pick: task 2 advancing straight toward the locked object centre; advancing straight; remaining=0.275 m
[INFO] [1787832803.275091615] [six_angels_material_sorting_client]: progress task=2 stage=align_for_pick: task 2 advancing straight toward the locked object centre; advancing straight; remaining=0.163 m
[INFO] [1787832803.975036621] [six_angels_material_sorting_client]: CONTROL_LOOP_HEALTH samples=400/4928 interval_p95=50.22ms interval_p99=51.05ms execution_p95=1.80ms interval_misses=7 execution_misses=11
[INFO] [1787832805.275335083] [six_angels_material_sorting_client]: progress task=2 stage=align_for_pick: task 2 advancing straight toward the locked object centre; advancing straight; remaining=0.085 m
[INFO] [1787832807.275722055] [six_angels_material_sorting_client]: progress task=2 stage=align_for_pick: task 2 advancing straight toward the locked object centre; advancing straight; remaining=0.045 m
[INFO] [1787832809.025313736] [six_angels_material_sorting_client]: CONTROL_LOOP_HEALTH samples=400/5029 interval_p95=50.21ms interval_p99=51.05ms execution_p95=1.75ms interval_misses=7 execution_misses=11
[INFO] [1787832809.324970563] [six_angels_material_sorting_client]: progress task=2 stage=align_for_pick: task 2 correcting final base drift before shelf pregrasp; lateral alignment rotating toward shelf-front direction; yaw_err=1.532
[INFO] [1787832811.325355840] [six_angels_material_sorting_client]: progress task=2 stage=align_for_pick: task 2 correcting final base drift before shelf pregrasp; lateral alignment rotating toward shelf-front direction; yaw_err=1.143
[INFO] [1787832813.374727230] [six_angels_material_sorting_client]: progress task=2 stage=align_for_pick: task 2 correcting final base drift before shelf pregrasp; lateral alignment rotating toward shelf-front direction; yaw_err=0.745
[INFO] [1787832814.075310597] [six_angels_material_sorting_client]: CONTROL_LOOP_HEALTH samples=400/5130 interval_p95=50.18ms interval_p99=50.70ms execution_p95=1.78ms interval_misses=7 execution_misses=11
[INFO] [1787832815.376048198] [six_angels_material_sorting_client]: progress task=2 stage=align_for_pick: task 2 correcting final base drift before shelf pregrasp; lateral alignment rotating toward shelf-front direction; yaw_err=0.347
[INFO] [1787832817.424921191] [six_angels_material_sorting_client]: progress task=2 stage=align_for_pick: task 2 correcting final base drift before shelf pregrasp; lateral alignment rotating toward shelf-front direction; yaw_err=0.052
[INFO] [1787832819.075289718] [six_angels_material_sorting_client]: CONTROL_LOOP_HEALTH samples=400/5230 interval_p95=50.18ms interval_p99=50.27ms execution_p95=1.70ms interval_misses=7 execution_misses=11
[INFO] [1787832819.474611279] [six_angels_material_sorting_client]: progress task=2 stage=align_for_pick: task 2 correcting final base drift before shelf pregrasp; lateral alignment driving along shelf front; y_err=-0.032, x_err=0.004
[INFO] [1787832821.474756962] [six_angels_material_sorting_client]: progress task=2 stage=align_for_pick: task 2 correcting final base drift before shelf pregrasp; lateral alignment restoring shelf-facing yaw; yaw_err=-1.449
[INFO] [1787832823.525566717] [six_angels_material_sorting_client]: progress task=2 stage=align_for_pick: task 2 correcting final base drift before shelf pregrasp; lateral alignment restoring shelf-facing yaw; yaw_err=-1.038
[INFO] [1787832824.125217903] [six_angels_material_sorting_client]: CONTROL_LOOP_HEALTH samples=400/5331 interval_p95=50.17ms interval_p99=50.22ms execution_p95=1.60ms interval_misses=7 execution_misses=11
[INFO] [1787832825.574985636] [six_angels_material_sorting_client]: progress task=2 stage=align_for_pick: task 2 correcting final base drift before shelf pregrasp; lateral alignment restoring shelf-facing yaw; yaw_err=-0.626
[INFO] [1787832827.625194635] [six_angels_material_sorting_client]: progress task=2 stage=align_for_pick: task 2 correcting final base drift before shelf pregrasp; lateral alignment restoring shelf-facing yaw; yaw_err=-0.202
[INFO] [1787832829.125818788] [six_angels_material_sorting_client]: CONTROL_LOOP_HEALTH samples=400/5431 interval_p95=50.18ms interval_p99=50.23ms execution_p95=1.59ms interval_misses=7 execution_misses=11
[INFO] [1787832829.625234484] [six_angels_material_sorting_client]: progress task=2 stage=align_for_pick: task 2 correcting final base drift before shelf pregrasp; lateral alignment restoring shelf-facing yaw; yaw_err=-0.031
[INFO] [1787832831.675086503] [six_angels_material_sorting_client]: progress task=2 stage=align_for_pick: task 2 fine-aligning arms around the shelf box; task 1 moving both open arms to pregrasp; target_base=(0.76, -0.007, 0.516); arm_tol=0.030, slide_err=0.008, left_err=0.189, right_err=0.186, cmd_err=0.140, max_vel=8.852
[INFO] [1787832832.926402537] [six_angels_material_sorting_client]: controller=executing_stage task=2 attempt=1 stage=grasp score=40: task 2 entering grasp: task 2 both open arms reached the shelf-box pregrasp pose after the safe straight approach
[INFO] [1787832832.975071673] [six_angels_material_sorting_client]: controller=executing_stage task=2 attempt=1 stage=grasp score=40: task 2 attempt 1 stage=grasp
[INFO] [1787832834.125894758] [six_angels_material_sorting_client]: CONTROL_LOOP_HEALTH samples=400/5531 interval_p95=50.20ms interval_p99=50.61ms execution_p95=1.88ms interval_misses=7 execution_misses=11
[INFO] [1787832835.027698539] [six_angels_material_sorting_client]: progress task=2 stage=grasp: task 1 continuously advancing the compliant contact search; speed=2.0 mm/s, offset=0.2/16.0 mm, surface_clearance=9.8 mm; compliance=active; left[contact=False, aligned=False, angle=1.1deg, effort_delta=1.77, effort_threshold=0.35, firm=True, firm_latched=False, velocity=0.001]; right[contact=False, aligned=False, angle=1.1deg, effort_delta=1.75, effort_threshold=0.35, firm=True, firm_latched=False, velocity=0.001]
[INFO] [1787832837.027676745] [six_angels_material_sorting_client]: progress task=2 stage=grasp: task 1 continuously applying locked-wrist preload; offset=1.7/2.7 mm; compliance=active; left[contact=True, aligned=True, angle=3.3deg, effort_delta=0.07, effort_threshold=0.35, firm=False, firm_latched=False, velocity=0.000]; right[contact=True, aligned=True, angle=3.0deg, effort_delta=0.01, effort_threshold=0.35, firm=False, firm_latched=False, velocity=0.000]
[INFO] [1787832838.627031101] [six_angels_material_sorting_client]: controller=executing_stage task=2 attempt=1 stage=lift score=40: task 2 entering lift: task 1 bilateral compliant grasp settled with locked wrists and 2.7 mm bounded preload; compliance=active; left[contact=True, aligned=True, angle=3.3deg, effort_delta=0.03, effort_threshold=0.35, firm=False, firm_latched=False, velocity=0.000]; right[contact=True, aligned=True, angle=3.0deg, effort_delta=0.05, effort_threshold=0.35, firm=False, firm_latched=False, velocity=0.000]
[INFO] [1787832838.675593342] [six_angels_material_sorting_client]: controller=executing_stage task=2 attempt=1 stage=lift score=40: task 2 attempt 1 stage=lift
[INFO] [1787832839.175397203] [six_angels_material_sorting_client]: CONTROL_LOOP_HEALTH samples=400/5632 interval_p95=50.21ms interval_p99=50.61ms execution_p95=4.78ms interval_misses=7 execution_misses=11
[INFO] [1787832840.725424268] [six_angels_material_sorting_client]: progress task=2 stage=lift: task 1 raising the spine while preserving arm preload; lift=0.080m, slide_target=0.706, slide_err=0.015, left_err=0.017, right_err=0.017, cmd_err=0.000, max_vel=0.018
[INFO] [1787832841.775924053] [six_angels_material_sorting_client]: controller=executing_stage task=2 attempt=1 stage=transport score=40: task 2 entering transport: task 1 lifted the held box 0.080 m; holding before transport
[INFO] [1787832841.891577621] [six_angels_material_sorting_client]: controller=executing_stage task=2 attempt=1 stage=transport score=40: task 2 attempt 1 stage=transport
[INFO] [1787832843.869312525] [six_angels_material_sorting_client]: progress task=2 stage=transport: task 2 holding the shelf box and retreating straight; remaining=0.484 m
[INFO] [1787832844.229241816] [six_angels_material_sorting_client]: CONTROL_LOOP_HEALTH samples=400/5732 interval_p95=50.98ms interval_p99=58.75ms execution_p95=4.86ms interval_misses=7 execution_misses=12
[INFO] [1787832845.928379541] [six_angels_material_sorting_client]: progress task=2 stage=transport: task 2 holding the shelf box and retreating straight; remaining=0.346 m
[INFO] [1787832847.957429211] [six_angels_material_sorting_client]: progress task=2 stage=transport: task 2 holding the shelf box and retreating straight; remaining=0.215 m
[INFO] [1787832849.314835661] [six_angels_material_sorting_client]: CONTROL_LOOP_HEALTH samples=400/5833 interval_p95=55.82ms interval_p99=60.27ms execution_p95=4.88ms interval_misses=8 execution_misses=14
[INFO] [1787832849.930690728] [six_angels_material_sorting_client]: progress task=2 stage=transport: task 2 holding the shelf box and retreating straight; remaining=0.094 m
[INFO] [1787832851.981583555] [six_angels_material_sorting_client]: progress task=2 stage=transport: task 2 holding the shelf box and retreating straight; remaining=0.037 m
[INFO] [1787832854.012167100] [six_angels_material_sorting_client]: progress task=2 stage=transport: task 2 raising the held box to maximum transport height; slide_target=-0.040, slide_err=0.715, left_err=0.017, right_err=0.017, cmd_err=0.683, slide_vel=0.144, max_vel=0.144
[INFO] [1787832854.353548347] [six_angels_material_sorting_client]: CONTROL_LOOP_HEALTH samples=400/5933 interval_p95=58.14ms interval_p99=61.08ms execution_p95=4.94ms interval_misses=9 execution_misses=14
[INFO] [1787832856.061294743] [six_angels_material_sorting_client]: progress task=2 stage=transport: task 2 raising the held box to maximum transport height; slide_target=-0.040, slide_err=0.590, left_err=0.017, right_err=0.017, cmd_err=0.560, slide_vel=0.132, max_vel=0.132
[INFO] [1787832858.063405012] [six_angels_material_sorting_client]: progress task=2 stage=transport: task 2 raising the held box to maximum transport height; slide_target=-0.040, slide_err=0.471, left_err=0.017, right_err=0.017, cmd_err=0.440, slide_vel=0.116, max_vel=0.116
[INFO] [1787832859.417595596] [six_angels_material_sorting_client]: CONTROL_LOOP_HEALTH samples=400/6034 interval_p95=59.03ms interval_p99=61.25ms execution_p95=1.71ms interval_misses=9 execution_misses=14
[INFO] [1787832860.147185921] [six_angels_material_sorting_client]: progress task=2 stage=transport: task 2 raising the held box to maximum transport height; slide_target=-0.040, slide_err=0.349, left_err=0.017, right_err=0.017, cmd_err=0.320, slide_vel=0.045, max_vel=0.045
[INFO] [1787832862.139992269] [six_angels_material_sorting_client]: progress task=2 stage=transport: task 2 raising the held box to maximum transport height; slide_target=-0.040, slide_err=0.226, left_err=0.017, right_err=0.017, cmd_err=0.197, slide_vel=0.050, max_vel=0.050
[INFO] [1787832864.185891285] [six_angels_material_sorting_client]: progress task=2 stage=transport: task 2 raising the held box to maximum transport height; slide_target=-0.040, slide_err=0.103, left_err=0.017, right_err=0.017, cmd_err=0.074, slide_vel=0.044, max_vel=0.044
[INFO] [1787832864.504475795] [six_angels_material_sorting_client]: CONTROL_LOOP_HEALTH samples=400/6134 interval_p95=59.27ms interval_p99=71.41ms execution_p95=1.83ms interval_misses=11 execution_misses=17
[INFO] [1787832866.249593565] [six_angels_material_sorting_client]: progress task=2 stage=transport: task 2 raising the held box to maximum transport height; slide_target=-0.040, slide_err=0.013, left_err=0.017, right_err=0.017, cmd_err=0.000, slide_vel=0.015, max_vel=0.015
[INFO] [1787832868.176224182] [six_angels_material_sorting_client]: progress task=2 stage=transport: task 2 preserving the shelf grasp while reversing toward table column x=-0.191; retreating straight; remaining=1.029 m; minimum carried-envelope clearance=0.331 m (carried_box to shelf)
[INFO] [1787832869.580883762] [six_angels_material_sorting_client]: CONTROL_LOOP_HEALTH samples=400/6233 interval_p95=59.85ms interval_p99=86.77ms execution_p95=2.62ms interval_misses=13 execution_misses=18
[INFO] [1787832870.226210353] [six_angels_material_sorting_client]: progress task=2 stage=transport: task 2 preserving the shelf grasp while reversing toward table column x=-0.191; retreating straight; remaining=0.889 m; minimum carried-envelope clearance=0.454 m (left_shoulder to south_wall)
[INFO] [1787832872.313570868] [six_angels_material_sorting_client]: progress task=2 stage=transport: task 2 preserving the shelf grasp while reversing toward table column x=-0.191; retreating straight; remaining=0.754 m; minimum carried-envelope clearance=0.454 m (left_shoulder to south_wall)
[INFO] [1787832874.276107026] [six_angels_material_sorting_client]: progress task=2 stage=transport: task 2 preserving the shelf grasp while reversing toward table column x=-0.191; retreating straight; remaining=0.615 m; minimum carried-envelope clearance=0.454 m (left_shoulder to south_wall)
[INFO] [1787832874.496360384] [six_angels_material_sorting_client]: CONTROL_LOOP_HEALTH samples=400/6331 interval_p95=60.05ms interval_p99=86.77ms execution_p95=2.84ms interval_misses=15 execution_misses=19
[INFO] [1787832876.341510859] [six_angels_material_sorting_client]: progress task=2 stage=transport: task 2 preserving the shelf grasp while reversing toward table column x=-0.191; retreating straight; remaining=0.480 m; minimum carried-envelope clearance=0.454 m (left_shoulder to south_wall)
[INFO] [1787832878.326158540] [six_angels_material_sorting_client]: progress task=2 stage=transport: task 2 preserving the shelf grasp while reversing toward table column x=-0.191; retreating straight; remaining=0.336 m; minimum carried-envelope clearance=0.454 m (left_shoulder to south_wall)
[INFO] [1787832879.476223164] [six_angels_material_sorting_client]: CONTROL_LOOP_HEALTH samples=400/6432 interval_p95=60.24ms interval_p99=86.77ms execution_p95=2.97ms interval_misses=15 execution_misses=20
[INFO] [1787832880.353377535] [six_angels_material_sorting_client]: progress task=2 stage=transport: task 2 preserving the shelf grasp while reversing toward table column x=-0.191; retreating straight; remaining=0.200 m; minimum carried-envelope clearance=0.454 m (left_shoulder to south_wall)
[INFO] [1787832882.326998962] [six_angels_material_sorting_client]: progress task=2 stage=transport: task 2 preserving the shelf grasp while reversing toward table column x=-0.191; retreating straight; remaining=0.095 m; minimum carried-envelope clearance=0.454 m (left_shoulder to south_wall)
[INFO] [1787832884.457554030] [six_angels_material_sorting_client]: progress task=2 stage=transport: task 2 preserving the shelf grasp while reversing toward table column x=-0.191; retreating straight; remaining=0.042 m; minimum carried-envelope clearance=0.421 m (base to east_wall)
[INFO] [1787832884.526186502] [six_angels_material_sorting_client]: CONTROL_LOOP_HEALTH samples=400/6533 interval_p95=60.23ms interval_p99=75.31ms execution_p95=2.99ms interval_misses=16 execution_misses=21
[INFO] [1787832886.430970028] [six_angels_material_sorting_client]: progress task=2 stage=transport: task 2 preserving the shelf grasp while turning north; goal=(-0.21, 0.78, 1.57); nav_status=final_aligning; NAV_TEL phase=transfer status=final_aligning segment=nav_table x=-0.200 y=0.783 yaw=2.954 dist=0.006 yaw_err=-1.383 cmd=(0.000,-0.500) clear=0.300 footprint=transit_carry path=0.000 planned_straight=0.000 detour=1.000; minimum carried-envelope clearance=0.373 m (right_shoulder to east_wall)
[INFO] [1787832888.458854958] [six_angels_material_sorting_client]: progress task=2 stage=transport: task 2 preserving the shelf grasp while turning north; goal=(-0.21, 0.78, 1.57); nav_status=final_aligning; NAV_TEL phase=transfer status=final_aligning segment=nav_table x=-0.200 y=0.783 yaw=2.364 dist=0.006 yaw_err=-0.793 cmd=(0.000,-0.500) clear=0.250 footprint=transit_carry path=0.000 planned_straight=0.000 detour=1.000; minimum carried-envelope clearance=0.248 m (right_shoulder to east_wall)
[INFO] [1787832889.556422842] [six_angels_material_sorting_client]: CONTROL_LOOP_HEALTH samples=400/6633 interval_p95=59.88ms interval_p99=61.81ms execution_p95=12.38ms interval_misses=16 execution_misses=21
[INFO] [1787832890.483260890] [six_angels_material_sorting_client]: progress task=2 stage=transport: task 2 preserving the shelf grasp while turning north; goal=(-0.21, 0.78, 1.57); nav_status=final_aligning; NAV_TEL phase=transfer status=final_aligning segment=nav_table x=-0.199 y=0.783 yaw=1.738 dist=0.007 yaw_err=-0.167 cmd=(0.000,-0.334) clear=0.300 footprint=transit_carry path=0.000 planned_straight=0.000 detour=1.000; minimum carried-envelope clearance=0.193 m (right_shoulder to east_wall)
[INFO] [1787832892.475976417] [six_angels_material_sorting_client]: progress task=2 stage=transport: task 2 carrying the unchanged shelf grasp north toward table entry y=1.189; advancing straight; remaining=0.331 m; minimum carried-envelope clearance=0.202 m (right_shoulder to east_wall)
[INFO] [1787832894.504859140] [six_angels_material_sorting_client]: progress task=2 stage=transport: task 2 carrying the unchanged shelf grasp north toward table entry y=1.189; advancing straight; remaining=0.215 m; minimum carried-envelope clearance=0.202 m (right_shoulder to east_wall)
[INFO] [1787832894.576149806] [six_angels_material_sorting_client]: CONTROL_LOOP_HEALTH samples=400/6734 interval_p95=59.88ms interval_p99=60.55ms execution_p95=12.71ms interval_misses=16 execution_misses=21
[INFO] [1787832896.526166423] [six_angels_material_sorting_client]: progress task=2 stage=transport: task 2 carrying the unchanged shelf grasp north toward table entry y=1.189; advancing straight; remaining=0.108 m; minimum carried-envelope clearance=0.202 m (right_shoulder to east_wall)
[INFO] [1787832898.527098726] [six_angels_material_sorting_client]: progress task=2 stage=transport: task 2 carrying the unchanged shelf grasp north toward table entry y=1.189; advancing straight; remaining=0.053 m; minimum carried-envelope clearance=0.202 m (right_shoulder to east_wall)
[INFO] [1787832899.576275884] [six_angels_material_sorting_client]: CONTROL_LOOP_HEALTH samples=400/6834 interval_p95=58.54ms interval_p99=60.55ms execution_p95=12.66ms interval_misses=16 execution_misses=21
[INFO] [1787832900.427582071] [six_angels_material_sorting_client]: controller=executing_stage task=2 attempt=1 stage=align_for_place score=80: task 2 entering align_for_place: task 2 reached the table entry through envelope-checked reverse, turn and forward segments without changing the grasp
[INFO] [1787832900.475125599] [six_angels_material_sorting_client]: controller=executing_stage task=2 attempt=1 stage=align_for_place score=80: task 2 attempt 1 stage=align_for_place
[INFO] [1787832902.475321404] [six_angels_material_sorting_client]: progress task=2 stage=align_for_place: task 2 moving box to table clearance height; slide_target=0.413, slide_err=0.351, left_err=0.017, right_err=0.017, cmd_err=0.333, slide_vel=0.117, max_vel=0.117
[INFO] [1787832904.475591634] [six_angels_material_sorting_client]: progress task=2 stage=align_for_place: task 2 moving box to table clearance height; slide_target=0.413, slide_err=0.230, left_err=0.017, right_err=0.017, cmd_err=0.213, slide_vel=0.114, max_vel=0.114
[INFO] [1787832904.625537487] [six_angels_material_sorting_client]: CONTROL_LOOP_HEALTH samples=400/6935 interval_p95=56.88ms interval_p99=60.47ms execution_p95=12.39ms interval_misses=16 execution_misses=21
[INFO] [1787832906.525461283] [six_angels_material_sorting_client]: progress task=2 stage=align_for_place: task 2 moving box to table clearance height; slide_target=0.413, slide_err=0.105, left_err=0.017, right_err=0.017, cmd_err=0.090, slide_vel=0.129, max_vel=0.129
[INFO] [1787832908.525756414] [six_angels_material_sorting_client]: progress task=2 stage=align_for_place: task 2 moving box to table clearance height; slide_target=0.413, slide_err=0.004, left_err=0.017, right_err=0.017, cmd_err=0.000, slide_vel=0.022, max_vel=0.022
[INFO] [1787832909.625930541] [six_angels_material_sorting_client]: CONTROL_LOOP_HEALTH samples=400/7035 interval_p95=55.08ms interval_p99=60.47ms execution_p95=7.04ms interval_misses=16 execution_misses=21
[INFO] [1787832910.526868580] [six_angels_material_sorting_client]: progress task=2 stage=align_for_place: task 2 advancing straight from table entry to the exact saved origin; advancing straight; remaining=0.228 m; minimum carried-envelope clearance=0.202 m (right_shoulder to east_wall)
[INFO] [1787832912.576616895] [six_angels_material_sorting_client]: progress task=2 stage=align_for_place: task 2 advancing straight from table entry to the exact saved origin; advancing straight; remaining=0.117 m; minimum carried-envelope clearance=0.202 m (right_shoulder to east_wall)
[INFO] [1787832914.577091059] [six_angels_material_sorting_client]: progress task=2 stage=align_for_place: task 2 advancing straight from table entry to the exact saved origin; advancing straight; remaining=0.059 m; minimum carried-envelope clearance=0.202 m (right_shoulder to east_wall)
[INFO] [1787832914.626850769] [six_angels_material_sorting_client]: CONTROL_LOOP_HEALTH samples=400/7135 interval_p95=50.28ms interval_p99=56.29ms execution_p95=3.07ms interval_misses=16 execution_misses=21
[INFO] [1787832916.626380416] [six_angels_material_sorting_client]: progress task=2 stage=align_for_place: task 2 advancing straight from table entry to the exact saved origin; advancing straight; remaining=0.019 m; minimum carried-envelope clearance=0.202 m (right_shoulder to east_wall)
[INFO] [1787832916.826827677] [six_angels_material_sorting_client]: controller=executing_stage task=2 attempt=1 stage=place score=80: task 2 entering place: task 2 aligned held box over task 1's original table coordinate
[INFO] [1787832916.875625897] [six_angels_material_sorting_client]: controller=executing_stage task=2 attempt=1 stage=place score=80: task 2 attempt 1 stage=place
[INFO] [1787832918.925769927] [six_angels_material_sorting_client]: progress task=2 stage=place: task 2 lowering box compliantly onto original table point; slide_target=0.456, slide_err=0.001, left_err=0.017, right_err=0.017, cmd_err=0.000, slide_vel=0.015, max_vel=0.015; compliant_place_phase=fast_approach, remaining_mm=12.0, step_mm=2.0, completion=None; placement_effort=active, slide_ratio=0.00, left_wrist_ratio=0.00, right_wrist_ratio=0.00, left_arm_max=0.00, right_arm_max=0.00, candidate=False, confirmed=False
[INFO] [1787832919.675875758] [six_angels_material_sorting_client]: CONTROL_LOOP_HEALTH samples=400/7236 interval_p95=50.22ms interval_p99=50.36ms execution_p95=3.08ms interval_misses=16 execution_misses=21
[INFO] [1787832920.976999291] [six_angels_material_sorting_client]: progress task=2 stage=place: task 2 lowering box compliantly onto original table point; slide_target=0.460, slide_err=0.004, left_err=0.017, right_err=0.017, cmd_err=0.000, slide_vel=0.005, max_vel=0.005; compliant_place_phase=fine_descent, remaining_mm=8.0, step_mm=2.0, completion=None; placement_effort=active, slide_ratio=198.31, left_wrist_ratio=0.17, right_wrist_ratio=0.35, left_arm_max=2.95, right_arm_max=3.00, candidate=False, confirmed=False
[INFO] [1787832923.025777025] [six_angels_material_sorting_client]: progress task=2 stage=place: task 2 spreading both arms for table release; target_base=(0.77, -0.018, 0.834); arm_tol=0.030, slide_err=0.004, left_err=0.005, right_err=0.004, cmd_err=0.000, max_vel=0.005
[INFO] [1787832923.076121331] [six_angels_material_sorting_client]: controller=executing_stage task=2 attempt=1 stage=verify_place score=80: task 2 entering verify_place: task 2 opened both arms and released at task 1's original point
[INFO] [1787832923.125609587] [six_angels_material_sorting_client]: controller=executing_stage task=2 attempt=1 stage=verify_place score=80: task 2 attempt 1 stage=verify_place
[INFO] [1787832924.175948212] [six_angels_material_sorting_client]: controller=executing_stage task=2 attempt=1 stage=return_to_end score=80: task 2 entering return_to_end: task 2 table placement settled; handing result to referee
[INFO] [1787832924.286459742] [six_angels_material_sorting_client]: controller=executing_stage task=2 attempt=1 stage=return_to_end score=80: task 2 attempt 1 stage=return_to_end
[INFO] [1787832924.290444541] [six_angels_material_sorting_client]: scheduler candidate action=task2:return_to_end:stand:right source=heuristic reason=rl_shadow_isolated:submitted costmap_v=441
[INFO] [1787832924.725284125] [six_angels_material_sorting_client]: CONTROL_LOOP_HEALTH samples=400/7337 interval_p95=50.21ms interval_p99=50.72ms execution_p95=3.08ms interval_misses=16 execution_misses=22
[INFO] [1787832926.289336140] [six_angels_material_sorting_client]: progress task=2 stage=return_to_end: task 2 retreating straight; remaining=0.225 m after table release
[INFO] [1787832928.378091357] [six_angels_material_sorting_client]: progress task=2 stage=return_to_end: task 2 retreating straight; remaining=0.097 m after table release
[INFO] [1787832929.726735813] [six_angels_material_sorting_client]: CONTROL_LOOP_HEALTH samples=400/7437 interval_p95=51.36ms interval_p99=60.46ms execution_p95=3.09ms interval_misses=16 execution_misses=23
[INFO] [1787832930.333251752] [six_angels_material_sorting_client]: progress task=2 stage=return_to_end: task 2 retreating straight; remaining=0.042 m after table release
[INFO] [1787832932.375218522] [six_angels_material_sorting_client]: progress task=2 stage=return_to_end: task 2 retracting arms after table retreat; transport retract; slide_err=0.007, left_err=0.555, right_err=0.547, cmd_err=0.488, max_vel=0.625
[INFO] [1787832934.376539899] [six_angels_material_sorting_client]: progress task=2 stage=return_to_end: task 2 returning to the end zone; goal=(-0.62, 0.55, 1.57); nav_status=navigating; NAV_TEL phase=transfer status=navigating segment=nav_end x=-0.202 y=1.088 yaw=1.675 dist=0.681 yaw_err=-0.104 cmd=(0.000,0.550) clear=0.350 footprint=transit_stowed path=0.673 planned_straight=0.681 detour=0.988
[INFO] [1787832934.736105259] [six_angels_material_sorting_client]: CONTROL_LOOP_HEALTH samples=400/7537 interval_p95=55.68ms interval_p99=60.46ms execution_p95=2.92ms interval_misses=16 execution_misses=23
[INFO] [1787832936.376445070] [six_angels_material_sorting_client]: progress task=2 stage=return_to_end: task 2 returning to the end zone; goal=(-0.62, 0.55, 1.57); nav_status=navigating; NAV_TEL phase=transfer status=navigating segment=nav_end x=-0.202 y=1.087 yaw=2.280 dist=0.681 yaw_err=-0.709 cmd=(0.000,0.550) clear=0.250 footprint=transit_stowed path=0.673 planned_straight=0.681 detour=0.988
[INFO] [1787832938.475741108] [six_angels_material_sorting_client]: progress task=2 stage=return_to_end: task 2 returning to the end zone; goal=(-0.62, 0.55, 1.57); nav_status=navigating; NAV_TEL phase=transfer status=navigating segment=nav_end x=-0.202 y=1.087 yaw=2.930 dist=0.681 yaw_err=-1.359 cmd=(0.000,0.550) clear=0.300 footprint=transit_stowed path=0.673 planned_straight=0.681 detour=0.988
[INFO] [1787832939.777595051] [six_angels_material_sorting_client]: CONTROL_LOOP_HEALTH samples=400/7638 interval_p95=57.10ms interval_p99=60.46ms execution_p95=3.16ms interval_misses=16 execution_misses=24
[INFO] [1787832940.436390287] [six_angels_material_sorting_client]: progress task=2 stage=return_to_end: task 2 returning to the end zone; goal=(-0.62, 0.55, 1.57); nav_status=navigating; NAV_TEL phase=transfer status=navigating segment=nav_end x=-0.201 y=1.087 yaw=-2.751 dist=0.681 yaw_err=-1.962 cmd=(0.000,0.550) clear=0.300 footprint=transit_stowed path=0.673 planned_straight=0.681 detour=0.988
[INFO] [1787832942.476476550] [six_angels_material_sorting_client]: progress task=2 stage=return_to_end: task 2 returning to the end zone; goal=(-0.62, 0.55, 1.57); nav_status=navigating; NAV_TEL phase=transfer status=navigating segment=nav_end x=-0.264 y=1.024 yaw=-2.297 dist=0.593 yaw_err=-2.415 cmd=(0.180,0.100) clear=0.350 footprint=transit_stowed path=0.673 planned_straight=0.681 detour=0.988
[INFO] [1787832944.526301250] [six_angels_material_sorting_client]: progress task=2 stage=return_to_end: task 2 returning to the end zone; goal=(-0.62, 0.55, 1.57); nav_status=navigating; NAV_TEL phase=transfer status=navigating segment=nav_end x=-0.392 y=0.868 yaw=-2.250 dist=0.391 yaw_err=-2.463 cmd=(0.180,-0.015) clear=0.450 footprint=transit_stowed path=0.673 planned_straight=0.681 detour=0.988
[INFO] [1787832944.826674223] [six_angels_material_sorting_client]: CONTROL_LOOP_HEALTH samples=400/7739 interval_p95=57.12ms interval_p99=59.67ms execution_p95=3.17ms interval_misses=16 execution_misses=24
[INFO] [1787832946.527299184] [six_angels_material_sorting_client]: progress task=2 stage=return_to_end: task 2 returning to the end zone; goal=(-0.62, 0.55, 1.57); nav_status=navigating; NAV_TEL phase=transfer status=navigating segment=nav_end x=-0.511 y=0.723 yaw=-2.263 dist=0.205 yaw_err=-2.450 cmd=(0.155,-0.005) clear=0.400 footprint=transit_stowed path=0.673 planned_straight=0.681 detour=0.988
[INFO] [1787832948.576086113] [six_angels_material_sorting_client]: progress task=2 stage=return_to_end: task 2 returning to the end zone; goal=(-0.62, 0.55, 1.57); nav_status=final_positioning; NAV_TEL phase=transfer status=final_positioning segment=nav_end x=-0.582 y=0.626 yaw=-2.082 dist=0.085 yaw_err=-2.630 cmd=(0.068,0.093) clear=0.300 footprint=transit_stowed path=0.673 planned_straight=0.681 detour=0.988
[INFO] [1787832949.876603263] [six_angels_material_sorting_client]: CONTROL_LOOP_HEALTH samples=400/7840 interval_p95=55.85ms interval_p99=58.18ms execution_p95=3.27ms interval_misses=16 execution_misses=24
[INFO] [1787832950.625946014] [six_angels_material_sorting_client]: progress task=2 stage=return_to_end: task 2 returning to the end zone; goal=(-0.62, 0.55, 1.57); nav_status=final_aligning; NAV_TEL phase=transfer status=final_aligning segment=nav_end x=-0.589 y=0.614 yaw=-2.502 dist=0.071 yaw_err=-2.211 cmd=(0.000,-0.500) clear=0.300 footprint=transit_stowed path=0.673 planned_straight=0.681 detour=0.988
[INFO] [1787832952.626537906] [six_angels_material_sorting_client]: progress task=2 stage=return_to_end: task 2 returning to the end zone; goal=(-0.62, 0.55, 1.57); nav_status=final_aligning; NAV_TEL phase=transfer status=final_aligning segment=nav_end x=-0.588 y=0.614 yaw=-3.073 dist=0.071 yaw_err=-1.639 cmd=(0.000,-0.500) clear=0.400 footprint=transit_stowed path=0.673 planned_straight=0.681 detour=0.988
[INFO] [1787832954.675726238] [six_angels_material_sorting_client]: progress task=2 stage=return_to_end: task 2 returning to the end zone; goal=(-0.62, 0.55, 1.57); nav_status=final_aligning; NAV_TEL phase=transfer status=final_aligning segment=nav_end x=-0.588 y=0.614 yaw=2.639 dist=0.072 yaw_err=-1.068 cmd=(0.000,-0.500) clear=0.350 footprint=transit_stowed path=0.673 planned_straight=0.681 detour=0.988
[INFO] [1787832954.925754235] [six_angels_material_sorting_client]: CONTROL_LOOP_HEALTH samples=400/7941 interval_p95=55.08ms interval_p99=57.84ms execution_p95=3.26ms interval_misses=16 execution_misses=24
[INFO] [1787832956.676253937] [six_angels_material_sorting_client]: progress task=2 stage=return_to_end: task 2 returning to the end zone; goal=(-0.62, 0.55, 1.57); nav_status=final_aligning; NAV_TEL phase=transfer status=final_aligning segment=nav_end x=-0.587 y=0.614 yaw=2.111 dist=0.071 yaw_err=-0.541 cmd=(0.000,-0.500) clear=0.350 footprint=transit_stowed path=0.673 planned_straight=0.681 detour=0.988
[INFO] [1787832958.725620988] [six_angels_material_sorting_client]: progress task=2 stage=return_to_end: task 2 returning to the end zone; goal=(-0.62, 0.55, 1.57); nav_status=final_aligning; NAV_TEL phase=transfer status=final_aligning segment=nav_end x=-0.587 y=0.613 yaw=1.644 dist=0.071 yaw_err=-0.073 cmd=(0.000,-0.147) clear=0.400 footprint=transit_stowed path=0.673 planned_straight=0.681 detour=0.988
[INFO] [1787832958.776308524] [six_angels_material_sorting_client]: controller=waiting_for_referee task=2 attempt=1 stage=- score=100: task 2 local sequence completed; waiting for Server referee: task 2 returned to the end zone; local sequence complete
[INFO] [1787832958.824958977] [six_angels_material_sorting_client]: controller=starting_task task=3 attempt=1 stage=navigate_to_pick score=100: referee advanced to task 3; starting attempt 1
[INFO] [1787832958.874121624] [six_angels_material_sorting_client]: task detection epoch retains pink RGB-D history
[INFO] [1787832958.876074309] [six_angels_material_sorting_client]: controller=executing_stage task=3 attempt=1 stage=navigate_to_pick score=100: task 3 entering navigate_to_pick
[INFO] [1787832958.971952424] [six_angels_material_sorting_client]: controller=executing_stage task=3 attempt=1 stage=navigate_to_pick score=100: task 3 attempt 1 stage=navigate_to_pick
[INFO] [1787832959.154115564] [six_angels_material_sorting_client]: scheduler candidate action=task3:navigate_to_pick:stand:left source=heuristic reason=rl_shadow_isolated:submitted costmap_v=527
[INFO] [1787832959.973412676] [six_angels_material_sorting_client]: CONTROL_LOOP_HEALTH samples=400/8040 interval_p95=50.91ms interval_p99=57.12ms execution_p95=3.26ms interval_misses=17 execution_misses=25
[INFO] [1787832961.015013847] [six_angels_material_sorting_client]: progress task=3 stage=navigate_to_pick: task 3 navigating to top-box pink pick stand; nav_status=navigating
[INFO] [1787832963.072724417] [six_angels_material_sorting_client]: progress task=3 stage=navigate_to_pick: task 3 navigating to top-box pink pick stand; nav_status=navigating
[INFO] [1787832964.977040980] [six_angels_material_sorting_client]: CONTROL_LOOP_HEALTH samples=400/8140 interval_p95=54.91ms interval_p99=59.99ms execution_p95=3.67ms interval_misses=19 execution_misses=27
[INFO] [1787832965.026595072] [six_angels_material_sorting_client]: progress task=3 stage=navigate_to_pick: task 3 navigating to top-box pink pick stand; nav_status=navigating
[INFO] [1787832967.063283519] [six_angels_material_sorting_client]: progress task=3 stage=navigate_to_pick: task 3 navigating to top-box pink pick stand; nav_status=navigating
[INFO] [1787832969.224461098] [six_angels_material_sorting_client]: progress task=3 stage=navigate_to_pick: task 3 navigating to top-box pink pick stand; nav_status=final_aligning
[INFO] [1787832969.875850921] [six_angels_material_sorting_client]: controller=executing_stage task=3 attempt=1 stage=acquire_target score=100: task 3 entering acquire_target: task 3 reached the detected pink top-box pick stand; NAV_GOAL_REACHED segment=nav_table
[INFO] [1787832969.925230600] [six_angels_material_sorting_client]: controller=executing_stage task=3 attempt=1 stage=acquire_target score=100: task 3 attempt 1 stage=acquire_target
[INFO] [1787832970.025133233] [six_angels_material_sorting_client]: CONTROL_LOOP_HEALTH samples=400/8238 interval_p95=55.36ms interval_p99=70.89ms execution_p95=9.95ms interval_misses=20 execution_misses=28
[INFO] [1787832970.275111013] [six_angels_material_sorting_client]: controller=executing_stage task=3 attempt=1 stage=align_for_pick score=100: task 3 entering align_for_pick: task 3 reused the stable top-box center collected during navigation: center=(-0.528, 2.256, 1.006), orientation=yaw90
[INFO] [1787832970.325596649] [six_angels_material_sorting_client]: controller=executing_stage task=3 attempt=1 stage=align_for_pick score=100: task 3 attempt 1 stage=align_for_pick
[INFO] [1787832972.325458098] [six_angels_material_sorting_client]: progress task=3 stage=align_for_pick: task 1 moving both open arms to pregrasp; target_base=(0.716, 0.02, 1.006); arm_tol=0.030, slide_err=0.005, left_err=0.002, right_err=0.002, cmd_err=0.000, max_vel=0.004
[INFO] [1787832972.776188959] [six_angels_material_sorting_client]: controller=executing_stage task=3 attempt=1 stage=grasp score=100: task 3 entering grasp: task 1 both open arms reached the non-contact pregrasp pose
[INFO] [1787832972.825337985] [six_angels_material_sorting_client]: controller=executing_stage task=3 attempt=1 stage=grasp score=100: task 3 attempt 1 stage=grasp
[INFO] [1787832974.875716700] [six_angels_material_sorting_client]: progress task=3 stage=grasp: task 1 settling at the compliant contact start pose; compliance=active; left[contact=False, aligned=False, angle=0.2deg, effort_delta=1.66, effort_threshold=0.35, firm=True, firm_latched=False, velocity=0.000]; right[contact=False, aligned=False, angle=0.1deg, effort_delta=1.61, effort_threshold=0.35, firm=True, firm_latched=False, velocity=0.000]; target_base=(0.716, 0.02, 1.006); arm_tol=0.240, slide_err=0.007, left_err=0.014, right_err=0.014, cmd_err=0.000, max_vel=0.001; compliance=active; left[contact=False, aligned=False, angle=0.2deg, effort_delta=1.66, effort_threshold=0.35, firm=True, firm_latched=False, velocity=0.000]; right[contact=False, aligned=False, angle=0.1deg, effort_delta=1.61, effort_threshold=0.35, firm=True, firm_latched=False, velocity=0.000]
[INFO] [1787832975.028238607] [six_angels_material_sorting_client]: CONTROL_LOOP_HEALTH samples=400/8338 interval_p95=55.36ms interval_p99=70.89ms execution_p95=9.95ms interval_misses=20 execution_misses=28
[INFO] [1787832976.927660031] [six_angels_material_sorting_client]: progress task=3 stage=grasp: task 1 continuously applying locked-wrist preload; offset=1.7/2.7 mm; compliance=active; left[contact=True, aligned=True, angle=1.9deg, effort_delta=0.19, effort_threshold=0.35, firm=False, firm_latched=False, velocity=0.000]; right[contact=True, aligned=True, angle=2.2deg, effort_delta=0.20, effort_threshold=0.35, firm=False, firm_latched=False, velocity=0.001]
[INFO] [1787832978.575990267] [six_angels_material_sorting_client]: controller=executing_stage task=3 attempt=1 stage=lift score=100: task 3 entering lift: task 1 bilateral compliant grasp settled with locked wrists and 2.7 mm bounded preload; compliance=active; left[contact=True, aligned=True, angle=1.9deg, effort_delta=0.16, effort_threshold=0.35, firm=False, firm_latched=False, velocity=0.001]; right[contact=True, aligned=True, angle=2.2deg, effort_delta=0.19, effort_threshold=0.35, firm=False, firm_latched=False, velocity=0.001]
[INFO] [1787832978.625284214] [six_angels_material_sorting_client]: controller=executing_stage task=3 attempt=1 stage=lift score=100: task 3 attempt 1 stage=lift
[INFO] [1787832980.075206167] [six_angels_material_sorting_client]: CONTROL_LOOP_HEALTH samples=400/8439 interval_p95=55.23ms interval_p99=61.29ms execution_p95=8.32ms interval_misses=20 execution_misses=28
[INFO] [1787832980.675101186] [six_angels_material_sorting_client]: progress task=3 stage=lift: task 3 raising the spine while preserving arm preload; bounded_contact=False; lift=0.150m, slide_target=0.146, slide_err=0.057, left_err=0.015, right_err=0.015, cmd_err=0.027, max_vel=0.088
[INFO] [1787832982.625676001] [six_angels_material_sorting_client]: controller=executing_stage task=3 attempt=1 stage=transport score=100: task 3 entering transport: task 3 accepted the completed 0.15 m lift with bounded held-box contact motion; lift=0.150m, slide_target=0.146, slide_err=0.010, left_err=0.015, right_err=0.015, cmd_err=0.000, max_vel=0.007
[INFO] [1787832982.745614329] [six_angels_material_sorting_client]: controller=executing_stage task=3 attempt=1 stage=transport score=100: task 3 attempt 1 stage=transport
[INFO] [1787832982.750219751] [six_angels_material_sorting_client]: scheduler candidate action=task3:transport:stand:right source=heuristic reason=rl_shadow_isolated:inference_result_stale costmap_v=550
[INFO] [1787832984.746954543] [six_angels_material_sorting_client]: progress task=3 stage=transport: task 3 holding the top-box and retreating from table; retreating straight; remaining=0.242 m
[INFO] [1787832985.075254548] [six_angels_material_sorting_client]: CONTROL_LOOP_HEALTH samples=400/8539 interval_p95=55.01ms interval_p99=59.26ms execution_p95=4.84ms interval_misses=20 execution_misses=29
[INFO] [1787832986.774867561] [six_angels_material_sorting_client]: progress task=3 stage=transport: task 3 holding the top-box and retreating from table; retreating straight; remaining=0.114 m
[INFO] [1787832988.881291940] [six_angels_material_sorting_client]: progress task=3 stage=transport: task 3 holding the top-box and retreating from table; retreating straight; remaining=0.049 m
[INFO] [1787832990.075321650] [six_angels_material_sorting_client]: CONTROL_LOOP_HEALTH samples=400/8639 interval_p95=53.90ms interval_p99=59.00ms execution_p95=4.07ms interval_misses=20 execution_misses=30
[INFO] [1787832990.874913006] [six_angels_material_sorting_client]: progress task=3 stage=transport: task 3 turning counter-clockwise toward the shelf before translation; yaw_error=1.538
[INFO] [1787832992.970360553] [six_angels_material_sorting_client]: progress task=3 stage=transport: task 3 turning counter-clockwise toward the shelf before translation; yaw_error=1.132
[INFO] [1787832994.974966869] [six_angels_material_sorting_client]: progress task=3 stage=transport: task 3 turning counter-clockwise toward the shelf before translation; yaw_error=0.710
[INFO] [1787832995.125144167] [six_angels_material_sorting_client]: CONTROL_LOOP_HEALTH samples=400/8740 interval_p95=54.76ms interval_p99=59.00ms execution_p95=3.98ms interval_misses=20 execution_misses=30
[INFO] [1787832996.975081864] [six_angels_material_sorting_client]: progress task=3 stage=transport: task 3 turning counter-clockwise toward the shelf before translation; yaw_error=0.299
[INFO] [1787832999.028596347] [six_angels_material_sorting_client]: progress task=3 stage=transport: task 1 advancing shelfward with the safe west-facing heading; advancing straight; remaining=0.451 m
[INFO] [1787833000.126764599] [six_angels_material_sorting_client]: CONTROL_LOOP_HEALTH samples=400/8840 interval_p95=54.97ms interval_p99=59.14ms execution_p95=1.57ms interval_misses=20 execution_misses=30
[INFO] [1787833001.026530818] [six_angels_material_sorting_client]: progress task=3 stage=transport: task 1 advancing shelfward with the safe west-facing heading; advancing straight; remaining=0.353 m
[INFO] [1787833003.026272098] [six_angels_material_sorting_client]: progress task=3 stage=transport: task 1 advancing shelfward with the safe west-facing heading; advancing straight; remaining=0.245 m
[INFO] [1787833005.074916620] [six_angels_material_sorting_client]: progress task=3 stage=transport: task 1 advancing shelfward with the safe west-facing heading; advancing straight; remaining=0.133 m
[INFO] [1787833005.175187099] [six_angels_material_sorting_client]: CONTROL_LOOP_HEALTH samples=400/8941 interval_p95=51.48ms interval_p99=58.84ms execution_p95=1.63ms interval_misses=20 execution_misses=30
[INFO] [1787833007.125010220] [six_angels_material_sorting_client]: progress task=3 stage=transport: task 1 advancing shelfward with the safe west-facing heading; advancing straight; remaining=0.068 m
[INFO] [1787833009.128526033] [six_angels_material_sorting_client]: progress task=3 stage=transport: task 1 advancing shelfward with the safe west-facing heading; advancing straight; remaining=0.029 m
[INFO] [1787833010.226475497] [six_angels_material_sorting_client]: CONTROL_LOOP_HEALTH samples=400/9042 interval_p95=50.69ms interval_p99=55.67ms execution_p95=1.67ms interval_misses=20 execution_misses=30
[INFO] [1787833011.175168150] [six_angels_material_sorting_client]: progress task=3 stage=transport: task 3 moving laterally at the safe shelf-front clearance; lateral alignment rotating toward shelf-front direction; yaw_err=1.383
[INFO] [1787833013.175462540] [six_angels_material_sorting_client]: progress task=3 stage=transport: task 3 moving laterally at the safe shelf-front clearance; lateral alignment rotating toward shelf-front direction; yaw_err=0.972
[INFO] [1787833015.224750041] [six_angels_material_sorting_client]: progress task=3 stage=transport: task 3 moving laterally at the safe shelf-front clearance; lateral alignment rotating toward shelf-front direction; yaw_err=0.547
[INFO] [1787833015.225735831] [six_angels_material_sorting_client]: CONTROL_LOOP_HEALTH samples=400/9142 interval_p95=50.69ms interval_p99=55.67ms execution_p95=1.73ms interval_misses=20 execution_misses=30
[INFO] [1787833017.275166777] [six_angels_material_sorting_client]: progress task=3 stage=transport: task 3 moving laterally at the safe shelf-front clearance; lateral alignment rotating toward shelf-front direction; yaw_err=0.119
[INFO] [1787833019.361745148] [six_angels_material_sorting_client]: progress task=3 stage=transport: task 3 moving laterally at the safe shelf-front clearance; lateral alignment driving along shelf front; y_err=-0.340, x_err=-0.010
[INFO] [1787833020.276364052] [six_angels_material_sorting_client]: CONTROL_LOOP_HEALTH samples=400/9243 interval_p95=50.35ms interval_p99=51.57ms execution_p95=1.66ms interval_misses=20 execution_misses=30
[INFO] [1787833021.325264732] [six_angels_material_sorting_client]: progress task=3 stage=transport: task 3 moving laterally at the safe shelf-front clearance; lateral alignment driving along shelf front; y_err=-0.233, x_err=-0.008
[INFO] [1787833023.325435235] [six_angels_material_sorting_client]: progress task=3 stage=transport: task 3 moving laterally at the safe shelf-front clearance; lateral alignment driving along shelf front; y_err=-0.131, x_err=-0.007
[INFO] [1787833025.325207966] [six_angels_material_sorting_client]: CONTROL_LOOP_HEALTH samples=400/9344 interval_p95=50.23ms interval_p99=51.02ms execution_p95=1.64ms interval_misses=20 execution_misses=30
[INFO] [1787833025.374812991] [six_angels_material_sorting_client]: progress task=3 stage=transport: task 3 moving laterally at the safe shelf-front clearance; lateral alignment driving along shelf front; y_err=-0.064, x_err=-0.007
[INFO] [1787833027.375674760] [six_angels_material_sorting_client]: progress task=3 stage=transport: task 3 moving laterally at the safe shelf-front clearance; lateral alignment driving along shelf front; y_err=-0.024, x_err=-0.007
[INFO] [1787833029.374835345] [six_angels_material_sorting_client]: progress task=3 stage=transport: task 3 moving laterally at the safe shelf-front clearance; lateral alignment restoring shelf-facing yaw; yaw_err=-1.281
[INFO] [1787833030.391115179] [six_angels_material_sorting_client]: CONTROL_LOOP_HEALTH samples=400/9445 interval_p95=50.21ms interval_p99=50.48ms execution_p95=1.59ms interval_misses=20 execution_misses=30
[INFO] [1787833031.424673771] [six_angels_material_sorting_client]: progress task=3 stage=transport: task 3 moving laterally at the safe shelf-front clearance; lateral alignment restoring shelf-facing yaw; yaw_err=-0.866
[INFO] [1787833033.425054352] [six_angels_material_sorting_client]: progress task=3 stage=transport: task 3 moving laterally at the safe shelf-front clearance; lateral alignment restoring shelf-facing yaw; yaw_err=-0.445
[INFO] [1787833035.376590002] [six_angels_material_sorting_client]: CONTROL_LOOP_HEALTH samples=400/9545 interval_p95=50.21ms interval_p99=50.48ms execution_p95=1.57ms interval_misses=20 execution_misses=30
[INFO] [1787833035.474846710] [six_angels_material_sorting_client]: progress task=3 stage=transport: task 3 moving laterally at the safe shelf-front clearance; lateral alignment restoring shelf-facing yaw; yaw_err=-0.080
[INFO] [1787833035.775646983] [six_angels_material_sorting_client]: controller=executing_stage task=3 attempt=1 stage=align_for_place score=140: task 3 entering align_for_place: task 1 reached the safe shelf pre-place stand with the carried center still 0.75 m in front of the shelf
[INFO] [1787833035.825172245] [six_angels_material_sorting_client]: controller=executing_stage task=3 attempt=1 stage=align_for_place score=140: task 3 attempt 1 stage=align_for_place
[INFO] [1787833037.875310918] [six_angels_material_sorting_client]: progress task=3 stage=align_for_place: task 1 moving held top-box to task-3 shelf clearance height; slide_target=0.355, slide_err=0.104, left_err=0.015, right_err=0.015, cmd_err=0.086, slide_vel=0.041, max_vel=0.041
[INFO] [1787833039.876272519] [six_angels_material_sorting_client]: progress task=3 stage=align_for_place: task 1 moving held top-box to task-3 shelf clearance height; slide_target=0.355, slide_err=0.003, left_err=0.015, right_err=0.015, cmd_err=0.000, slide_vel=0.020, max_vel=0.020
[INFO] [1787833040.375273861] [six_angels_material_sorting_client]: CONTROL_LOOP_HEALTH samples=400/9645 interval_p95=50.20ms interval_p99=50.48ms execution_p95=1.65ms interval_misses=20 execution_misses=30
[INFO] [1787833041.924952220] [six_angels_material_sorting_client]: progress task=3 stage=align_for_place: task 3 aligning outside shelf for packaging-box left placement; lateral alignment rotating toward shelf-front direction; yaw_err=1.360
[INFO] [1787833043.924996312] [six_angels_material_sorting_client]: progress task=3 stage=align_for_place: task 3 aligning outside shelf for packaging-box left placement; lateral alignment rotating toward shelf-front direction; yaw_err=0.936
[INFO] [1787833045.424890351] [six_angels_material_sorting_client]: CONTROL_LOOP_HEALTH samples=400/9746 interval_p95=50.17ms interval_p99=50.48ms execution_p95=1.69ms interval_misses=20 execution_misses=30
[INFO] [1787833045.974711094] [six_angels_material_sorting_client]: progress task=3 stage=align_for_place: task 3 aligning outside shelf for packaging-box left placement; lateral alignment rotating toward shelf-front direction; yaw_err=0.497
[INFO] [1787833048.024999888] [six_angels_material_sorting_client]: progress task=3 stage=align_for_place: task 3 aligning outside shelf for packaging-box left placement; lateral alignment rotating toward shelf-front direction; yaw_err=0.090
[INFO] [1787833050.075309498] [six_angels_material_sorting_client]: progress task=3 stage=align_for_place: task 3 aligning outside shelf for packaging-box left placement; lateral alignment driving along shelf front; y_err=-0.172, x_err=-0.005
[INFO] [1787833050.424961162] [six_angels_material_sorting_client]: CONTROL_LOOP_HEALTH samples=400/9846 interval_p95=50.18ms interval_p99=50.44ms execution_p95=1.69ms interval_misses=20 execution_misses=30
[INFO] [1787833052.124965354] [six_angels_material_sorting_client]: progress task=3 stage=align_for_place: task 3 aligning outside shelf for packaging-box left placement; lateral alignment driving along shelf front; y_err=-0.085, x_err=-0.004
[INFO] [1787833054.174661082] [six_angels_material_sorting_client]: progress task=3 stage=align_for_place: task 3 aligning outside shelf for packaging-box left placement; lateral alignment driving along shelf front; y_err=-0.040, x_err=-0.004
[INFO] [1787833055.475140319] [six_angels_material_sorting_client]: CONTROL_LOOP_HEALTH samples=400/9947 interval_p95=50.18ms interval_p99=50.50ms execution_p95=1.69ms interval_misses=20 execution_misses=30
[INFO] [1787833056.224931779] [six_angels_material_sorting_client]: progress task=3 stage=align_for_place: task 3 aligning outside shelf for packaging-box left placement; lateral alignment restoring shelf-facing yaw; yaw_err=-1.470
[INFO] [1787833058.224807138] [six_angels_material_sorting_client]: progress task=3 stage=align_for_place: task 3 aligning outside shelf for packaging-box left placement; lateral alignment restoring shelf-facing yaw; yaw_err=-1.060
[INFO] [1787833060.274916570] [six_angels_material_sorting_client]: progress task=3 stage=align_for_place: task 3 aligning outside shelf for packaging-box left placement; lateral alignment restoring shelf-facing yaw; yaw_err=-0.624
[INFO] [1787833060.525107637] [six_angels_material_sorting_client]: CONTROL_LOOP_HEALTH samples=400/10048 interval_p95=50.18ms interval_p99=50.46ms execution_p95=1.62ms interval_misses=20 execution_misses=30
[INFO] [1787833062.275206988] [six_angels_material_sorting_client]: progress task=3 stage=align_for_place: task 3 aligning outside shelf for packaging-box left placement; lateral alignment restoring shelf-facing yaw; yaw_err=-0.210
[INFO] [1787833064.326325841] [six_angels_material_sorting_client]: progress task=3 stage=align_for_place: task 1 advancing to the shallow task-3 insertion stand; advancing straight; remaining=0.613 m
[INFO] [1787833065.525260676] [six_angels_material_sorting_client]: CONTROL_LOOP_HEALTH samples=400/10148 interval_p95=50.19ms interval_p99=50.56ms execution_p95=1.62ms interval_misses=20 execution_misses=30
[INFO] [1787833066.375169667] [six_angels_material_sorting_client]: progress task=3 stage=align_for_place: task 1 advancing to the shallow task-3 insertion stand; advancing straight; remaining=0.498 m
[INFO] [1787833068.374879904] [six_angels_material_sorting_client]: progress task=3 stage=align_for_place: task 1 advancing to the shallow task-3 insertion stand; advancing straight; remaining=0.389 m
[INFO] [1787833070.375138046] [six_angels_material_sorting_client]: progress task=3 stage=align_for_place: task 1 advancing to the shallow task-3 insertion stand; advancing straight; remaining=0.278 m
[INFO] [1787833070.525595460] [six_angels_material_sorting_client]: CONTROL_LOOP_HEALTH samples=400/10248 interval_p95=50.20ms interval_p99=50.83ms execution_p95=1.62ms interval_misses=20 execution_misses=30
[INFO] [1787833072.374997227] [six_angels_material_sorting_client]: progress task=3 stage=align_for_place: task 1 advancing to the shallow task-3 insertion stand; advancing straight; remaining=0.174 m
[INFO] [1787833074.375107580] [six_angels_material_sorting_client]: progress task=3 stage=align_for_place: task 1 advancing to the shallow task-3 insertion stand; advancing straight; remaining=0.091 m
[INFO] [1787833075.575143634] [six_angels_material_sorting_client]: CONTROL_LOOP_HEALTH samples=400/10349 interval_p95=50.20ms interval_p99=50.83ms execution_p95=1.62ms interval_misses=20 execution_misses=30
[INFO] [1787833076.424961640] [six_angels_material_sorting_client]: progress task=3 stage=align_for_place: task 1 advancing to the shallow task-3 insertion stand; advancing straight; remaining=0.070 m
[INFO] [1787833078.425354864] [six_angels_material_sorting_client]: progress task=3 stage=align_for_place: task 1 advancing to the shallow task-3 insertion stand; advancing straight; remaining=0.067 m
[INFO] [1787833080.425415544] [six_angels_material_sorting_client]: progress task=3 stage=align_for_place: task 1 advancing to the shallow task-3 insertion stand; advancing straight; remaining=0.063 m
[INFO] [1787833080.575188023] [six_angels_material_sorting_client]: CONTROL_LOOP_HEALTH samples=400/10449 interval_p95=50.20ms interval_p99=50.91ms execution_p95=1.58ms interval_misses=20 execution_misses=30
[INFO] [1787833082.474745624] [six_angels_material_sorting_client]: progress task=3 stage=align_for_place: task 1 advancing to the shallow task-3 insertion stand; advancing straight; remaining=0.060 m
[INFO] [1787833084.525279956] [six_angels_material_sorting_client]: progress task=3 stage=align_for_place: task 1 advancing to the shallow task-3 insertion stand; advancing straight; remaining=0.057 m
[INFO] [1787833085.576806527] [six_angels_material_sorting_client]: CONTROL_LOOP_HEALTH samples=400/10549 interval_p95=50.19ms interval_p99=50.90ms execution_p95=1.55ms interval_misses=20 execution_misses=30
[INFO] [1787833086.574894985] [six_angels_material_sorting_client]: progress task=3 stage=align_for_place: task 1 advancing to the shallow task-3 insertion stand; advancing straight; remaining=0.053 m
[INFO] [1787833088.574889687] [six_angels_material_sorting_client]: progress task=3 stage=align_for_place: task 1 advancing to the shallow task-3 insertion stand; advancing straight; remaining=0.049 m
[INFO] [1787833090.575446329] [six_angels_material_sorting_client]: progress task=3 stage=align_for_place: task 1 advancing to the shallow task-3 insertion stand; advancing straight; remaining=0.045 m
[INFO] [1787833090.576434602] [six_angels_material_sorting_client]: CONTROL_LOOP_HEALTH samples=400/10649 interval_p95=50.18ms interval_p99=50.68ms execution_p95=1.51ms interval_misses=20 execution_misses=30
[INFO] [1787833092.625318817] [six_angels_material_sorting_client]: progress task=3 stage=align_for_place: task 1 advancing to the shallow task-3 insertion stand; advancing straight; remaining=0.041 m
[INFO] [1787833094.625131935] [six_angels_material_sorting_client]: progress task=3 stage=align_for_place: task 1 advancing to the shallow task-3 insertion stand; advancing straight; remaining=0.038 m
[INFO] [1787833095.626111024] [six_angels_material_sorting_client]: CONTROL_LOOP_HEALTH samples=400/10750 interval_p95=50.17ms interval_p99=50.68ms execution_p95=1.56ms interval_misses=20 execution_misses=30
[INFO] [1787833096.625983606] [six_angels_material_sorting_client]: progress task=3 stage=align_for_place: task 1 advancing to the shallow task-3 insertion stand; advancing straight; remaining=0.035 m
[INFO] [1787833098.626337251] [six_angels_material_sorting_client]: progress task=3 stage=align_for_place: task 1 advancing to the shallow task-3 insertion stand; advancing straight; remaining=0.033 m
[INFO] [1787833100.675120561] [six_angels_material_sorting_client]: progress task=3 stage=align_for_place: task 1 advancing to the shallow task-3 insertion stand; advancing straight; remaining=0.030 m
[INFO] [1787833100.676086905] [six_angels_material_sorting_client]: CONTROL_LOOP_HEALTH samples=400/10851 interval_p95=50.18ms interval_p99=50.61ms execution_p95=1.89ms interval_misses=20 execution_misses=30
[INFO] [1787833102.724835463] [six_angels_material_sorting_client]: progress task=3 stage=align_for_place: task 1 advancing to the shallow task-3 insertion stand; advancing straight; remaining=0.028 m
[INFO] [1787833104.725042836] [six_angels_material_sorting_client]: progress task=3 stage=align_for_place: task 1 advancing to the shallow task-3 insertion stand; advancing straight; remaining=0.026 m
[INFO] [1787833105.725240973] [six_angels_material_sorting_client]: CONTROL_LOOP_HEALTH samples=400/10952 interval_p95=50.16ms interval_p99=50.39ms execution_p95=1.89ms interval_misses=20 execution_misses=30
[INFO] [1787833106.725052732] [six_angels_material_sorting_client]: progress task=3 stage=align_for_place: task 1 advancing to the shallow task-3 insertion stand; advancing straight; remaining=0.023 m
[INFO] [1787833108.774932279] [six_angels_material_sorting_client]: progress task=3 stage=align_for_place: task 1 advancing to the shallow task-3 insertion stand; advancing straight; remaining=0.021 m
[INFO] [1787833110.775913426] [six_angels_material_sorting_client]: progress task=3 stage=align_for_place: task 1 advancing to the shallow task-3 insertion stand; advancing straight; remaining=0.019 m
[INFO] [1787833110.776949299] [six_angels_material_sorting_client]: CONTROL_LOOP_HEALTH samples=400/11053 interval_p95=50.19ms interval_p99=50.39ms execution_p95=1.92ms interval_misses=20 execution_misses=30
[INFO] [1787833112.825000228] [six_angels_material_sorting_client]: progress task=3 stage=align_for_place: task 1 advancing to the shallow task-3 insertion stand; advancing straight; remaining=0.016 m
[INFO] [1787833114.874967659] [six_angels_material_sorting_client]: progress task=3 stage=align_for_place: task 3 advancing the base an additional 0.15 m before release; advancing straight; remaining=0.141 m
[INFO] [1787833115.824936987] [six_angels_material_sorting_client]: CONTROL_LOOP_HEALTH samples=400/11154 interval_p95=50.20ms interval_p99=50.71ms execution_p95=1.92ms interval_misses=20 execution_misses=30
[INFO] [1787833116.875915740] [six_angels_material_sorting_client]: progress task=3 stage=align_for_place: task 3 advancing the base an additional 0.15 m before release; advancing straight; remaining=0.113 m
[INFO] [1787833118.924970396] [six_angels_material_sorting_client]: progress task=3 stage=align_for_place: task 3 advancing the base an additional 0.15 m before release; advancing straight; remaining=0.057 m
[INFO] [1787833120.825322982] [six_angels_material_sorting_client]: CONTROL_LOOP_HEALTH samples=400/11254 interval_p95=50.18ms interval_p99=50.32ms execution_p95=1.71ms interval_misses=20 execution_misses=30
[INFO] [1787833120.924945672] [six_angels_material_sorting_client]: progress task=3 stage=align_for_place: task 3 advancing the base an additional 0.15 m before release; advancing straight; remaining=0.020 m
[INFO] [1787833121.525442928] [six_angels_material_sorting_client]: controller=executing_stage task=3 attempt=1 stage=place score=140: task 3 entering place: task 3 reached the direct base-release position without arm insertion; extra advance=0.15 m
[INFO] [1787833121.575280989] [six_angels_material_sorting_client]: controller=executing_stage task=3 attempt=1 stage=place score=140: task 3 attempt 1 stage=place
[INFO] [1787833123.625175475] [six_angels_material_sorting_client]: progress task=3 stage=place: task 1 lowering task-3 box compliantly onto the shelf board; slide_target=0.463, slide_err=0.027, left_err=0.021, right_err=0.019, cmd_err=0.009, slide_vel=0.105, max_vel=0.229; compliant_place_phase=fast_approach, remaining_mm=21.0, step_mm=2.0, completion=None; placement_effort=active, slide_ratio=0.00, left_wrist_ratio=0.00, right_wrist_ratio=0.00, left_arm_max=0.00, right_arm_max=0.00, candidate=False, confirmed=False
[INFO] [1787833125.625641779] [six_angels_material_sorting_client]: progress task=3 stage=place: task 1 lowering task-3 box compliantly onto the shelf board; slide_target=0.465, slide_err=0.002, left_err=0.020, right_err=0.020, cmd_err=0.000, slide_vel=0.007, max_vel=0.025; compliant_place_phase=fine_descent, remaining_mm=10.0, step_mm=2.0, completion=None; placement_effort=active, slide_ratio=0.00, left_wrist_ratio=0.00, right_wrist_ratio=0.00, left_arm_max=0.00, right_arm_max=0.00, candidate=False, confirmed=False
[INFO] [1787833125.826034742] [six_angels_material_sorting_client]: CONTROL_LOOP_HEALTH samples=400/11354 interval_p95=50.20ms interval_p99=50.56ms execution_p95=1.86ms interval_misses=20 execution_misses=30
[INFO] [1787833127.675310805] [six_angels_material_sorting_client]: progress task=3 stage=place: task 3 spreading both arms locally to release; target_base=(0.716, 0.019, 0.835); arm_tol=0.030, slide_err=0.006, left_err=0.032, right_err=0.032, cmd_err=0.027, max_vel=0.429
[INFO] [1787833129.576500079] [six_angels_material_sorting_client]: controller=executing_stage task=3 attempt=1 stage=verify_place score=140: task 3 entering verify_place: task 3 released the box from the achieved insertion pose without world-frame IK recomputation
[INFO] [1787833129.625139147] [six_angels_material_sorting_client]: controller=executing_stage task=3 attempt=1 stage=verify_place score=140: task 3 attempt 1 stage=verify_place
[INFO] [1787833130.625554355] [six_angels_material_sorting_client]: controller=executing_stage task=3 attempt=1 stage=return_to_end score=140: task 3 entering return_to_end: task 1 shelf placement settled; handing result to referee
[INFO] [1787833130.760677588] [six_angels_material_sorting_client]: controller=executing_stage task=3 attempt=1 stage=return_to_end score=140: task 3 attempt 1 stage=return_to_end
[INFO] [1787833130.765734950] [six_angels_material_sorting_client]: scheduler candidate action=task3:return_to_end:stand:left source=heuristic reason=rl_shadow_isolated:inference_result_stale costmap_v=623
[INFO] [1787833130.875235471] [six_angels_material_sorting_client]: CONTROL_LOOP_HEALTH samples=400/11455 interval_p95=50.20ms interval_p99=50.78ms execution_p95=2.02ms interval_misses=21 execution_misses=31
[INFO] [1787833132.710199367] [six_angels_material_sorting_client]: progress task=3 stage=return_to_end: task 3 retreating the base 0.40 m after release; retreating straight; remaining=0.294 m
[INFO] [1787833134.725248450] [six_angels_material_sorting_client]: progress task=3 stage=return_to_end: task 3 retreating the base 0.40 m after release; retreating straight; remaining=0.160 m
[INFO] [1787833135.875757675] [six_angels_material_sorting_client]: CONTROL_LOOP_HEALTH samples=400/11555 interval_p95=50.91ms interval_p99=60.13ms execution_p95=2.02ms interval_misses=21 execution_misses=31
[INFO] [1787833136.792938655] [six_angels_material_sorting_client]: progress task=3 stage=return_to_end: task 3 retreating the base 0.40 m after release; retreating straight; remaining=0.070 m
[INFO] [1787833138.792997747] [six_angels_material_sorting_client]: progress task=3 stage=return_to_end: task 3 retreating the base 0.40 m after release; retreating straight; remaining=0.024 m
[INFO] [1787833140.825510357] [six_angels_material_sorting_client]: progress task=3 stage=return_to_end: task 3 compacting open arms to half-width 0.065 m; target_base=(0.716, 0.019, 0.835); arm_tol=0.030, slide_err=0.007, left_err=0.005, right_err=0.006, cmd_err=0.000, max_vel=0.003
[INFO] [1787833140.875472903] [six_angels_material_sorting_client]: CONTROL_LOOP_HEALTH samples=400/11655 interval_p95=55.17ms interval_p99=60.50ms execution_p95=2.25ms interval_misses=21 execution_misses=31
[INFO] [1787833142.874973768] [six_angels_material_sorting_client]: progress task=3 stage=return_to_end: task 3 pushing the released box farther into the shelf by 0.38 m; advancing straight; remaining=0.292 m
[INFO] [1787833144.875773366] [six_angels_material_sorting_client]: progress task=3 stage=return_to_end: task 3 pushing the released box farther into the shelf by 0.38 m; advancing straight; remaining=0.176 m
[INFO] [1787833145.991227321] [six_angels_material_sorting_client]: CONTROL_LOOP_HEALTH samples=400/11756 interval_p95=56.50ms interval_p99=61.38ms execution_p95=2.04ms interval_misses=21 execution_misses=31
[INFO] [1787833146.925025123] [six_angels_material_sorting_client]: progress task=3 stage=return_to_end: task 3 pushing the released box farther into the shelf by 0.38 m; advancing straight; remaining=0.093 m
[INFO] [1787833148.967351803] [six_angels_material_sorting_client]: progress task=3 stage=return_to_end: task 3 pushing the released box farther into the shelf by 0.38 m; advancing straight; remaining=0.053 m
[INFO] [1787833150.974680090] [six_angels_material_sorting_client]: progress task=3 stage=return_to_end: task 3 pushing the released box farther into the shelf by 0.38 m; advancing straight; remaining=0.017 m
[INFO] [1787833150.975669786] [six_angels_material_sorting_client]: CONTROL_LOOP_HEALTH samples=400/11857 interval_p95=58.21ms interval_p99=61.40ms execution_p95=1.82ms interval_misses=22 execution_misses=31
[INFO] [1787833152.975004853] [six_angels_material_sorting_client]: progress task=3 stage=return_to_end: task 3 retreating after the post-release push; retreating straight; remaining=0.334 m
[INFO] [1787833154.976671625] [six_angels_material_sorting_client]: progress task=3 stage=return_to_end: task 3 retreating after the post-release push; retreating straight; remaining=0.199 m
[INFO] [1787833156.025183590] [six_angels_material_sorting_client]: CONTROL_LOOP_HEALTH samples=400/11958 interval_p95=58.83ms interval_p99=60.87ms execution_p95=1.80ms interval_misses=22 execution_misses=31
[INFO] [1787833156.992163414] [six_angels_material_sorting_client]: progress task=3 stage=return_to_end: task 3 retreating after the post-release push; retreating straight; remaining=0.091 m
[INFO] [1787833159.031097430] [six_angels_material_sorting_client]: progress task=3 stage=return_to_end: task 3 retreating after the post-release push; retreating straight; remaining=0.038 m
[INFO] [1787833161.025506815] [six_angels_material_sorting_client]: CONTROL_LOOP_HEALTH samples=400/12058 interval_p95=58.89ms interval_p99=60.66ms execution_p95=1.59ms interval_misses=22 execution_misses=31
[INFO] [1787833161.075129610] [six_angels_material_sorting_client]: progress task=3 stage=return_to_end: task 3 retracting both arms after the post-release push; transport retract; slide_err=0.007, left_err=0.633, right_err=0.624, cmd_err=0.574, max_vel=4.706
[INFO] [1787833163.075054275] [six_angels_material_sorting_client]: progress task=3 stage=return_to_end: task 3 raising the retracted arms to maximum transport height; slide_target=-0.040, slide_err=0.133, left_err=0.004, right_err=0.004, cmd_err=0.104, slide_vel=0.193, max_vel=0.193
[INFO] [1787833165.125060991] [six_angels_material_sorting_client]: progress task=3 stage=return_to_end: task 3 raising the retracted arms to maximum transport height; slide_target=-0.040, slide_err=0.021, left_err=0.003, right_err=0.003, cmd_err=0.000, slide_vel=0.031, max_vel=0.031
[INFO] [1787833166.077039313] [six_angels_material_sorting_client]: CONTROL_LOOP_HEALTH samples=400/12158 interval_p95=58.27ms interval_p99=60.58ms execution_p95=1.68ms interval_misses=22 execution_misses=31
[INFO] [1787833167.181548419] [six_angels_material_sorting_client]: progress task=3 stage=return_to_end: task 1 returning to the end zone; goal=(-0.78, 0.55, 1.57); nav_status=navigating; NAV_TEL phase=transfer status=navigating segment=nav_end x=-1.279 y=0.564 yaw=3.038 dist=0.499 yaw_err=-1.467 cmd=(0.000,-0.550) clear=0.350 footprint=transit_stowed path=0.500 planned_straight=0.499 detour=1.002
[INFO] [1787833169.226026009] [six_angels_material_sorting_client]: progress task=3 stage=return_to_end: task 1 returning to the end zone; goal=(-0.78, 0.55, 1.57); nav_status=navigating; NAV_TEL phase=transfer status=navigating segment=nav_end x=-1.278 y=0.564 yaw=2.433 dist=0.498 yaw_err=-0.863 cmd=(0.000,-0.550) clear=0.300 footprint=transit_stowed path=0.500 planned_straight=0.499 detour=1.002
[INFO] [1787833171.032132946] [six_angels_material_sorting_client]: CONTROL_LOOP_HEALTH samples=400/12258 interval_p95=56.73ms interval_p99=60.33ms execution_p95=2.38ms interval_misses=22 execution_misses=31
[INFO] [1787833171.323730570] [six_angels_material_sorting_client]: progress task=3 stage=return_to_end: task 1 returning to the end zone; goal=(-0.78, 0.55, 1.57); nav_status=navigating; NAV_TEL phase=transfer status=navigating segment=nav_end x=-1.278 y=0.563 yaw=1.831 dist=0.498 yaw_err=-0.260 cmd=(0.000,-0.550) clear=0.300 footprint=transit_stowed path=0.500 planned_straight=0.499 detour=1.002
[INFO] [1787833173.284457932] [six_angels_material_sorting_client]: progress task=3 stage=return_to_end: task 1 returning to the end zone; goal=(-0.78, 0.55, 1.57); nav_status=navigating; NAV_TEL phase=transfer status=navigating segment=nav_end x=-1.278 y=0.562 yaw=1.223 dist=0.498 yaw_err=0.347 cmd=(0.000,-0.550) clear=0.300 footprint=transit_stowed path=0.500 planned_straight=0.499 detour=1.002
[INFO] [1787833175.326009169] [six_angels_material_sorting_client]: progress task=3 stage=return_to_end: task 1 returning to the end zone; goal=(-0.78, 0.55, 1.57); nav_status=navigating; NAV_TEL phase=transfer status=navigating segment=nav_end x=-1.278 y=0.562 yaw=0.594 dist=0.498 yaw_err=0.976 cmd=(0.000,-0.550) clear=0.300 footprint=transit_stowed path=0.500 planned_straight=0.499 detour=1.002
[INFO] [1787833176.076843143] [six_angels_material_sorting_client]: CONTROL_LOOP_HEALTH samples=400/12359 interval_p95=55.67ms interval_p99=58.89ms execution_p95=2.48ms interval_misses=22 execution_misses=32
[INFO] [1787833177.370085039] [six_angels_material_sorting_client]: progress task=3 stage=return_to_end: task 1 returning to the end zone; goal=(-0.78, 0.55, 1.57); nav_status=navigating; NAV_TEL phase=transfer status=navigating segment=nav_end x=-1.225 y=0.570 yaw=0.115 dist=0.446 yaw_err=1.456 cmd=(0.180,-0.161) clear=0.350 footprint=transit_stowed path=0.500 planned_straight=0.499 detour=1.002
[INFO] [1787833179.375829359] [six_angels_material_sorting_client]: progress task=3 stage=return_to_end: task 1 returning to the end zone; goal=(-0.78, 0.55, 1.57); nav_status=navigating; NAV_TEL phase=transfer status=navigating segment=nav_end x=-1.039 y=0.579 yaw=0.007 dist=0.260 yaw_err=1.564 cmd=(0.180,-0.027) clear=0.400 footprint=transit_stowed path=0.500 planned_straight=0.499 detour=1.002
[INFO] [1787833181.126215687] [six_angels_material_sorting_client]: CONTROL_LOOP_HEALTH samples=400/12460 interval_p95=54.76ms interval_p99=56.52ms execution_p95=2.48ms interval_misses=22 execution_misses=32
[INFO] [1787833181.438454355] [six_angels_material_sorting_client]: progress task=3 stage=return_to_end: task 1 returning to the end zone; goal=(-0.78, 0.55, 1.57); nav_status=final_positioning; NAV_TEL phase=transfer status=final_positioning segment=nav_end x=-0.888 y=0.575 yaw=-0.145 dist=0.111 yaw_err=1.716 cmd=(0.089,-0.171) clear=0.350 footprint=transit_stowed path=0.500 planned_straight=0.499 detour=1.002
[INFO] [1787833183.475866702] [six_angels_material_sorting_client]: progress task=3 stage=return_to_end: task 1 returning to the end zone; goal=(-0.78, 0.55, 1.57); nav_status=final_aligning; NAV_TEL phase=transfer status=final_aligning segment=nav_end x=-0.848 y=0.568 yaw=0.077 dist=0.070 yaw_err=1.494 cmd=(0.000,0.500) clear=0.400 footprint=transit_stowed path=0.500 planned_straight=0.499 detour=1.002
[INFO] [1787833185.525721449] [six_angels_material_sorting_client]: progress task=3 stage=return_to_end: task 1 returning to the end zone; goal=(-0.78, 0.55, 1.57); nav_status=final_aligning; NAV_TEL phase=transfer status=final_aligning segment=nav_end x=-0.848 y=0.568 yaw=0.624 dist=0.071 yaw_err=0.947 cmd=(0.000,0.500) clear=0.300 footprint=transit_stowed path=0.500 planned_straight=0.499 detour=1.002
[INFO] [1787833186.175608500] [six_angels_material_sorting_client]: CONTROL_LOOP_HEALTH samples=400/12561 interval_p95=53.15ms interval_p99=55.58ms execution_p95=2.67ms interval_misses=22 execution_misses=32
[INFO] [1787833187.525815997] [six_angels_material_sorting_client]: progress task=3 stage=return_to_end: task 1 returning to the end zone; goal=(-0.78, 0.55, 1.57); nav_status=final_aligning; NAV_TEL phase=transfer status=final_aligning segment=nav_end x=-0.849 y=0.567 yaw=1.145 dist=0.071 yaw_err=0.426 cmd=(0.000,0.500) clear=0.300 footprint=transit_stowed path=0.500 planned_straight=0.499 detour=1.002
[INFO] [1787833189.076079515] [six_angels_material_sorting_client]: controller=finished task=3 attempt=1 stage=- score=160: referee terminal cleanup completed
