checking Client module consistency...
/workspace/baseline/examples/material_sorting/shelf/state_tracker.py:127: UserWarning: layout.scene.shelf_opening_yaw missing; fallback DEFAULT_SHELF_OPENING_YAW=0.0
  self.geometry = geometry or load_shelf_geometry()
/workspace/baseline/examples/material_sorting/perception/shelf_empty_confirm.py:90: UserWarning: layout.scene.shelf_opening_yaw missing; fallback DEFAULT_SHELF_OPENING_YAW=0.0
  self.geometry = geometry or load_shelf_geometry()
[INFO] [1787830203.828756948] [six_angels_material_sorting_client]: scheduler RL overlay enabled; policy_mode=rl_shadow
[INFO] [1787830203.844531686] [six_angels_material_sorting_client]: client started; waiting for instruction, odometry and joint states; execution_mode=task123_full; scheduler=v2
[INFO] [1787830203.845194567] [six_angels_material_sorting_client]: scheduler_policy=rl_shadow; event_log=/workspace/artifacts/scheduler_v2_multiseed_20260915.jsonl; measured_carry_guard=False
[INFO] [1787830203.845833328] [six_angels_material_sorting_client]: runtime_health=odom_max_age=0.750s, joint_max_age=0.750s, stale_grace=2.000s, control_period=0.050s
[WARN] [1787830203.846452899] [six_angels_material_sorting_client]: scheduler v2 is active: task plans and command/resource guards are enforced
[INFO] [1787830203.847067280] [six_angels_material_sorting_client]: semantic audit disabled
[WARN] [1787830203.847696462] [six_angels_material_sorting_client]: task123_full enables integrated task-1/task-2 execution and task-3 top-box pick, measured packaging-box left placement, and safe return; task transitions remain referee-driven
[INFO] [1787830203.895396307] [six_angels_material_sorting_client]: waiting for: instructions
/usr/local/lib/python3.10/dist-packages/matplotlib/projections/__init__.py:63: UserWarning: Unable to import Axes3D. This may be due to multiple versions of Matplotlib being installed (e.g. as a system package and as a pip package). As a result, the 3D projection is not available.
  warnings.warn("Unable to import Axes3D. This may be due to multiple versions of "
[INFO] [1787830204.325814637] [six_angels_material_sorting_client]: instructions accepted: T1=yellow->shelf_point, T2=brown->table_point, T3=pink->shelf_prop_side
[INFO] [1787830206.945070719] [material_box_detect]: material_box_detect up; backend=yolo; checkpoint=/workspace/baseline/examples/material_sorting/perception/checkpoints/best.pt; conf=0.65; center_compensation_scale=0.70; detection_log_period=0.0s
[INFO] [1787830208.745352806] [six_angels_material_sorting_client]: client inputs ready; starting three-task competition controller
[INFO] [1787830208.747633610] [six_angels_material_sorting_client]: controller=starting_task task=1 attempt=1 stage=navigate_to_pick score=0: starting task 1 attempt 1
[INFO] [1787830208.795840326] [six_angels_material_sorting_client]: controller=executing_stage task=1 attempt=1 stage=navigate_to_pick score=0: task 1 entering navigate_to_pick
[INFO] [1787830208.892758269] [six_angels_material_sorting_client]: controller=executing_stage task=1 attempt=1 stage=navigate_to_pick score=0: task 1 attempt 1 stage=navigate_to_pick
[INFO] [1787830209.025297036] [six_angels_material_sorting_client]: CONTROL_LOOP_HEALTH samples=101/101 interval_p95=50.49ms interval_p99=50.65ms execution_p95=0.64ms interval_misses=0 execution_misses=0
[INFO] [1787830209.073875262] [six_angels_material_sorting_client]: scheduler candidate action=task1:navigate_to_pick:stand:right source=heuristic reason=rl_shadow_isolated:submitted costmap_v=1
[INFO] [1787830210.932965952] [six_angels_material_sorting_client]: progress task=1 stage=navigate_to_pick: task 1 navigating to pick stand (-0.92, 1.55); nav_status=navigating; NAV_TEL phase=task1_pick status=navigating segment=nav_table x=-0.700 y=0.550 yaw=2.092 dist=1.024 yaw_err=-0.521 cmd=(0.000,0.650) clear=0.300 footprint=transit_stowed path=1.250 planned_straight=1.024 detour=1.221
[INFO] [1787830212.911059343] [six_angels_material_sorting_client]: progress task=1 stage=navigate_to_pick: task 1 navigating to pick stand (-0.92, 1.55); nav_status=navigating; NAV_TEL phase=task1_pick status=navigating segment=nav_table x=-0.781 y=0.614 yaw=2.483 dist=0.946 yaw_err=-0.913 cmd=(0.173,-0.131) clear=0.350 footprint=transit_stowed path=1.250 planned_straight=1.024 detour=1.221
[INFO] [1787830213.997223321] [six_angels_material_sorting_client]: CONTROL_LOOP_HEALTH samples=200/200 interval_p95=58.33ms interval_p99=84.82ms execution_p95=2.93ms interval_misses=2 execution_misses=2
[INFO] [1787830215.031394946] [six_angels_material_sorting_client]: progress task=1 stage=navigate_to_pick: task 1 navigating to pick stand (-0.92, 1.55); nav_status=navigating; NAV_TEL phase=task1_pick status=navigating segment=nav_table x=-0.900 y=0.740 yaw=2.076 dist=0.810 yaw_err=-0.506 cmd=(0.200,-0.536) clear=0.450 footprint=transit_stowed path=1.250 planned_straight=1.024 detour=1.221
[INFO] [1787830216.946992981] [six_angels_material_sorting_client]: progress task=1 stage=navigate_to_pick: task 1 navigating to pick stand (-0.92, 1.55); nav_status=navigating; NAV_TEL phase=task1_pick status=navigating segment=nav_table x=-0.950 y=0.942 yaw=1.624 dist=0.609 yaw_err=-0.054 cmd=(0.200,-0.133) clear=0.750 footprint=transit_stowed path=1.250 planned_straight=1.024 detour=1.221
[INFO] [1787830218.963070544] [six_angels_material_sorting_client]: progress task=1 stage=navigate_to_pick: task 1 navigating to pick stand (-0.92, 1.55); nav_status=navigating; NAV_TEL phase=task1_pick status=navigating segment=nav_table x=-0.951 y=1.143 yaw=1.545 dist=0.409 yaw_err=0.026 cmd=(0.200,-0.018) clear=0.550 footprint=transit_stowed path=1.250 planned_straight=1.024 detour=1.221
[INFO] [1787830219.018777113] [six_angels_material_sorting_client]: CONTROL_LOOP_HEALTH samples=299/299 interval_p95=58.88ms interval_p99=95.67ms execution_p95=2.91ms interval_misses=4 execution_misses=3
[INFO] [1787830220.996512076] [six_angels_material_sorting_client]: progress task=1 stage=navigate_to_pick: task 1 navigating to pick stand (-0.92, 1.55); nav_status=navigating; NAV_TEL phase=task1_pick status=navigating segment=nav_table x=-0.944 y=1.336 yaw=1.534 dist=0.215 yaw_err=0.037 cmd=(0.191,-0.003) clear=0.350 footprint=transit_stowed path=1.250 planned_straight=1.024 detour=1.221
[INFO] [1787830223.047690098] [six_angels_material_sorting_client]: progress task=1 stage=navigate_to_pick: task 1 navigating to pick stand (-0.92, 1.55); nav_status=final_positioning; NAV_TEL phase=task1_pick status=final_positioning segment=nav_table x=-0.936 y=1.457 yaw=1.433 dist=0.094 yaw_err=0.138 cmd=(0.075,-0.076) clear=0.200 footprint=transit_stowed path=1.250 planned_straight=1.024 detour=1.221
[INFO] [1787830223.996565997] [six_angels_material_sorting_client]: CONTROL_LOOP_HEALTH samples=400/400 interval_p95=58.29ms interval_p99=84.82ms execution_p95=2.66ms interval_misses=5 execution_misses=3
[INFO] [1787830224.846638919] [six_angels_material_sorting_client]: controller=executing_stage task=1 attempt=1 stage=acquire_target score=0: task 1 entering acquire_target: task 1 reached the detected table-side pick stand; stopping before arm motion; NAV_GOAL_REACHED segment=nav_table
[INFO] [1787830224.895715026] [six_angels_material_sorting_client]: controller=executing_stage task=1 attempt=1 stage=acquire_target score=0: task 1 attempt 1 stage=acquire_target
[INFO] [1787830224.946382717] [six_angels_material_sorting_client]: controller=executing_stage task=1 attempt=1 stage=align_for_pick score=0: task 1 entering align_for_pick: task 1 target locked for open pregrasp at (-0.991, 2.2, 0.834); orientation=yaw0; source=rgbd_cuboid
[INFO] [1787830224.995959585] [six_angels_material_sorting_client]: controller=executing_stage task=1 attempt=1 stage=align_for_pick score=0: task 1 attempt 1 stage=align_for_pick
[INFO] [1787830227.046423872] [six_angels_material_sorting_client]: progress task=1 stage=align_for_pick: task 1 moving both open arms to pregrasp; target_base=(0.717, 0.085, 0.834); arm_tol=0.030, slide_err=0.002, left_err=0.002, right_err=0.005, cmd_err=0.000, max_vel=0.059
[INFO] [1787830227.947134733] [six_angels_material_sorting_client]: controller=executing_stage task=1 attempt=1 stage=grasp score=0: task 1 entering grasp: task 1 both open arms reached the non-contact pregrasp pose
[INFO] [1787830227.996388081] [six_angels_material_sorting_client]: controller=executing_stage task=1 attempt=1 stage=grasp score=0: task 1 attempt 1 stage=grasp
[INFO] [1787830228.996704409] [six_angels_material_sorting_client]: CONTROL_LOOP_HEALTH samples=400/500 interval_p95=57.39ms interval_p99=75.20ms execution_p95=2.76ms interval_misses=5 execution_misses=3
[INFO] [1787830230.046758785] [six_angels_material_sorting_client]: progress task=1 stage=grasp: task 1 starting continuous compliant inward motion; compliance=active; left[contact=False, aligned=False, angle=0.5deg, effort_delta=1.82, effort_threshold=0.35, firm=True, firm_latched=False, velocity=0.000]; right[contact=False, aligned=False, angle=0.8deg, effort_delta=1.76, effort_threshold=0.35, firm=True, firm_latched=False, velocity=0.000]
[INFO] [1787830232.098797660] [six_angels_material_sorting_client]: progress task=1 stage=grasp: task 1 continuously advancing the compliant contact search; speed=0.5 mm/s, offset=1.2/16.0 mm, surface_clearance=8.8 mm; compliance=active; left[contact=True, aligned=False, angle=1.4deg, effort_delta=0.02, effort_threshold=0.35, firm=False, firm_latched=False, velocity=0.001]; right[contact=True, aligned=True, angle=2.9deg, effort_delta=0.11, effort_threshold=0.35, firm=False, firm_latched=False, velocity=0.000]
[INFO] [1787830234.000041306] [six_angels_material_sorting_client]: CONTROL_LOOP_HEALTH samples=400/600 interval_p95=55.03ms interval_p99=60.22ms execution_p95=4.33ms interval_misses=5 execution_misses=3
[INFO] [1787830234.098610071] [six_angels_material_sorting_client]: progress task=1 stage=grasp: task 1 continuously advancing the compliant contact search; speed=0.5 mm/s, offset=2.2/16.0 mm, surface_clearance=7.8 mm; compliance=active; left[contact=True, aligned=False, angle=1.4deg, effort_delta=0.02, effort_threshold=0.35, firm=False, firm_latched=False, velocity=0.002]; right[contact=True, aligned=True, angle=2.9deg, effort_delta=0.11, effort_threshold=0.35, firm=False, firm_latched=False, velocity=0.000]
[INFO] [1787830236.098635360] [six_angels_material_sorting_client]: progress task=1 stage=grasp: task 1 continuously advancing the compliant contact search; speed=0.5 mm/s, offset=3.2/16.0 mm, surface_clearance=6.8 mm; compliance=active; left[contact=True, aligned=False, angle=1.4deg, effort_delta=0.02, effort_threshold=0.35, firm=False, firm_latched=False, velocity=0.000]; right[contact=True, aligned=True, angle=2.9deg, effort_delta=0.12, effort_threshold=0.35, firm=False, firm_latched=False, velocity=0.000]
[INFO] [1787830238.099951760] [six_angels_material_sorting_client]: progress task=1 stage=grasp: task 1 continuously advancing the compliant contact search; speed=0.5 mm/s, offset=4.2/16.0 mm, surface_clearance=5.8 mm; compliance=active; left[contact=True, aligned=False, angle=1.3deg, effort_delta=0.02, effort_threshold=0.35, firm=False, firm_latched=False, velocity=0.000]; right[contact=True, aligned=True, angle=2.9deg, effort_delta=0.12, effort_threshold=0.35, firm=False, firm_latched=False, velocity=0.000]
[INFO] [1787830239.049238783] [six_angels_material_sorting_client]: CONTROL_LOOP_HEALTH samples=400/701 interval_p95=50.39ms interval_p99=51.28ms execution_p95=4.50ms interval_misses=5 execution_misses=3
[INFO] [1787830240.148198241] [six_angels_material_sorting_client]: progress task=1 stage=grasp: task 1 continuously advancing the compliant contact search; speed=0.5 mm/s, offset=5.2/16.0 mm, surface_clearance=4.8 mm; compliance=active; left[contact=True, aligned=False, angle=1.3deg, effort_delta=0.02, effort_threshold=0.35, firm=False, firm_latched=False, velocity=0.000]; right[contact=True, aligned=True, angle=2.9deg, effort_delta=0.13, effort_threshold=0.35, firm=False, firm_latched=False, velocity=0.000]
[INFO] [1787830242.148459235] [six_angels_material_sorting_client]: progress task=1 stage=grasp: task 1 continuously advancing the compliant contact search; speed=0.5 mm/s, offset=6.2/16.0 mm, surface_clearance=3.8 mm; compliance=active; left[contact=True, aligned=False, angle=1.3deg, effort_delta=0.01, effort_threshold=0.35, firm=False, firm_latched=False, velocity=0.001]; right[contact=True, aligned=True, angle=2.9deg, effort_delta=0.13, effort_threshold=0.35, firm=False, firm_latched=False, velocity=0.000]
[INFO] [1787830244.049296542] [six_angels_material_sorting_client]: CONTROL_LOOP_HEALTH samples=400/801 interval_p95=50.31ms interval_p99=50.49ms execution_p95=4.66ms interval_misses=5 execution_misses=3
[INFO] [1787830244.199074518] [six_angels_material_sorting_client]: progress task=1 stage=grasp: task 1 continuously advancing the compliant contact search; speed=0.5 mm/s, offset=7.2/16.0 mm, surface_clearance=2.8 mm; compliance=active; left[contact=True, aligned=False, angle=1.3deg, effort_delta=0.02, effort_threshold=0.35, firm=False, firm_latched=False, velocity=0.000]; right[contact=True, aligned=True, angle=2.9deg, effort_delta=0.14, effort_threshold=0.35, firm=False, firm_latched=False, velocity=0.001]
[INFO] [1787830246.248619086] [six_angels_material_sorting_client]: progress task=1 stage=grasp: task 1 continuously advancing the compliant contact search; speed=0.5 mm/s, offset=8.2/16.0 mm, surface_clearance=1.8 mm; compliance=active; left[contact=True, aligned=False, angle=1.2deg, effort_delta=0.02, effort_threshold=0.35, firm=False, firm_latched=False, velocity=0.000]; right[contact=True, aligned=True, angle=2.9deg, effort_delta=0.15, effort_threshold=0.35, firm=False, firm_latched=False, velocity=0.000]
[INFO] [1787830248.299632845] [six_angels_material_sorting_client]: progress task=1 stage=grasp: task 1 continuously advancing the compliant contact search; speed=0.5 mm/s, offset=9.3/16.0 mm, surface_clearance=0.7 mm; compliance=active; left[contact=True, aligned=False, angle=1.2deg, effort_delta=0.01, effort_threshold=0.35, firm=False, firm_latched=False, velocity=0.000]; right[contact=True, aligned=True, angle=2.9deg, effort_delta=0.15, effort_threshold=0.35, firm=False, firm_latched=False, velocity=0.001]
[INFO] [1787830249.098394258] [six_angels_material_sorting_client]: CONTROL_LOOP_HEALTH samples=400/902 interval_p95=50.31ms interval_p99=50.46ms execution_p95=4.80ms interval_misses=5 execution_misses=3
[INFO] [1787830250.349297700] [six_angels_material_sorting_client]: progress task=1 stage=grasp: task 1 continuously advancing the compliant contact search; speed=0.5 mm/s, offset=10.3/16.0 mm, surface_clearance=0.0 mm; compliance=active; left[contact=True, aligned=False, angle=1.2deg, effort_delta=0.01, effort_threshold=0.35, firm=False, firm_latched=False, velocity=0.000]; right[contact=True, aligned=True, angle=2.9deg, effort_delta=0.14, effort_threshold=0.35, firm=False, firm_latched=False, velocity=0.000]
[INFO] [1787830252.398438562] [six_angels_material_sorting_client]: progress task=1 stage=grasp: task 1 continuously advancing the compliant contact search; speed=0.5 mm/s, offset=11.3/16.0 mm, surface_clearance=0.0 mm; compliance=active; left[contact=True, aligned=False, angle=1.1deg, effort_delta=0.01, effort_threshold=0.35, firm=False, firm_latched=False, velocity=0.000]; right[contact=True, aligned=True, angle=2.9deg, effort_delta=0.16, effort_threshold=0.35, firm=False, firm_latched=False, velocity=0.000]
[INFO] [1787830254.099020877] [six_angels_material_sorting_client]: CONTROL_LOOP_HEALTH samples=400/1002 interval_p95=50.31ms interval_p99=50.46ms execution_p95=4.77ms interval_misses=5 execution_misses=3
[INFO] [1787830254.398495076] [six_angels_material_sorting_client]: progress task=1 stage=grasp: task 1 continuously advancing the compliant contact search; speed=0.5 mm/s, offset=12.3/16.0 mm, surface_clearance=0.0 mm; compliance=active; left[contact=True, aligned=False, angle=1.1deg, effort_delta=0.02, effort_threshold=0.35, firm=False, firm_latched=False, velocity=0.001]; right[contact=True, aligned=True, angle=2.9deg, effort_delta=0.17, effort_threshold=0.35, firm=False, firm_latched=False, velocity=0.000]
[INFO] [1787830256.449747589] [six_angels_material_sorting_client]: progress task=1 stage=grasp: task 1 continuously advancing the compliant contact search; speed=0.5 mm/s, offset=13.4/16.0 mm, surface_clearance=0.0 mm; compliance=active; left[contact=True, aligned=False, angle=1.1deg, effort_delta=0.01, effort_threshold=0.35, firm=False, firm_latched=False, velocity=0.000]; right[contact=True, aligned=True, angle=2.9deg, effort_delta=0.19, effort_threshold=0.35, firm=False, firm_latched=False, velocity=0.000]
[INFO] [1787830258.498861406] [six_angels_material_sorting_client]: progress task=1 stage=grasp: task 1 continuously advancing the compliant contact search; speed=0.5 mm/s, offset=14.4/16.0 mm, surface_clearance=0.0 mm; compliance=active; left[contact=True, aligned=False, angle=1.1deg, effort_delta=0.01, effort_threshold=0.35, firm=False, firm_latched=False, velocity=0.000]; right[contact=True, aligned=True, angle=2.9deg, effort_delta=0.20, effort_threshold=0.35, firm=False, firm_latched=False, velocity=0.000]
[INFO] [1787830259.099052355] [six_angels_material_sorting_client]: CONTROL_LOOP_HEALTH samples=400/1102 interval_p95=50.31ms interval_p99=50.45ms execution_p95=4.80ms interval_misses=5 execution_misses=3
[INFO] [1787830260.549330214] [six_angels_material_sorting_client]: progress task=1 stage=grasp: task 1 continuously advancing the compliant contact search; speed=0.5 mm/s, offset=15.4/16.0 mm, surface_clearance=0.0 mm; compliance=active; left[contact=True, aligned=False, angle=1.0deg, effort_delta=0.01, effort_threshold=0.35, firm=False, firm_latched=False, velocity=0.000]; right[contact=True, aligned=True, angle=2.9deg, effort_delta=0.21, effort_threshold=0.35, firm=False, firm_latched=False, velocity=0.000]
[INFO] [1787830262.596621364] [six_angels_material_sorting_client]: progress task=1 stage=grasp: task 1 holding maximum soft contact while waiting for bilateral wrist alignment (0.2/2.0s); compliance=active; left[contact=True, aligned=False, angle=1.0deg, effort_delta=0.02, effort_threshold=0.35, firm=False, firm_latched=False, velocity=0.000]; right[contact=True, aligned=True, angle=2.9deg, effort_delta=0.22, effort_threshold=0.35, firm=False, firm_latched=False, velocity=0.000]
[INFO] [1787830264.146359936] [six_angels_material_sorting_client]: CONTROL_LOOP_HEALTH samples=400/1203 interval_p95=50.32ms interval_p99=50.43ms execution_p95=4.71ms interval_misses=5 execution_misses=3
[INFO] [1787830264.648629521] [six_angels_material_sorting_client]: progress task=1 stage=grasp: task 1 continuously advancing the compliant contact search; speed=0.5 mm/s, offset=15.1/16.0 mm, surface_clearance=0.0 mm; compliance=active; left[contact=False, aligned=False, angle=0.7deg, effort_delta=1.26, effort_threshold=0.35, firm=True, firm_latched=False, velocity=0.109]; right[contact=True, aligned=True, angle=3.2deg, effort_delta=1.11, effort_threshold=0.35, firm=True, firm_latched=False, velocity=0.015]
[INFO] [1787830266.696554679] [six_angels_material_sorting_client]: progress task=1 stage=grasp: task 1 moving inward with compliant wrist monitoring; offset=16.0 mm; compliance=active; left[contact=False, aligned=False, angle=0.7deg, effort_delta=2.85, effort_threshold=0.35, firm=True, firm_latched=False, velocity=0.000]; right[contact=True, aligned=True, angle=3.2deg, effort_delta=2.11, effort_threshold=0.35, firm=True, firm_latched=False, velocity=0.000]; target_base=(0.717, 0.081, 0.834); arm_tol=0.240, slide_err=0.006, left_err=0.096, right_err=0.023, cmd_err=0.000, max_vel=0.009; compliance=active; left[contact=False, aligned=False, angle=0.7deg, effort_delta=2.85, effort_threshold=0.35, firm=True, firm_latched=False, velocity=0.000]; right[contact=True, aligned=True, angle=3.2deg, effort_delta=2.11, effort_threshold=0.35, firm=True, firm_latched=False, velocity=0.000]
[INFO] [1787830268.749192984] [six_angels_material_sorting_client]: progress task=1 stage=grasp: task 1 continuously applying locked-wrist preload; offset=17.0/18.0 mm; compliance=active; left[contact=True, aligned=True, angle=0.6deg, effort_delta=0.67, effort_threshold=0.35, firm=False, firm_latched=True, velocity=0.000]; right[contact=True, aligned=True, angle=3.0deg, effort_delta=0.87, effort_threshold=0.35, firm=False, firm_latched=False, velocity=0.000]
[INFO] [1787830269.149637519] [six_angels_material_sorting_client]: CONTROL_LOOP_HEALTH samples=400/1303 interval_p95=50.33ms interval_p99=50.46ms execution_p95=4.63ms interval_misses=5 execution_misses=3
[INFO] [1787830270.497157121] [six_angels_material_sorting_client]: controller=executing_stage task=1 attempt=1 stage=lift score=0: task 1 entering lift: task 1 bilateral compliant grasp settled with locked wrists and 18.0 mm bounded preload; compliance=active; left[contact=True, aligned=True, angle=0.6deg, effort_delta=0.61, effort_threshold=0.35, firm=False, firm_latched=True, velocity=0.000]; right[contact=True, aligned=True, angle=3.0deg, effort_delta=0.83, effort_threshold=0.35, firm=False, firm_latched=False, velocity=0.000]
[INFO] [1787830270.546198917] [six_angels_material_sorting_client]: controller=executing_stage task=1 attempt=1 stage=lift score=0: task 1 attempt 1 stage=lift
[INFO] [1787830272.546115776] [six_angels_material_sorting_client]: progress task=1 stage=lift: task 1 raising the spine while preserving arm preload; lift=0.150m, slide_target=0.318, slide_err=0.057, left_err=0.105, right_err=0.032, cmd_err=0.030, max_vel=0.129
[INFO] [1787830274.197703381] [six_angels_material_sorting_client]: CONTROL_LOOP_HEALTH samples=400/1404 interval_p95=50.32ms interval_p99=50.51ms execution_p95=4.30ms interval_misses=5 execution_misses=3
[INFO] [1787830274.547020625] [six_angels_material_sorting_client]: progress task=1 stage=lift: task 1 raising the spine while preserving arm preload; lift=0.150m, slide_target=0.318, slide_err=0.010, left_err=0.104, right_err=0.032, cmd_err=0.000, max_vel=0.008
[INFO] [1787830274.797249145] [six_angels_material_sorting_client]: controller=executing_stage task=1 attempt=1 stage=transport score=0: task 1 entering transport: task 1 lifted the held box 0.150 m; holding before transport
[INFO] [1787830274.850806779] [six_angels_material_sorting_client]: controller=executing_stage task=1 attempt=1 stage=transport score=0: task 1 attempt 1 stage=transport
[INFO] [1787830274.950409464] [six_angels_material_sorting_client]: scheduler candidate action=task1:transport:stand:right source=heuristic reason=rl_shadow_isolated:inference_result_stale costmap_v=48
[INFO] [1787830274.983660332] [material_box_detect]: started task-stage shelf empty confirmation
[INFO] [1787830276.848145890] [six_angels_material_sorting_client]: progress task=1 stage=transport: task 1 holding lifted box and retreating straight; remaining=0.603 m
[INFO] [1787830278.896680909] [six_angels_material_sorting_client]: progress task=1 stage=transport: task 1 holding lifted box and retreating straight; remaining=0.478 m
[INFO] [1787830279.246852604] [six_angels_material_sorting_client]: CONTROL_LOOP_HEALTH samples=400/1505 interval_p95=50.41ms interval_p99=51.51ms execution_p95=4.14ms interval_misses=5 execution_misses=3
[INFO] [1787830280.946379008] [six_angels_material_sorting_client]: progress task=1 stage=transport: task 1 holding lifted box and retreating straight; remaining=0.359 m
[INFO] [1787830282.946594799] [six_angels_material_sorting_client]: progress task=1 stage=transport: task 1 holding lifted box and retreating straight; remaining=0.242 m
[INFO] [1787830284.297422430] [six_angels_material_sorting_client]: CONTROL_LOOP_HEALTH samples=400/1606 interval_p95=50.46ms interval_p99=51.51ms execution_p95=4.02ms interval_misses=5 execution_misses=3
[INFO] [1787830284.947766851] [six_angels_material_sorting_client]: progress task=1 stage=transport: task 1 holding lifted box and retreating straight; remaining=0.123 m
[INFO] [1787830286.996170033] [six_angels_material_sorting_client]: progress task=1 stage=transport: task 1 holding lifted box and retreating straight; remaining=0.057 m
[INFO] [1787830288.996421819] [six_angels_material_sorting_client]: progress task=1 stage=transport: task 1 holding lifted box and retreating straight; remaining=0.017 m
[INFO] [1787830289.298021298] [six_angels_material_sorting_client]: CONTROL_LOOP_HEALTH samples=400/1706 interval_p95=50.48ms interval_p99=51.51ms execution_p95=2.70ms interval_misses=5 execution_misses=3
[INFO] [1787830289.447992061] [six_angels_material_sorting_client]: scheduler candidate action=task1:transport:stand:left source=heuristic reason=rl_shadow_isolated:accepted costmap_v=100
[INFO] [1787830290.997626316] [six_angels_material_sorting_client]: progress task=1 stage=transport: task 1 moving directly to the safe shelf pre-place stand; goal=(-1.00, 0.94, 3.14); nav_status=final_positioning; NAV_TEL phase=transfer status=final_positioning segment=nav_shelf x=-0.967 y=0.862 yaw=1.877 dist=0.083 yaw_err=1.264 cmd=(0.066,0.154) clear=0.600 footprint=transit_carry path=0.158 planned_straight=0.150 detour=1.053; shelf_frames=7; shelf_state=collecting
[INFO] [1787830291.198142497] [six_angels_material_sorting_client]: scheduler candidate action=task1:transport:stand:center source=heuristic reason=rl_shadow_isolated:rl_dynamic_risk_guard costmap_v=105
[INFO] [1787830293.000297363] [six_angels_material_sorting_client]: progress task=1 stage=transport: task 1 moving directly to the safe shelf pre-place stand; goal=(-1.00, 0.94, 3.14); nav_status=final_aligning; NAV_TEL phase=transfer status=final_aligning segment=nav_shelf x=-0.980 y=0.899 yaw=2.127 dist=0.044 yaw_err=1.015 cmd=(0.000,0.500) clear=0.600 footprint=transit_carry path=0.158 planned_straight=0.150 detour=1.053; shelf_frames=7; shelf_state=collecting
[INFO] [1787830294.298759957] [six_angels_material_sorting_client]: CONTROL_LOOP_HEALTH samples=400/1806 interval_p95=50.54ms interval_p99=51.51ms execution_p95=3.23ms interval_misses=5 execution_misses=3
[INFO] [1787830295.047760128] [six_angels_material_sorting_client]: progress task=1 stage=transport: task 1 moving directly to the safe shelf pre-place stand; goal=(-1.00, 0.94, 3.14); nav_status=final_aligning; NAV_TEL phase=transfer status=final_aligning segment=nav_shelf x=-0.980 y=0.898 yaw=2.661 dist=0.044 yaw_err=0.480 cmd=(0.000,0.500) clear=0.600 footprint=transit_carry path=0.158 planned_straight=0.150 detour=1.053; shelf_frames=7; shelf_state=collecting
[INFO] [1787830296.764189691] [six_angels_material_sorting_client]: controller=executing_stage task=1 attempt=1 stage=align_for_place score=30: task 1 entering align_for_place: task 1 reached the target-aligned safe shelf pre-place stand by direct A* with the carried center still 0.75 m in front of the shelf
[INFO] [1787830296.796981959] [six_angels_material_sorting_client]: controller=executing_stage task=1 attempt=1 stage=align_for_place score=30: task 1 attempt 1 stage=align_for_place
[INFO] [1787830298.796929057] [six_angels_material_sorting_client]: progress task=1 stage=align_for_place: task 1 scanning shelf semantics for task-2 colour 'brown'; head_pitch=0.00, frames=7, colored=locked:brown@L1(3), packaging=locked:L3(3), empty=L2(1/3), occupancy=none(0/3)
[INFO] [1787830299.346095557] [six_angels_material_sorting_client]: CONTROL_LOOP_HEALTH samples=400/1907 interval_p95=50.37ms interval_p99=51.35ms execution_p95=4.31ms interval_misses=5 execution_misses=3
[INFO] [1787830300.846796211] [six_angels_material_sorting_client]: progress task=1 stage=align_for_place: task 1 moving held box to shelf clearance height; slide_target=0.410, slide_err=0.024, left_err=0.100, right_err=0.036, cmd_err=0.005, slide_vel=0.095, max_vel=0.095
[INFO] [1787830302.896523513] [six_angels_material_sorting_client]: progress task=1 stage=align_for_place: task 1 aligning laterally outside the shelf; lateral alignment rotating toward shelf-front direction; yaw_err=1.600
[INFO] [1787830304.346789027] [six_angels_material_sorting_client]: CONTROL_LOOP_HEALTH samples=400/2007 interval_p95=50.37ms interval_p99=51.35ms execution_p95=4.31ms interval_misses=5 execution_misses=3
[INFO] [1787830304.896563087] [six_angels_material_sorting_client]: progress task=1 stage=align_for_place: task 1 aligning laterally outside the shelf; lateral alignment rotating toward shelf-front direction; yaw_err=1.220
[INFO] [1787830306.896654669] [six_angels_material_sorting_client]: progress task=1 stage=align_for_place: task 1 aligning laterally outside the shelf; lateral alignment rotating toward shelf-front direction; yaw_err=0.813
[INFO] [1787830308.946759158] [six_angels_material_sorting_client]: progress task=1 stage=align_for_place: task 1 aligning laterally outside the shelf; lateral alignment rotating toward shelf-front direction; yaw_err=0.402
[INFO] [1787830309.347318176] [six_angels_material_sorting_client]: CONTROL_LOOP_HEALTH samples=400/2107 interval_p95=50.38ms interval_p99=50.73ms execution_p95=4.29ms interval_misses=5 execution_misses=3
[INFO] [1787830310.947340058] [six_angels_material_sorting_client]: progress task=1 stage=align_for_place: task 1 aligning laterally outside the shelf; lateral alignment rotating toward shelf-front direction; yaw_err=0.070
[INFO] [1787830312.995984670] [six_angels_material_sorting_client]: progress task=1 stage=align_for_place: task 1 aligning laterally outside the shelf; lateral alignment restoring shelf-facing yaw; yaw_err=-1.521
[INFO] [1787830314.396041201] [six_angels_material_sorting_client]: CONTROL_LOOP_HEALTH samples=400/2208 interval_p95=50.38ms interval_p99=50.68ms execution_p95=4.19ms interval_misses=5 execution_misses=3
[INFO] [1787830315.046317184] [six_angels_material_sorting_client]: progress task=1 stage=align_for_place: task 1 aligning laterally outside the shelf; lateral alignment restoring shelf-facing yaw; yaw_err=-1.105
[INFO] [1787830317.095976655] [six_angels_material_sorting_client]: progress task=1 stage=align_for_place: task 1 aligning laterally outside the shelf; lateral alignment restoring shelf-facing yaw; yaw_err=-0.680
[INFO] [1787830319.096667620] [six_angels_material_sorting_client]: progress task=1 stage=align_for_place: task 1 aligning laterally outside the shelf; lateral alignment restoring shelf-facing yaw; yaw_err=-0.269
[INFO] [1787830319.396603742] [six_angels_material_sorting_client]: CONTROL_LOOP_HEALTH samples=400/2308 interval_p95=50.36ms interval_p99=50.60ms execution_p95=1.92ms interval_misses=5 execution_misses=3
[INFO] [1787830321.146356198] [six_angels_material_sorting_client]: progress task=1 stage=align_for_place: task 1 entering the recognized empty shelf layer; advancing straight; remaining=0.914 m
[INFO] [1787830323.197069846] [six_angels_material_sorting_client]: progress task=1 stage=align_for_place: task 1 entering the recognized empty shelf layer; advancing straight; remaining=0.806 m
[INFO] [1787830324.446452370] [six_angels_material_sorting_client]: CONTROL_LOOP_HEALTH samples=400/2409 interval_p95=50.37ms interval_p99=50.68ms execution_p95=1.86ms interval_misses=5 execution_misses=3
[INFO] [1787830325.245934390] [six_angels_material_sorting_client]: progress task=1 stage=align_for_place: task 1 entering the recognized empty shelf layer; advancing straight; remaining=0.706 m
[INFO] [1787830327.245988288] [six_angels_material_sorting_client]: progress task=1 stage=align_for_place: task 1 entering the recognized empty shelf layer; advancing straight; remaining=0.598 m
[INFO] [1787830329.296278171] [six_angels_material_sorting_client]: progress task=1 stage=align_for_place: task 1 entering the recognized empty shelf layer; advancing straight; remaining=0.498 m
[INFO] [1787830329.447106293] [six_angels_material_sorting_client]: CONTROL_LOOP_HEALTH samples=400/2509 interval_p95=50.39ms interval_p99=50.74ms execution_p95=1.79ms interval_misses=5 execution_misses=3
[INFO] [1787830331.345820091] [six_angels_material_sorting_client]: progress task=1 stage=align_for_place: task 1 entering the recognized empty shelf layer; advancing straight; remaining=0.394 m
[INFO] [1787830333.345742824] [six_angels_material_sorting_client]: progress task=1 stage=align_for_place: task 1 entering the recognized empty shelf layer; advancing straight; remaining=0.286 m
[INFO] [1787830334.496212321] [six_angels_material_sorting_client]: CONTROL_LOOP_HEALTH samples=400/2610 interval_p95=50.45ms interval_p99=50.77ms execution_p95=1.59ms interval_misses=5 execution_misses=3
[INFO] [1787830335.346696917] [six_angels_material_sorting_client]: progress task=1 stage=align_for_place: task 1 entering the recognized empty shelf layer; advancing straight; remaining=0.186 m
[INFO] [1787830337.395964323] [six_angels_material_sorting_client]: progress task=1 stage=align_for_place: task 1 entering the recognized empty shelf layer; advancing straight; remaining=0.098 m
[INFO] [1787830339.446162708] [six_angels_material_sorting_client]: progress task=1 stage=align_for_place: task 1 entering the recognized empty shelf layer; advancing straight; remaining=0.049 m
[INFO] [1787830339.546410862] [six_angels_material_sorting_client]: CONTROL_LOOP_HEALTH samples=400/2711 interval_p95=50.47ms interval_p99=50.77ms execution_p95=1.54ms interval_misses=5 execution_misses=3
[INFO] [1787830341.498722116] [six_angels_material_sorting_client]: controller=executing_stage task=1 attempt=1 stage=place score=30: task 1 entering place: task 1 entered only the recognized empty shelf layer L2; confidence=0.56
[INFO] [1787830341.547148030] [six_angels_material_sorting_client]: controller=executing_stage task=1 attempt=1 stage=place score=30: task 1 attempt 1 stage=place
[INFO] [1787830341.972848188] [material_box_detect]: stopped task-stage shelf empty confirmation
[INFO] [1787830343.596960212] [six_angels_material_sorting_client]: progress task=1 stage=place: task 1 lowering box compliantly onto shelf board; slide_target=0.453, slide_err=0.001, left_err=0.095, right_err=0.041, cmd_err=0.000, slide_vel=0.015, max_vel=0.015; compliant_place_phase=fast_approach, remaining_mm=12.0, step_mm=2.0, completion=None; placement_effort=active, slide_ratio=0.00, left_wrist_ratio=0.00, right_wrist_ratio=0.00, left_arm_max=0.00, right_arm_max=0.00, candidate=False, confirmed=False
[INFO] [1787830344.549075332] [six_angels_material_sorting_client]: CONTROL_LOOP_HEALTH samples=400/2811 interval_p95=50.48ms interval_p99=50.74ms execution_p95=2.19ms interval_misses=5 execution_misses=3
[INFO] [1787830345.647101273] [six_angels_material_sorting_client]: progress task=1 stage=place: task 1 lowering box compliantly onto shelf board; slide_target=0.457, slide_err=0.003, left_err=0.095, right_err=0.042, cmd_err=0.000, slide_vel=0.005, max_vel=0.005; compliant_place_phase=fine_descent, remaining_mm=8.0, step_mm=2.0, completion=None; placement_effort=active, slide_ratio=183.17, left_wrist_ratio=0.00, right_wrist_ratio=0.00, left_arm_max=0.07, right_arm_max=0.07, candidate=False, confirmed=False
[INFO] [1787830347.697068183] [six_angels_material_sorting_client]: progress task=1 stage=place: task 1 lowering box compliantly onto shelf board; slide_target=0.461, slide_err=0.005, left_err=0.095, right_err=0.042, cmd_err=0.000, slide_vel=0.003, max_vel=0.003; placement_effort=active, slide_ratio=195.93, left_wrist_ratio=0.00, right_wrist_ratio=0.00, left_arm_max=0.09, right_arm_max=0.10, candidate=False, confirmed=False
[INFO] [1787830349.596522080] [six_angels_material_sorting_client]: CONTROL_LOOP_HEALTH samples=400/2912 interval_p95=50.42ms interval_p99=50.72ms execution_p95=2.39ms interval_misses=5 execution_misses=3
[INFO] [1787830349.746322969] [six_angels_material_sorting_client]: progress task=1 stage=place: task 1 gently spreading both arms to release on shelf; stage=1/1, half_width=0.155 m; target_base=(0.717, 0.081, 0.837); arm_tol=0.030, slide_err=0.005, left_err=0.049, right_err=0.044, cmd_err=0.016, max_vel=2.553
[INFO] [1787830351.147370473] [six_angels_material_sorting_client]: controller=executing_stage task=1 attempt=1 stage=verify_place score=30: task 1 entering verify_place: task 1 gently unloaded preload and opened both arms on the empty shelf layer
[INFO] [1787830351.197302090] [six_angels_material_sorting_client]: controller=executing_stage task=1 attempt=1 stage=verify_place score=30: task 1 attempt 1 stage=verify_place
[INFO] [1787830352.246472824] [six_angels_material_sorting_client]: controller=executing_stage task=1 attempt=1 stage=return_to_end score=30: task 1 entering return_to_end: task 1 shelf placement settled; handing result to referee
[INFO] [1787830352.381025477] [six_angels_material_sorting_client]: controller=executing_stage task=1 attempt=1 stage=return_to_end score=30: task 1 attempt 1 stage=return_to_end
[INFO] [1787830352.386474057] [six_angels_material_sorting_client]: scheduler candidate action=task1:return_to_end:stand:left source=heuristic reason=rl_shadow_isolated:inference_result_stale costmap_v=112
[INFO] [1787830354.427759616] [six_angels_material_sorting_client]: progress task=1 stage=return_to_end: task 1 retreating straight; remaining=0.204 m after release
[INFO] [1787830354.662628622] [six_angels_material_sorting_client]: CONTROL_LOOP_HEALTH samples=400/3012 interval_p95=50.48ms interval_p99=57.98ms execution_p95=2.52ms interval_misses=7 execution_misses=5
[INFO] [1787830356.395767648] [six_angels_material_sorting_client]: progress task=1 stage=return_to_end: task 1 retreating straight; remaining=0.091 m after release
[INFO] [1787830358.396566364] [six_angels_material_sorting_client]: progress task=1 stage=return_to_end: task 1 retreating straight; remaining=0.035 m after release
[INFO] [1787830359.622547252] [six_angels_material_sorting_client]: CONTROL_LOOP_HEALTH samples=400/3112 interval_p95=55.13ms interval_p99=60.20ms execution_p95=2.52ms interval_misses=8 execution_misses=5
[INFO] [1787830360.509345193] [six_angels_material_sorting_client]: progress task=1 stage=return_to_end: task 1 retracting arms after shelf retreat; transport retract; slide_err=0.003, left_err=0.184, right_err=0.216, cmd_err=0.091, max_vel=1.266
[INFO] [1787830362.520899706] [six_angels_material_sorting_client]: progress task=1 stage=return_to_end: task 1 returning to the end zone; goal=(-0.78, 0.55, 1.57); nav_status=navigating; NAV_TEL phase=transfer status=navigating segment=nav_end x=-1.591 y=0.835 yaw=-2.839 dist=0.860 yaw_err=-1.873 cmd=(0.000,0.550) clear=0.550 footprint=transit_stowed path=0.838 planned_straight=0.860 detour=0.975
[INFO] [1787830364.547194833] [six_angels_material_sorting_client]: progress task=1 stage=return_to_end: task 1 returning to the end zone; goal=(-0.78, 0.55, 1.57); nav_status=navigating; NAV_TEL phase=transfer status=navigating segment=nav_end x=-1.590 y=0.836 yaw=-2.215 dist=0.859 yaw_err=-2.497 cmd=(0.000,0.550) clear=0.500 footprint=transit_stowed path=0.838 planned_straight=0.860 detour=0.975
[INFO] [1787830364.647176995] [six_angels_material_sorting_client]: CONTROL_LOOP_HEALTH samples=400/3213 interval_p95=57.98ms interval_p99=61.30ms execution_p95=2.92ms interval_misses=8 execution_misses=6
[INFO] [1787830366.596924528] [six_angels_material_sorting_client]: progress task=1 stage=return_to_end: task 1 returning to the end zone; goal=(-0.78, 0.55, 1.57); nav_status=navigating; NAV_TEL phase=transfer status=navigating segment=nav_end x=-1.590 y=0.836 yaw=-1.656 dist=0.859 yaw_err=-3.056 cmd=(0.000,0.550) clear=0.550 footprint=transit_stowed path=0.838 planned_straight=0.860 detour=0.975
[INFO] [1787830368.718519637] [six_angels_material_sorting_client]: progress task=1 stage=return_to_end: task 1 returning to the end zone; goal=(-0.78, 0.55, 1.57); nav_status=navigating; NAV_TEL phase=transfer status=navigating segment=nav_end x=-1.590 y=0.837 yaw=-1.049 dist=0.859 yaw_err=2.619 cmd=(0.000,0.550) clear=0.500 footprint=transit_stowed path=0.838 planned_straight=0.860 detour=0.975
[INFO] [1787830369.647191497] [six_angels_material_sorting_client]: CONTROL_LOOP_HEALTH samples=400/3313 interval_p95=59.09ms interval_p99=65.98ms execution_p95=2.97ms interval_misses=8 execution_misses=7
[INFO] [1787830370.697309337] [six_angels_material_sorting_client]: progress task=1 stage=return_to_end: task 1 returning to the end zone; goal=(-0.78, 0.55, 1.57); nav_status=navigating; NAV_TEL phase=transfer status=navigating segment=nav_end x=-1.584 y=0.834 yaw=-0.501 dist=0.853 yaw_err=2.072 cmd=(0.180,0.270) clear=0.550 footprint=transit_stowed path=0.838 planned_straight=0.860 detour=0.975
[INFO] [1787830372.697918274] [six_angels_material_sorting_client]: progress task=1 stage=return_to_end: task 1 returning to the end zone; goal=(-0.78, 0.55, 1.57); nav_status=navigating; NAV_TEL phase=transfer status=navigating segment=nav_end x=-1.423 y=0.769 yaw=-0.320 dist=0.679 yaw_err=1.890 cmd=(0.180,0.051) clear=0.500 footprint=transit_stowed path=0.838 planned_straight=0.860 detour=0.975
[INFO] [1787830374.739778291] [six_angels_material_sorting_client]: CONTROL_LOOP_HEALTH samples=400/3414 interval_p95=58.34ms interval_p99=60.20ms execution_p95=2.97ms interval_misses=8 execution_misses=7
[INFO] [1787830374.747005283] [six_angels_material_sorting_client]: progress task=1 stage=return_to_end: task 1 returning to the end zone; goal=(-0.78, 0.55, 1.57); nav_status=navigating; NAV_TEL phase=transfer status=navigating segment=nav_end x=-1.251 y=0.716 yaw=-0.291 dist=0.499 yaw_err=1.861 cmd=(0.180,0.002) clear=0.500 footprint=transit_stowed path=0.838 planned_straight=0.860 detour=0.975
[INFO] [1787830376.747611937] [six_angels_material_sorting_client]: progress task=1 stage=return_to_end: task 1 returning to the end zone; goal=(-0.78, 0.55, 1.57); nav_status=navigating; NAV_TEL phase=transfer status=navigating segment=nav_end x=-1.078 y=0.664 yaw=-0.293 dist=0.319 yaw_err=1.864 cmd=(0.180,-0.002) clear=0.400 footprint=transit_stowed path=0.838 planned_straight=0.860 detour=0.975
[INFO] [1787830378.816707728] [six_angels_material_sorting_client]: progress task=1 stage=return_to_end: task 1 returning to the end zone; goal=(-0.78, 0.55, 1.57); nav_status=final_positioning; NAV_TEL phase=transfer status=final_positioning segment=nav_end x=-0.918 y=0.615 yaw=-0.310 dist=0.153 yaw_err=1.881 cmd=(0.099,-0.264) clear=0.350 footprint=transit_stowed path=0.838 planned_straight=0.860 detour=0.975
[INFO] [1787830379.746997179] [six_angels_material_sorting_client]: CONTROL_LOOP_HEALTH samples=400/3515 interval_p95=56.99ms interval_p99=60.13ms execution_p95=3.20ms interval_misses=8 execution_misses=7
[INFO] [1787830380.846586730] [six_angels_material_sorting_client]: progress task=1 stage=return_to_end: task 1 returning to the end zone; goal=(-0.78, 0.55, 1.57); nav_status=final_aligning; NAV_TEL phase=transfer status=final_aligning segment=nav_end x=-0.843 y=0.584 yaw=-0.405 dist=0.072 yaw_err=1.976 cmd=(0.000,0.500) clear=0.300 footprint=transit_stowed path=0.838 planned_straight=0.860 detour=0.975
[INFO] [1787830382.859508152] [six_angels_material_sorting_client]: progress task=1 stage=return_to_end: task 1 returning to the end zone; goal=(-0.78, 0.55, 1.57); nav_status=final_aligning; NAV_TEL phase=transfer status=final_aligning segment=nav_end x=-0.843 y=0.584 yaw=0.135 dist=0.071 yaw_err=1.436 cmd=(0.000,0.500) clear=0.400 footprint=transit_stowed path=0.838 planned_straight=0.860 detour=0.975
[INFO] [1787830384.757987885] [six_angels_material_sorting_client]: CONTROL_LOOP_HEALTH samples=400/3615 interval_p95=55.06ms interval_p99=59.50ms execution_p95=3.11ms interval_misses=8 execution_misses=7
[INFO] [1787830384.896747264] [six_angels_material_sorting_client]: progress task=1 stage=return_to_end: task 1 returning to the end zone; goal=(-0.78, 0.55, 1.57); nav_status=final_aligning; NAV_TEL phase=transfer status=final_aligning segment=nav_end x=-0.843 y=0.584 yaw=0.650 dist=0.072 yaw_err=0.921 cmd=(0.000,0.500) clear=0.300 footprint=transit_stowed path=0.838 planned_straight=0.860 detour=0.975
[INFO] [1787830386.946573896] [six_angels_material_sorting_client]: progress task=1 stage=return_to_end: task 1 returning to the end zone; goal=(-0.78, 0.55, 1.57); nav_status=final_aligning; NAV_TEL phase=transfer status=final_aligning segment=nav_end x=-0.844 y=0.584 yaw=1.195 dist=0.072 yaw_err=0.376 cmd=(0.000,0.500) clear=0.300 footprint=transit_stowed path=0.838 planned_straight=0.860 detour=0.975
[INFO] [1787830388.462061939] [six_angels_material_sorting_client]: controller=waiting_for_referee task=1 attempt=1 stage=- score=40: task 1 local sequence completed; waiting for Server referee: task 1 returned to the end zone; local sequence complete
[INFO] [1787830388.496044977] [six_angels_material_sorting_client]: controller=starting_task task=2 attempt=1 stage=navigate_to_pick score=40: referee advanced to task 2; starting attempt 1
[INFO] [1787830388.546145334] [six_angels_material_sorting_client]: controller=executing_stage task=2 attempt=1 stage=navigate_to_pick score=40: task 2 entering navigate_to_pick
[INFO] [1787830388.601437109] [six_angels_material_sorting_client]: controller=executing_stage task=2 attempt=1 stage=navigate_to_pick score=40: task 2 attempt 1 stage=navigate_to_pick
[INFO] [1787830388.704134455] [six_angels_material_sorting_client]: scheduler candidate action=task2:navigate_to_pick:stand:left source=heuristic reason=rl_shadow_isolated:inference_result_stale costmap_v=159
[INFO] [1787830389.747272006] [six_angels_material_sorting_client]: CONTROL_LOOP_HEALTH samples=400/3715 interval_p95=51.01ms interval_p99=56.99ms execution_p95=3.18ms interval_misses=8 execution_misses=7
[INFO] [1787830390.599736020] [six_angels_material_sorting_client]: progress task=2 stage=navigate_to_pick: task 2 navigating to the brown shelf box; goal=(-1.50, 0.89, 3.14); nav_status=navigating; NAV_TEL phase=transfer status=navigating segment=nav_shelf x=-0.852 y=0.702 yaw=1.784 dist=0.674 yaw_err=1.357 cmd=(0.140,0.406) clear=0.450 footprint=transit_stowed path=0.950 planned_straight=0.724 detour=1.312
[INFO] [1787830392.647307004] [six_angels_material_sorting_client]: progress task=2 stage=navigate_to_pick: task 2 navigating to the brown shelf box; goal=(-1.50, 0.89, 3.14); nav_status=navigating; NAV_TEL phase=transfer status=navigating segment=nav_shelf x=-0.903 y=0.812 yaw=2.270 dist=0.602 yaw_err=0.872 cmd=(0.151,0.550) clear=0.550 footprint=transit_stowed path=0.950 planned_straight=0.724 detour=1.312
[INFO] [1787830394.647026526] [six_angels_material_sorting_client]: progress task=2 stage=navigate_to_pick: task 2 navigating to the brown shelf box; goal=(-1.50, 0.89, 3.14); nav_status=navigating; NAV_TEL phase=transfer status=navigating segment=nav_shelf x=-1.039 y=0.899 yaw=2.856 dist=0.461 yaw_err=0.286 cmd=(0.180,0.508) clear=0.650 footprint=transit_stowed path=0.950 planned_straight=0.724 detour=1.312
[INFO] [1787830394.796948343] [six_angels_material_sorting_client]: CONTROL_LOOP_HEALTH samples=400/3816 interval_p95=50.41ms interval_p99=50.94ms execution_p95=3.15ms interval_misses=8 execution_misses=7
[INFO] [1787830396.697301752] [six_angels_material_sorting_client]: progress task=2 stage=navigate_to_pick: task 2 navigating to the brown shelf box; goal=(-1.50, 0.89, 3.14); nav_status=navigating; NAV_TEL phase=transfer status=navigating segment=nav_shelf x=-1.205 y=0.913 yaw=-3.092 dist=0.296 yaw_err=-0.049 cmd=(0.180,0.112) clear=0.750 footprint=transit_stowed path=0.950 planned_straight=0.724 detour=1.312
[INFO] [1787830398.746770176] [six_angels_material_sorting_client]: progress task=2 stage=navigate_to_pick: task 2 navigating to the brown shelf box; goal=(-1.50, 0.89, 3.14); nav_status=final_positioning; NAV_TEL phase=transfer status=final_positioning segment=nav_shelf x=-1.362 y=0.899 yaw=-3.037 dist=0.138 yaw_err=-0.104 cmd=(0.100,-0.065) clear=0.700 footprint=transit_stowed path=0.950 planned_straight=0.724 detour=1.312
[INFO] [1787830399.846720512] [six_angels_material_sorting_client]: CONTROL_LOOP_HEALTH samples=400/3917 interval_p95=50.41ms interval_p99=50.91ms execution_p95=2.97ms interval_misses=8 execution_misses=7
[INFO] [1787830400.747929456] [six_angels_material_sorting_client]: progress task=2 stage=navigate_to_pick: task 2 navigating to the brown shelf box; goal=(-1.50, 0.89, 3.14); nav_status=final_positioning; NAV_TEL phase=transfer status=final_positioning segment=nav_shelf x=-1.436 y=0.893 yaw=-3.076 dist=0.064 yaw_err=-0.066 cmd=(0.051,-0.015) clear=0.700 footprint=transit_stowed path=0.950 planned_straight=0.724 detour=1.312
[INFO] [1787830401.251148058] [six_angels_material_sorting_client]: controller=executing_stage task=2 attempt=1 stage=acquire_target score=40: task 2 entering acquire_target: task 2 reached the far shelf arm-staging stand for brown
[INFO] [1787830401.296268836] [six_angels_material_sorting_client]: controller=executing_stage task=2 attempt=1 stage=acquire_target score=40: task 2 attempt 1 stage=acquire_target
[INFO] [1787830401.346298611] [six_angels_material_sorting_client]: controller=executing_stage task=2 attempt=1 stage=align_for_pick score=40: task 2 entering align_for_pick: task 2 validated the brown shelf layer; coarse target=(-2.722, 0.969, 0.513); full RGB-D object centre will be locked after camera settling
[INFO] [1787830401.396300317] [six_angels_material_sorting_client]: controller=executing_stage task=2 attempt=1 stage=align_for_pick score=40: task 2 attempt 1 stage=align_for_pick
[INFO] [1787830403.396274553] [six_angels_material_sorting_client]: progress task=2 stage=align_for_pick: task 2 moving the retracted arms to the target shelf layer; slide_target=0.789, slide_err=0.584, left_err=0.004, right_err=0.004, cmd_err=0.569, slide_vel=0.065, max_vel=0.065
[INFO] [1787830404.896194462] [six_angels_material_sorting_client]: CONTROL_LOOP_HEALTH samples=400/4018 interval_p95=50.41ms interval_p99=51.02ms execution_p95=2.70ms interval_misses=8 execution_misses=7
[INFO] [1787830405.396814159] [six_angels_material_sorting_client]: progress task=2 stage=align_for_pick: task 2 moving the retracted arms to the target shelf layer; slide_target=0.789, slide_err=0.466, left_err=0.003, right_err=0.003, cmd_err=0.449, slide_vel=0.128, max_vel=0.128
[INFO] [1787830407.446861109] [six_angels_material_sorting_client]: progress task=2 stage=align_for_pick: task 2 moving the retracted arms to the target shelf layer; slide_target=0.789, slide_err=0.343, left_err=0.003, right_err=0.003, cmd_err=0.326, slide_vel=0.054, max_vel=0.054
[INFO] [1787830409.497573178] [six_angels_material_sorting_client]: progress task=2 stage=align_for_pick: task 2 moving the retracted arms to the target shelf layer; slide_target=0.789, slide_err=0.222, left_err=0.003, right_err=0.003, cmd_err=0.203, slide_vel=0.116, max_vel=0.116
[INFO] [1787830409.897108301] [six_angels_material_sorting_client]: CONTROL_LOOP_HEALTH samples=400/4118 interval_p95=50.39ms interval_p99=50.89ms execution_p95=2.51ms interval_misses=8 execution_misses=7
[INFO] [1787830411.546615173] [six_angels_material_sorting_client]: progress task=2 stage=align_for_pick: task 2 moving the retracted arms to the target shelf layer; slide_target=0.789, slide_err=0.096, left_err=0.002, right_err=0.002, cmd_err=0.080, slide_vel=0.181, max_vel=0.181
[INFO] [1787830413.547066014] [six_angels_material_sorting_client]: progress task=2 stage=align_for_pick: task 2 moving the retracted arms to the target shelf layer; slide_target=0.789, slide_err=0.004, left_err=0.003, right_err=0.003, cmd_err=0.000, slide_vel=0.020, max_vel=0.020
[INFO] [1787830414.897016141] [six_angels_material_sorting_client]: CONTROL_LOOP_HEALTH samples=400/4218 interval_p95=50.40ms interval_p99=50.91ms execution_p95=2.31ms interval_misses=8 execution_misses=7
[INFO] [1787830415.596349826] [six_angels_material_sorting_client]: progress task=2 stage=align_for_pick: task 2 holding outside the shelf and collecting fresh target-centre frames; center_samples=0/7 quality=mask_cloud_cuboid rejected=0
[INFO] [1787830417.647381661] [six_angels_material_sorting_client]: progress task=2 stage=align_for_pick: task 2 advancing straight toward the locked object centre; advancing straight; remaining=0.424 m
[INFO] [1787830419.697102572] [six_angels_material_sorting_client]: progress task=2 stage=align_for_pick: task 2 advancing straight toward the locked object centre; advancing straight; remaining=0.326 m
[INFO] [1787830419.897283664] [six_angels_material_sorting_client]: CONTROL_LOOP_HEALTH samples=400/4318 interval_p95=50.45ms interval_p99=50.92ms execution_p95=2.29ms interval_misses=8 execution_misses=7
[INFO] [1787830421.746514952] [six_angels_material_sorting_client]: progress task=2 stage=align_for_pick: task 2 advancing straight toward the locked object centre; advancing straight; remaining=0.221 m
[INFO] [1787830423.746606346] [six_angels_material_sorting_client]: progress task=2 stage=align_for_pick: task 2 advancing straight toward the locked object centre; advancing straight; remaining=0.121 m
[INFO] [1787830424.947889286] [six_angels_material_sorting_client]: CONTROL_LOOP_HEALTH samples=400/4419 interval_p95=50.40ms interval_p99=50.89ms execution_p95=2.08ms interval_misses=8 execution_misses=7
[INFO] [1787830425.796762544] [six_angels_material_sorting_client]: progress task=2 stage=align_for_pick: task 2 advancing straight toward the locked object centre; advancing straight; remaining=0.067 m
[INFO] [1787830427.796524065] [six_angels_material_sorting_client]: progress task=2 stage=align_for_pick: task 2 advancing straight toward the locked object centre; advancing straight; remaining=0.033 m
[INFO] [1787830429.797104706] [six_angels_material_sorting_client]: progress task=2 stage=align_for_pick: task 2 correcting final base drift before shelf pregrasp; lateral alignment rotating toward shelf-front direction; yaw_err=1.452
[INFO] [1787830430.010200679] [six_angels_material_sorting_client]: CONTROL_LOOP_HEALTH samples=400/4520 interval_p95=50.27ms interval_p99=50.78ms execution_p95=1.95ms interval_misses=8 execution_misses=7
[INFO] [1787830431.846099969] [six_angels_material_sorting_client]: progress task=2 stage=align_for_pick: task 2 correcting final base drift before shelf pregrasp; lateral alignment rotating toward shelf-front direction; yaw_err=1.068
[INFO] [1787830433.895935331] [six_angels_material_sorting_client]: progress task=2 stage=align_for_pick: task 2 correcting final base drift before shelf pregrasp; lateral alignment rotating toward shelf-front direction; yaw_err=0.687
[INFO] [1787830435.046880072] [six_angels_material_sorting_client]: CONTROL_LOOP_HEALTH samples=400/4621 interval_p95=50.25ms interval_p99=50.59ms execution_p95=1.87ms interval_misses=8 execution_misses=7
[INFO] [1787830435.896284319] [six_angels_material_sorting_client]: progress task=2 stage=align_for_pick: task 2 correcting final base drift before shelf pregrasp; lateral alignment rotating toward shelf-front direction; yaw_err=0.330
[INFO] [1787830437.896106904] [six_angels_material_sorting_client]: progress task=2 stage=align_for_pick: task 2 correcting final base drift before shelf pregrasp; lateral alignment rotating toward shelf-front direction; yaw_err=0.068
[INFO] [1787830439.946863574] [six_angels_material_sorting_client]: progress task=2 stage=align_for_pick: task 2 correcting final base drift before shelf pregrasp; lateral alignment driving along shelf front; y_err=-0.108, x_err=0.003
[INFO] [1787830440.046775064] [six_angels_material_sorting_client]: CONTROL_LOOP_HEALTH samples=400/4721 interval_p95=50.30ms interval_p99=50.58ms execution_p95=1.83ms interval_misses=8 execution_misses=7
[INFO] [1787830441.946385507] [six_angels_material_sorting_client]: progress task=2 stage=align_for_pick: task 2 correcting final base drift before shelf pregrasp; lateral alignment driving along shelf front; y_err=-0.064, x_err=0.004
[INFO] [1787830443.996110463] [six_angels_material_sorting_client]: progress task=2 stage=align_for_pick: task 2 correcting final base drift before shelf pregrasp; lateral alignment driving along shelf front; y_err=-0.028, x_err=0.004
[INFO] [1787830445.096234484] [six_angels_material_sorting_client]: CONTROL_LOOP_HEALTH samples=400/4822 interval_p95=50.32ms interval_p99=50.58ms execution_p95=1.81ms interval_misses=8 execution_misses=7
[INFO] [1787830445.996279844] [six_angels_material_sorting_client]: progress task=2 stage=align_for_pick: task 2 correcting final base drift before shelf pregrasp; lateral alignment restoring shelf-facing yaw; yaw_err=-1.446
[INFO] [1787830448.046423509] [six_angels_material_sorting_client]: progress task=2 stage=align_for_pick: task 2 correcting final base drift before shelf pregrasp; lateral alignment restoring shelf-facing yaw; yaw_err=-1.059
[INFO] [1787830450.096270762] [six_angels_material_sorting_client]: progress task=2 stage=align_for_pick: task 2 correcting final base drift before shelf pregrasp; lateral alignment restoring shelf-facing yaw; yaw_err=-0.691
[INFO] [1787830450.097396134] [six_angels_material_sorting_client]: CONTROL_LOOP_HEALTH samples=400/4922 interval_p95=50.40ms interval_p99=50.68ms execution_p95=1.81ms interval_misses=8 execution_misses=7
[INFO] [1787830452.145922284] [six_angels_material_sorting_client]: progress task=2 stage=align_for_pick: task 2 correcting final base drift before shelf pregrasp; lateral alignment restoring shelf-facing yaw; yaw_err=-0.307
[INFO] [1787830454.146362161] [six_angels_material_sorting_client]: progress task=2 stage=align_for_pick: task 2 correcting final base drift before shelf pregrasp; lateral alignment restoring shelf-facing yaw; yaw_err=-0.061
[INFO] [1787830455.146463139] [six_angels_material_sorting_client]: CONTROL_LOOP_HEALTH samples=400/5023 interval_p95=50.43ms interval_p99=50.68ms execution_p95=1.81ms interval_misses=8 execution_misses=7
[INFO] [1787830456.146682766] [six_angels_material_sorting_client]: progress task=2 stage=align_for_pick: task 2 fine-aligning arms around the shelf box; task 1 moving both open arms to pregrasp; target_base=(0.757, -0.007, 0.516); arm_tol=0.030, slide_err=0.009, left_err=1.468, right_err=1.464, cmd_err=1.340, max_vel=0.608
[INFO] [1787830458.197096066] [six_angels_material_sorting_client]: progress task=2 stage=align_for_pick: task 2 fine-aligning arms around the shelf box; task 1 moving both open arms to pregrasp; target_base=(0.757, -0.007, 0.516); arm_tol=0.030, slide_err=0.008, left_err=0.003, right_err=0.003, cmd_err=0.000, max_vel=0.004
[INFO] [1787830458.347849062] [six_angels_material_sorting_client]: controller=executing_stage task=2 attempt=1 stage=grasp score=40: task 2 entering grasp: task 2 both open arms reached the shelf-box pregrasp pose after the safe straight approach
[INFO] [1787830458.396685424] [six_angels_material_sorting_client]: controller=executing_stage task=2 attempt=1 stage=grasp score=40: task 2 attempt 1 stage=grasp
[INFO] [1787830460.146976834] [six_angels_material_sorting_client]: CONTROL_LOOP_HEALTH samples=400/5123 interval_p95=50.43ms interval_p99=50.77ms execution_p95=2.11ms interval_misses=8 execution_misses=7
[INFO] [1787830460.449704597] [six_angels_material_sorting_client]: progress task=2 stage=grasp: task 1 continuously advancing the compliant contact search; speed=0.5 mm/s, offset=0.3/16.0 mm, surface_clearance=9.7 mm; compliance=active; left[contact=True, aligned=False, angle=1.1deg, effort_delta=1.86, effort_threshold=0.35, firm=True, firm_latched=False, velocity=0.001]; right[contact=True, aligned=False, angle=1.1deg, effort_delta=1.81, effort_threshold=0.35, firm=True, firm_latched=False, velocity=0.004]
[INFO] [1787830462.498779752] [six_angels_material_sorting_client]: progress task=2 stage=grasp: task 1 continuously applying locked-wrist preload; offset=1.9/2.7 mm; compliance=active; left[contact=True, aligned=True, angle=3.2deg, effort_delta=0.11, effort_threshold=0.35, firm=False, firm_latched=False, velocity=0.000]; right[contact=True, aligned=True, angle=3.0deg, effort_delta=0.03, effort_threshold=0.35, firm=False, firm_latched=False, velocity=0.000]
[INFO] [1787830463.898007554] [six_angels_material_sorting_client]: controller=executing_stage task=2 attempt=1 stage=lift score=40: task 2 entering lift: task 1 bilateral compliant grasp settled with locked wrists and 2.7 mm bounded preload; compliance=active; left[contact=True, aligned=True, angle=3.2deg, effort_delta=0.08, effort_threshold=0.35, firm=False, firm_latched=False, velocity=0.000]; right[contact=True, aligned=True, angle=3.0deg, effort_delta=0.00, effort_threshold=0.35, firm=False, firm_latched=False, velocity=0.000]
[INFO] [1787830463.946969537] [six_angels_material_sorting_client]: controller=executing_stage task=2 attempt=1 stage=lift score=40: task 2 attempt 1 stage=lift
[INFO] [1787830465.196873305] [six_angels_material_sorting_client]: CONTROL_LOOP_HEALTH samples=400/5224 interval_p95=50.45ms interval_p99=50.68ms execution_p95=4.26ms interval_misses=8 execution_misses=7
[INFO] [1787830465.997352322] [six_angels_material_sorting_client]: progress task=2 stage=lift: task 1 raising the spine while preserving arm preload; lift=0.080m, slide_target=0.706, slide_err=0.014, left_err=0.018, right_err=0.018, cmd_err=0.000, max_vel=0.017
[INFO] [1787830466.947627302] [six_angels_material_sorting_client]: controller=executing_stage task=2 attempt=1 stage=transport score=40: task 2 entering transport: task 1 lifted the held box 0.080 m; holding before transport
[INFO] [1787830467.045873878] [six_angels_material_sorting_client]: controller=executing_stage task=2 attempt=1 stage=transport score=40: task 2 attempt 1 stage=transport
[INFO] [1787830468.596746096] [six_angels_material_sorting_client]: scheduler candidate action=task2:transport:stand:left source=heuristic reason=rl_shadow_isolated:inference_result_stale costmap_v=201
[INFO] [1787830469.101024830] [six_angels_material_sorting_client]: progress task=2 stage=transport: task 2 holding the shelf box and retreating straight; remaining=0.490 m
[INFO] [1787830470.246500630] [six_angels_material_sorting_client]: CONTROL_LOOP_HEALTH samples=400/5323 interval_p95=50.82ms interval_p99=55.29ms execution_p95=4.31ms interval_misses=9 execution_misses=9
[INFO] [1787830471.094992246] [six_angels_material_sorting_client]: progress task=2 stage=transport: task 2 holding the shelf box and retreating straight; remaining=0.360 m
[INFO] [1787830473.073715526] [six_angels_material_sorting_client]: progress task=2 stage=transport: task 2 holding the shelf box and retreating straight; remaining=0.218 m
[INFO] [1787830475.070601155] [six_angels_material_sorting_client]: progress task=2 stage=transport: task 2 holding the shelf box and retreating straight; remaining=0.104 m
[INFO] [1787830475.299504943] [six_angels_material_sorting_client]: CONTROL_LOOP_HEALTH samples=400/5423 interval_p95=55.03ms interval_p99=57.22ms execution_p95=4.56ms interval_misses=9 execution_misses=9
[INFO] [1787830477.207844691] [six_angels_material_sorting_client]: progress task=2 stage=transport: task 2 holding the shelf box and retreating straight; remaining=0.044 m
[INFO] [1787830479.146642710] [six_angels_material_sorting_client]: progress task=2 stage=transport: task 2 raising the held box to maximum transport height; slide_target=-0.040, slide_err=0.731, left_err=0.018, right_err=0.018, cmd_err=0.701, slide_vel=0.150, max_vel=0.150
[INFO] [1787830480.219987405] [six_angels_material_sorting_client]: CONTROL_LOOP_HEALTH samples=400/5521 interval_p95=55.31ms interval_p99=60.92ms execution_p95=4.56ms interval_misses=11 execution_misses=10
[INFO] [1787830481.232983907] [six_angels_material_sorting_client]: progress task=2 stage=transport: task 2 raising the held box to maximum transport height; slide_target=-0.040, slide_err=0.606, left_err=0.018, right_err=0.017, cmd_err=0.578, slide_vel=0.069, max_vel=0.069
[INFO] [1787830483.222371019] [six_angels_material_sorting_client]: progress task=2 stage=transport: task 2 raising the held box to maximum transport height; slide_target=-0.040, slide_err=0.488, left_err=0.017, right_err=0.017, cmd_err=0.458, slide_vel=0.038, max_vel=0.038
[INFO] [1787830485.282796031] [six_angels_material_sorting_client]: progress task=2 stage=transport: task 2 raising the held box to maximum transport height; slide_target=-0.040, slide_err=0.365, left_err=0.018, right_err=0.017, cmd_err=0.335, slide_vel=0.124, max_vel=0.124
[INFO] [1787830485.397392394] [six_angels_material_sorting_client]: CONTROL_LOOP_HEALTH samples=400/5622 interval_p95=56.14ms interval_p99=60.92ms execution_p95=2.07ms interval_misses=11 execution_misses=10
[INFO] [1787830487.311410727] [six_angels_material_sorting_client]: progress task=2 stage=transport: task 2 raising the held box to maximum transport height; slide_target=-0.040, slide_err=0.242, left_err=0.017, right_err=0.017, cmd_err=0.215, slide_vel=0.090, max_vel=0.090
[INFO] [1787830489.297625461] [six_angels_material_sorting_client]: progress task=2 stage=transport: task 2 raising the held box to maximum transport height; slide_target=-0.040, slide_err=0.122, left_err=0.017, right_err=0.017, cmd_err=0.092, slide_vel=0.160, max_vel=0.160
[INFO] [1787830490.296846758] [six_angels_material_sorting_client]: CONTROL_LOOP_HEALTH samples=400/5721 interval_p95=56.14ms interval_p99=60.92ms execution_p95=2.05ms interval_misses=12 execution_misses=11
[INFO] [1787830491.361846835] [six_angels_material_sorting_client]: progress task=2 stage=transport: task 2 raising the held box to maximum transport height; slide_target=-0.040, slide_err=0.018, left_err=0.017, right_err=0.017, cmd_err=0.000, slide_vel=0.025, max_vel=0.025
[INFO] [1787830493.456212529] [six_angels_material_sorting_client]: progress task=2 stage=transport: task 2 preserving the shelf grasp while reversing toward table column x=-0.996; retreating straight; remaining=0.258 m; minimum carried-envelope clearance=0.299 m (carried_box to shelf)
[INFO] [1787830495.358665859] [six_angels_material_sorting_client]: CONTROL_LOOP_HEALTH samples=400/5820 interval_p95=59.03ms interval_p99=63.53ms execution_p95=2.63ms interval_misses=13 execution_misses=13
[INFO] [1787830495.364136618] [six_angels_material_sorting_client]: progress task=2 stage=transport: task 2 preserving the shelf grasp while reversing toward table column x=-0.996; retreating straight; remaining=0.139 m; minimum carried-envelope clearance=0.418 m (carried_box to shelf)
[INFO] [1787830497.498565267] [six_angels_material_sorting_client]: progress task=2 stage=transport: task 2 preserving the shelf grasp while reversing toward table column x=-0.996; retreating straight; remaining=0.066 m; minimum carried-envelope clearance=0.454 m (left_shoulder to south_wall)
[INFO] [1787830499.470081011] [six_angels_material_sorting_client]: progress task=2 stage=transport: task 2 preserving the shelf grasp while reversing toward table column x=-0.996; retreating straight; remaining=0.026 m; minimum carried-envelope clearance=0.454 m (left_shoulder to south_wall)
[INFO] [1787830500.348877472] [six_angels_material_sorting_client]: CONTROL_LOOP_HEALTH samples=400/5920 interval_p95=58.90ms interval_p99=68.15ms execution_p95=3.34ms interval_misses=14 execution_misses=16
[INFO] [1787830501.449730407] [six_angels_material_sorting_client]: progress task=2 stage=transport: task 2 preserving the shelf grasp while turning north; goal=(-1.01, 0.78, 1.57); nav_status=final_aligning; NAV_TEL phase=transfer status=final_aligning segment=nav_table x=-1.004 y=0.784 yaw=2.793 dist=0.006 yaw_err=-1.223 cmd=(0.000,-0.500) clear=0.500 footprint=transit_carry path=0.000 planned_straight=0.000 detour=1.000; minimum carried-envelope clearance=0.496 m (left_shoulder to south_wall)
[INFO] [1787830503.637980904] [six_angels_material_sorting_client]: progress task=2 stage=transport: task 2 preserving the shelf grasp while turning north; goal=(-1.01, 0.78, 1.57); nav_status=final_aligning; NAV_TEL phase=transfer status=final_aligning segment=nav_table x=-1.004 y=0.784 yaw=2.222 dist=0.007 yaw_err=-0.652 cmd=(0.000,-0.500) clear=0.500 footprint=transit_carry path=0.000 planned_straight=0.000 detour=1.000; minimum carried-envelope clearance=0.612 m (left_shoulder to south_wall)
[INFO] [1787830505.459360712] [six_angels_material_sorting_client]: CONTROL_LOOP_HEALTH samples=400/6020 interval_p95=59.48ms interval_p99=71.72ms execution_p95=3.68ms interval_misses=15 execution_misses=17
[INFO] [1787830505.541576161] [six_angels_material_sorting_client]: progress task=2 stage=transport: task 2 preserving the shelf grasp while turning north; goal=(-1.01, 0.78, 1.57); nav_status=final_aligning; NAV_TEL phase=transfer status=final_aligning segment=nav_table x=-1.004 y=0.783 yaw=1.737 dist=0.007 yaw_err=-0.166 cmd=(0.000,-0.333) clear=0.550 footprint=transit_carry path=0.000 planned_straight=0.000 detour=1.000; minimum carried-envelope clearance=0.673 m (base to south_wall)
[INFO] [1787830507.553590298] [six_angels_material_sorting_client]: progress task=2 stage=transport: task 2 carrying the unchanged shelf grasp north toward table entry y=1.192; advancing straight; remaining=0.347 m; minimum carried-envelope clearance=0.734 m (base to south_wall)
[INFO] [1787830509.533884572] [six_angels_material_sorting_client]: progress task=2 stage=transport: task 2 carrying the unchanged shelf grasp north toward table entry y=1.192; advancing straight; remaining=0.251 m; minimum carried-envelope clearance=0.749 m (base to table)
[INFO] [1787830510.421136095] [six_angels_material_sorting_client]: CONTROL_LOOP_HEALTH samples=400/6119 interval_p95=59.69ms interval_p99=71.72ms execution_p95=3.71ms interval_misses=16 execution_misses=18
[INFO] [1787830511.547017049] [six_angels_material_sorting_client]: progress task=2 stage=transport: task 2 carrying the unchanged shelf grasp north toward table entry y=1.192; advancing straight; remaining=0.156 m; minimum carried-envelope clearance=0.666 m (base to table)
[INFO] [1787830513.547001364] [six_angels_material_sorting_client]: progress task=2 stage=transport: task 2 carrying the unchanged shelf grasp north toward table entry y=1.192; advancing straight; remaining=0.091 m; minimum carried-envelope clearance=0.629 m (base to table)
[INFO] [1787830515.449170173] [six_angels_material_sorting_client]: CONTROL_LOOP_HEALTH samples=400/6220 interval_p95=59.38ms interval_p99=68.15ms execution_p95=3.86ms interval_misses=16 execution_misses=18
[INFO] [1787830515.549128021] [six_angels_material_sorting_client]: progress task=2 stage=transport: task 2 carrying the unchanged shelf grasp north toward table entry y=1.192; advancing straight; remaining=0.054 m; minimum carried-envelope clearance=0.604 m (base to table)
[INFO] [1787830517.607934793] [six_angels_material_sorting_client]: progress task=2 stage=transport: task 2 carrying the unchanged shelf grasp north toward table entry y=1.192; advancing straight; remaining=0.022 m; minimum carried-envelope clearance=0.572 m (base to table)
[INFO] [1787830518.201923761] [six_angels_material_sorting_client]: controller=executing_stage task=2 attempt=1 stage=align_for_place score=80: task 2 entering align_for_place: task 2 reached the table entry through envelope-checked reverse, turn and forward segments without changing the grasp
[INFO] [1787830518.214809413] [six_angels_material_sorting_client]: controller=executing_stage task=2 attempt=1 stage=align_for_place score=80: task 2 attempt 1 stage=align_for_place
[INFO] [1787830520.245999786] [six_angels_material_sorting_client]: progress task=2 stage=align_for_place: task 2 moving box to table clearance height; slide_target=0.413, slide_err=0.345, left_err=0.017, right_err=0.017, cmd_err=0.330, slide_vel=0.110, max_vel=0.110
[INFO] [1787830520.496368507] [six_angels_material_sorting_client]: CONTROL_LOOP_HEALTH samples=400/6321 interval_p95=59.21ms interval_p99=60.93ms execution_p95=4.02ms interval_misses=16 execution_misses=19
[INFO] [1787830522.246136017] [six_angels_material_sorting_client]: progress task=2 stage=align_for_place: task 2 moving box to table clearance height; slide_target=0.413, slide_err=0.226, left_err=0.017, right_err=0.017, cmd_err=0.210, slide_vel=0.062, max_vel=0.062
[INFO] [1787830524.246405297] [six_angels_material_sorting_client]: progress task=2 stage=align_for_place: task 2 moving box to table clearance height; slide_target=0.413, slide_err=0.105, left_err=0.017, right_err=0.017, cmd_err=0.090, slide_vel=0.108, max_vel=0.108
[INFO] [1787830525.546499630] [six_angels_material_sorting_client]: CONTROL_LOOP_HEALTH samples=400/6422 interval_p95=57.08ms interval_p99=59.99ms execution_p95=3.59ms interval_misses=16 execution_misses=19
[INFO] [1787830526.246699495] [six_angels_material_sorting_client]: progress task=2 stage=align_for_place: task 2 moving box to table clearance height; slide_target=0.413, slide_err=0.006, left_err=0.017, right_err=0.017, cmd_err=0.000, slide_vel=0.026, max_vel=0.026
[INFO] [1787830528.297045087] [six_angels_material_sorting_client]: progress task=2 stage=align_for_place: task 2 advancing straight from table entry to the exact saved origin; advancing straight; remaining=0.246 m; minimum carried-envelope clearance=0.494 m (base to table)
[INFO] [1787830530.346985957] [six_angels_material_sorting_client]: progress task=2 stage=align_for_place: task 2 advancing straight from table entry to the exact saved origin; advancing straight; remaining=0.153 m; minimum carried-envelope clearance=0.414 m (base to table)
[INFO] [1787830530.547743774] [six_angels_material_sorting_client]: CONTROL_LOOP_HEALTH samples=400/6522 interval_p95=56.27ms interval_p99=59.78ms execution_p95=3.51ms interval_misses=16 execution_misses=19
[INFO] [1787830532.396779626] [six_angels_material_sorting_client]: progress task=2 stage=align_for_place: task 2 advancing straight from table entry to the exact saved origin; advancing straight; remaining=0.085 m; minimum carried-envelope clearance=0.376 m (base to table)
[INFO] [1787830534.447061925] [six_angels_material_sorting_client]: progress task=2 stage=align_for_place: task 2 advancing straight from table entry to the exact saved origin; advancing straight; remaining=0.045 m; minimum carried-envelope clearance=0.345 m (base to table)
[INFO] [1787830535.598027965] [six_angels_material_sorting_client]: CONTROL_LOOP_HEALTH samples=400/6623 interval_p95=50.51ms interval_p99=57.26ms execution_p95=3.04ms interval_misses=16 execution_misses=19
[INFO] [1787830536.248460195] [six_angels_material_sorting_client]: controller=executing_stage task=2 attempt=1 stage=place score=80: task 2 entering place: task 2 aligned held box over task 1's original table coordinate
[INFO] [1787830536.296538056] [six_angels_material_sorting_client]: controller=executing_stage task=2 attempt=1 stage=place score=80: task 2 attempt 1 stage=place
[INFO] [1787830538.296666319] [six_angels_material_sorting_client]: progress task=2 stage=place: task 2 lowering box compliantly onto original table point; slide_target=0.456, slide_err=0.003, left_err=0.017, right_err=0.017, cmd_err=0.000, slide_vel=0.018, max_vel=0.018; compliant_place_phase=fast_approach, remaining_mm=12.0, step_mm=2.0, completion=None; placement_effort=active, slide_ratio=0.00, left_wrist_ratio=0.00, right_wrist_ratio=0.00, left_arm_max=0.00, right_arm_max=0.00, candidate=False, confirmed=False
[INFO] [1787830540.346254473] [six_angels_material_sorting_client]: progress task=2 stage=place: task 2 lowering box compliantly onto original table point; slide_target=0.460, slide_err=0.002, left_err=0.017, right_err=0.017, cmd_err=0.000, slide_vel=0.007, max_vel=0.007; compliant_place_phase=fine_descent, remaining_mm=8.0, step_mm=2.0, completion=None; placement_effort=active, slide_ratio=239.57, left_wrist_ratio=0.09, right_wrist_ratio=0.25, left_arm_max=2.50, right_arm_max=2.55, candidate=False, confirmed=False
[INFO] [1787830540.646443876] [six_angels_material_sorting_client]: CONTROL_LOOP_HEALTH samples=400/6724 interval_p95=50.41ms interval_p99=50.67ms execution_p95=2.71ms interval_misses=16 execution_misses=19
[INFO] [1787830542.395860797] [six_angels_material_sorting_client]: progress task=2 stage=place: task 2 spreading both arms for table release; target_base=(0.768, -0.017, 0.834); arm_tol=0.030, slide_err=0.003, left_err=0.005, right_err=0.004, cmd_err=0.000, max_vel=0.007
[INFO] [1787830542.646804967] [six_angels_material_sorting_client]: controller=executing_stage task=2 attempt=1 stage=verify_place score=80: task 2 entering verify_place: task 2 opened both arms and released at task 1's original point
[INFO] [1787830542.696837951] [six_angels_material_sorting_client]: controller=executing_stage task=2 attempt=1 stage=verify_place score=80: task 2 attempt 1 stage=verify_place
[INFO] [1787830543.746458629] [six_angels_material_sorting_client]: controller=executing_stage task=2 attempt=1 stage=return_to_end score=80: task 2 entering return_to_end: task 2 table placement settled; handing result to referee
[INFO] [1787830543.859981449] [six_angels_material_sorting_client]: controller=executing_stage task=2 attempt=1 stage=return_to_end score=80: task 2 attempt 1 stage=return_to_end
[INFO] [1787830543.864155786] [six_angels_material_sorting_client]: scheduler candidate action=task2:return_to_end:stand:left source=heuristic reason=rl_shadow_isolated:submitted costmap_v=365
[INFO] [1787830545.646991741] [six_angels_material_sorting_client]: CONTROL_LOOP_HEALTH samples=400/6824 interval_p95=50.44ms interval_p99=55.03ms execution_p95=2.81ms interval_misses=16 execution_misses=20
[INFO] [1787830545.805039336] [six_angels_material_sorting_client]: progress task=2 stage=return_to_end: task 2 retreating straight; remaining=0.245 m after table release
[INFO] [1787830547.846010852] [six_angels_material_sorting_client]: progress task=2 stage=return_to_end: task 2 retreating straight; remaining=0.133 m after table release
[INFO] [1787830549.846376140] [six_angels_material_sorting_client]: progress task=2 stage=return_to_end: task 2 retreating straight; remaining=0.065 m after table release
[INFO] [1787830550.737963492] [six_angels_material_sorting_client]: CONTROL_LOOP_HEALTH samples=400/6925 interval_p95=50.98ms interval_p99=58.16ms execution_p95=2.61ms interval_misses=16 execution_misses=20
[INFO] [1787830551.896014539] [six_angels_material_sorting_client]: progress task=2 stage=return_to_end: task 2 retreating straight; remaining=0.021 m after table release
[INFO] [1787830553.947910271] [six_angels_material_sorting_client]: progress task=2 stage=return_to_end: task 2 retracting arms after table retreat; transport retract; slide_err=0.001, left_err=0.003, right_err=0.003, cmd_err=0.000, max_vel=0.012
[INFO] [1787830555.697413166] [six_angels_material_sorting_client]: CONTROL_LOOP_HEALTH samples=400/7025 interval_p95=52.21ms interval_p99=58.16ms execution_p95=2.36ms interval_misses=16 execution_misses=20
[INFO] [1787830555.996896337] [six_angels_material_sorting_client]: progress task=2 stage=return_to_end: task 2 returning to the end zone; goal=(-0.78, 0.55, 1.57); nav_status=navigating; NAV_TEL phase=transfer status=navigating segment=nav_end x=-1.008 y=1.090 yaw=1.287 dist=0.586 yaw_err=0.284 cmd=(0.000,-0.550) clear=0.550 footprint=transit_stowed path=0.539 planned_straight=0.587 detour=0.918
[INFO] [1787830558.082418343] [six_angels_material_sorting_client]: progress task=2 stage=return_to_end: task 2 returning to the end zone; goal=(-0.78, 0.55, 1.57); nav_status=navigating; NAV_TEL phase=transfer status=navigating segment=nav_end x=-1.008 y=1.090 yaw=0.745 dist=0.586 yaw_err=0.825 cmd=(0.000,-0.550) clear=0.550 footprint=transit_stowed path=0.539 planned_straight=0.587 detour=0.918
[INFO] [1787830560.083861808] [six_angels_material_sorting_client]: progress task=2 stage=return_to_end: task 2 returning to the end zone; goal=(-0.78, 0.55, 1.57); nav_status=navigating; NAV_TEL phase=transfer status=navigating segment=nav_end x=-1.009 y=1.090 yaw=0.208 dist=0.586 yaw_err=1.363 cmd=(0.000,-0.550) clear=0.600 footprint=transit_stowed path=0.539 planned_straight=0.587 detour=0.918
[INFO] [1787830560.747154596] [six_angels_material_sorting_client]: CONTROL_LOOP_HEALTH samples=400/7126 interval_p95=52.21ms interval_p99=58.16ms execution_p95=2.46ms interval_misses=16 execution_misses=20
[INFO] [1787830562.096576711] [six_angels_material_sorting_client]: progress task=2 stage=return_to_end: task 2 returning to the end zone; goal=(-0.78, 0.55, 1.57); nav_status=navigating; NAV_TEL phase=transfer status=navigating segment=nav_end x=-1.009 y=1.090 yaw=-0.330 dist=0.586 yaw_err=1.901 cmd=(0.000,-0.550) clear=0.550 footprint=transit_stowed path=0.539 planned_straight=0.587 detour=0.918
[INFO] [1787830564.096903302] [six_angels_material_sorting_client]: progress task=2 stage=return_to_end: task 2 returning to the end zone; goal=(-0.78, 0.55, 1.57); nav_status=navigating; NAV_TEL phase=transfer status=navigating segment=nav_end x=-1.010 y=1.090 yaw=-0.868 dist=0.587 yaw_err=2.438 cmd=(0.000,-0.550) clear=0.550 footprint=transit_stowed path=0.539 planned_straight=0.587 detour=0.918
[INFO] [1787830565.747265317] [six_angels_material_sorting_client]: CONTROL_LOOP_HEALTH samples=400/7226 interval_p95=50.74ms interval_p99=55.44ms execution_p95=2.49ms interval_misses=16 execution_misses=20
[INFO] [1787830566.146664174] [six_angels_material_sorting_client]: progress task=2 stage=return_to_end: task 2 returning to the end zone; goal=(-0.78, 0.55, 1.57); nav_status=navigating; NAV_TEL phase=transfer status=navigating segment=nav_end x=-0.940 y=0.963 yaw=-1.140 dist=0.442 yaw_err=2.711 cmd=(0.180,-0.081) clear=0.600 footprint=transit_stowed path=0.539 planned_straight=0.587 detour=0.918
[INFO] [1787830568.146535613] [six_angels_material_sorting_client]: progress task=2 stage=return_to_end: task 2 returning to the end zone; goal=(-0.78, 0.55, 1.57); nav_status=navigating; NAV_TEL phase=transfer status=navigating segment=nav_end x=-0.872 y=0.802 yaw=-1.191 dist=0.268 yaw_err=2.762 cmd=(0.180,-0.015) clear=0.450 footprint=transit_stowed path=0.539 planned_straight=0.587 detour=0.918
[INFO] [1787830570.146420730] [six_angels_material_sorting_client]: progress task=2 stage=return_to_end: task 2 returning to the end zone; goal=(-0.78, 0.55, 1.57); nav_status=final_positioning; NAV_TEL phase=transfer status=final_positioning segment=nav_end x=-0.821 y=0.670 yaw=-1.223 dist=0.127 yaw_err=2.794 cmd=(0.100,-0.040) clear=0.350 footprint=transit_stowed path=0.539 planned_straight=0.587 detour=0.918
[INFO] [1787830570.796896256] [six_angels_material_sorting_client]: CONTROL_LOOP_HEALTH samples=400/7327 interval_p95=50.38ms interval_p99=50.75ms execution_p95=2.66ms interval_misses=16 execution_misses=20
[INFO] [1787830572.207252648] [six_angels_material_sorting_client]: progress task=2 stage=return_to_end: task 2 returning to the end zone; goal=(-0.78, 0.55, 1.57); nav_status=final_aligning; NAV_TEL phase=transfer status=final_aligning segment=nav_end x=-0.802 y=0.617 yaw=-1.049 dist=0.070 yaw_err=2.620 cmd=(0.000,0.500) clear=0.250 footprint=transit_stowed path=0.539 planned_straight=0.587 detour=0.918
[INFO] [1787830574.207778955] [six_angels_material_sorting_client]: progress task=2 stage=return_to_end: task 2 returning to the end zone; goal=(-0.78, 0.55, 1.57); nav_status=final_aligning; NAV_TEL phase=transfer status=final_aligning segment=nav_end x=-0.802 y=0.617 yaw=-0.522 dist=0.070 yaw_err=2.093 cmd=(0.000,0.500) clear=0.350 footprint=transit_stowed path=0.539 planned_straight=0.587 detour=0.918
[INFO] [1787830575.846590628] [six_angels_material_sorting_client]: CONTROL_LOOP_HEALTH samples=400/7428 interval_p95=50.28ms interval_p99=50.63ms execution_p95=2.65ms interval_misses=16 execution_misses=20
[INFO] [1787830576.246723255] [six_angels_material_sorting_client]: progress task=2 stage=return_to_end: task 2 returning to the end zone; goal=(-0.78, 0.55, 1.57); nav_status=final_aligning; NAV_TEL phase=transfer status=final_aligning segment=nav_end x=-0.803 y=0.617 yaw=-0.016 dist=0.071 yaw_err=1.587 cmd=(0.000,0.500) clear=0.450 footprint=transit_stowed path=0.539 planned_straight=0.587 detour=0.918
[INFO] [1787830578.296818603] [six_angels_material_sorting_client]: progress task=2 stage=return_to_end: task 2 returning to the end zone; goal=(-0.78, 0.55, 1.57); nav_status=final_aligning; NAV_TEL phase=transfer status=final_aligning segment=nav_end x=-0.803 y=0.617 yaw=0.476 dist=0.071 yaw_err=1.095 cmd=(0.000,0.500) clear=0.350 footprint=transit_stowed path=0.539 planned_straight=0.587 detour=0.918
[INFO] [1787830580.354754352] [six_angels_material_sorting_client]: progress task=2 stage=return_to_end: task 2 returning to the end zone; goal=(-0.78, 0.55, 1.57); nav_status=final_aligning; NAV_TEL phase=transfer status=final_aligning segment=nav_end x=-0.804 y=0.617 yaw=1.007 dist=0.071 yaw_err=0.564 cmd=(0.000,0.500) clear=0.350 footprint=transit_stowed path=0.539 planned_straight=0.587 detour=0.918
[INFO] [1787830580.846668802] [six_angels_material_sorting_client]: CONTROL_LOOP_HEALTH samples=400/7528 interval_p95=50.34ms interval_p99=50.64ms execution_p95=2.62ms interval_misses=16 execution_misses=20
[INFO] [1787830582.347943353] [six_angels_material_sorting_client]: progress task=2 stage=return_to_end: task 2 returning to the end zone; goal=(-0.78, 0.55, 1.57); nav_status=final_aligning; NAV_TEL phase=transfer status=final_aligning segment=nav_end x=-0.804 y=0.616 yaw=1.466 dist=0.070 yaw_err=0.104 cmd=(0.000,0.209) clear=0.400 footprint=transit_stowed path=0.539 planned_straight=0.587 detour=0.918
[INFO] [1787830582.648207384] [six_angels_material_sorting_client]: controller=waiting_for_referee task=2 attempt=1 stage=- score=100: task 2 local sequence completed; waiting for Server referee: task 2 returned to the end zone; local sequence complete
[INFO] [1787830582.696202474] [six_angels_material_sorting_client]: controller=starting_task task=3 attempt=1 stage=navigate_to_pick score=100: referee advanced to task 3; starting attempt 1
[INFO] [1787830582.745066945] [six_angels_material_sorting_client]: task detection epoch retains pink RGB-D history
[INFO] [1787830582.747070018] [six_angels_material_sorting_client]: controller=executing_stage task=3 attempt=1 stage=navigate_to_pick score=100: task 3 entering navigate_to_pick
[INFO] [1787830582.917847913] [six_angels_material_sorting_client]: controller=executing_stage task=3 attempt=1 stage=navigate_to_pick score=100: task 3 attempt 1 stage=navigate_to_pick
[INFO] [1787830583.081613456] [six_angels_material_sorting_client]: scheduler candidate action=task3:navigate_to_pick:stand:left source=heuristic reason=rl_shadow_isolated:inference_result_stale costmap_v=424
[INFO] [1787830584.905239203] [six_angels_material_sorting_client]: progress task=3 stage=navigate_to_pick: task 3 navigating to top-box pink pick stand; nav_status=navigating
[INFO] [1787830585.847312892] [six_angels_material_sorting_client]: CONTROL_LOOP_HEALTH samples=400/7624 interval_p95=51.34ms interval_p99=57.45ms execution_p95=3.23ms interval_misses=19 execution_misses=23
[INFO] [1787830586.847014446] [six_angels_material_sorting_client]: progress task=3 stage=navigate_to_pick: task 3 navigating to top-box pink pick stand; nav_status=navigating
[INFO] [1787830588.847638287] [six_angels_material_sorting_client]: progress task=3 stage=navigate_to_pick: task 3 navigating to top-box pink pick stand; nav_status=navigating
[INFO] [1787830590.847174905] [six_angels_material_sorting_client]: progress task=3 stage=navigate_to_pick: task 3 navigating to top-box pink pick stand; nav_status=navigating
[INFO] [1787830590.848232287] [six_angels_material_sorting_client]: CONTROL_LOOP_HEALTH samples=400/7724 interval_p95=52.09ms interval_p99=58.65ms execution_p95=3.50ms interval_misses=19 execution_misses=23
[INFO] [1787830592.921264016] [six_angels_material_sorting_client]: progress task=3 stage=navigate_to_pick: task 3 navigating to top-box pink pick stand; nav_status=navigating
[INFO] [1787830594.896983242] [six_angels_material_sorting_client]: progress task=3 stage=navigate_to_pick: task 3 navigating to top-box pink pick stand; nav_status=navigating
[INFO] [1787830595.979608343] [six_angels_material_sorting_client]: CONTROL_LOOP_HEALTH samples=400/7824 interval_p95=55.18ms interval_p99=60.97ms execution_p95=7.43ms interval_misses=19 execution_misses=24
[INFO] [1787830597.046027976] [six_angels_material_sorting_client]: progress task=3 stage=navigate_to_pick: task 3 navigating to top-box pink pick stand; nav_status=final_positioning
[INFO] [1787830599.119212703] [six_angels_material_sorting_client]: progress task=3 stage=navigate_to_pick: task 3 navigating to top-box pink pick stand; nav_status=final_positioning
[INFO] [1787830600.896660307] [six_angels_material_sorting_client]: CONTROL_LOOP_HEALTH samples=400/7920 interval_p95=57.45ms interval_p99=128.82ms execution_p95=12.95ms interval_misses=22 execution_misses=26
[INFO] [1787830600.996582823] [six_angels_material_sorting_client]: progress task=3 stage=navigate_to_pick: task 3 navigating to top-box pink pick stand; nav_status=final_aligning
[INFO] [1787830601.096990430] [six_angels_material_sorting_client]: controller=executing_stage task=3 attempt=1 stage=acquire_target score=100: task 3 entering acquire_target: task 3 reached the detected pink top-box pick stand; NAV_GOAL_REACHED segment=nav_table
[INFO] [1787830601.146022082] [six_angels_material_sorting_client]: controller=executing_stage task=3 attempt=1 stage=acquire_target score=100: task 3 attempt 1 stage=acquire_target
[INFO] [1787830601.196899836] [six_angels_material_sorting_client]: controller=executing_stage task=3 attempt=1 stage=align_for_pick score=100: task 3 entering align_for_pick: task 3 reused the stable top-box center collected during navigation: center=(-0.551, 2.264, 1.006), orientation=yaw90
[INFO] [1787830601.246308208] [six_angels_material_sorting_client]: controller=executing_stage task=3 attempt=1 stage=align_for_pick score=100: task 3 attempt 1 stage=align_for_pick
[INFO] [1787830603.296658495] [six_angels_material_sorting_client]: progress task=3 stage=align_for_pick: task 1 moving both open arms to pregrasp; target_base=(0.718, -0.012, 1.006); arm_tol=0.030, slide_err=0.012, left_err=0.002, right_err=0.002, cmd_err=0.000, max_vel=0.012
[INFO] [1787830603.947289056] [six_angels_material_sorting_client]: controller=executing_stage task=3 attempt=1 stage=grasp score=100: task 3 entering grasp: task 1 both open arms reached the non-contact pregrasp pose
[INFO] [1787830603.996599118] [six_angels_material_sorting_client]: controller=executing_stage task=3 attempt=1 stage=grasp score=100: task 3 attempt 1 stage=grasp
[INFO] [1787830605.946758478] [six_angels_material_sorting_client]: CONTROL_LOOP_HEALTH samples=400/8021 interval_p95=55.25ms interval_p99=61.83ms execution_p95=12.72ms interval_misses=22 execution_misses=26
[INFO] [1787830605.998960724] [six_angels_material_sorting_client]: progress task=3 stage=grasp: task 1 continuously advancing the compliant contact search; speed=2.0 mm/s, offset=0.1/16.0 mm, surface_clearance=9.9 mm; compliance=active; left[contact=False, aligned=False, angle=0.1deg, effort_delta=1.67, effort_threshold=0.35, firm=True, firm_latched=False, velocity=0.000]; right[contact=False, aligned=False, angle=0.1deg, effort_delta=1.68, effort_threshold=0.35, firm=True, firm_latched=False, velocity=0.000]
[INFO] [1787830608.048327538] [six_angels_material_sorting_client]: progress task=3 stage=grasp: task 1 continuously applying locked-wrist preload; offset=1.7/2.8 mm; compliance=active; left[contact=True, aligned=True, angle=2.2deg, effort_delta=0.10, effort_threshold=0.35, firm=False, firm_latched=False, velocity=0.000]; right[contact=True, aligned=True, angle=1.9deg, effort_delta=0.10, effort_threshold=0.35, firm=False, firm_latched=False, velocity=0.000]
[INFO] [1787830609.646983962] [six_angels_material_sorting_client]: controller=executing_stage task=3 attempt=1 stage=lift score=100: task 3 entering lift: task 1 bilateral compliant grasp settled with locked wrists and 2.8 mm bounded preload; compliance=active; left[contact=True, aligned=True, angle=2.2deg, effort_delta=0.08, effort_threshold=0.35, firm=False, firm_latched=False, velocity=0.000]; right[contact=True, aligned=True, angle=1.9deg, effort_delta=0.07, effort_threshold=0.35, firm=False, firm_latched=False, velocity=0.000]
[INFO] [1787830609.696225423] [six_angels_material_sorting_client]: controller=executing_stage task=3 attempt=1 stage=lift score=100: task 3 attempt 1 stage=lift
[INFO] [1787830610.996269382] [six_angels_material_sorting_client]: CONTROL_LOOP_HEALTH samples=400/8122 interval_p95=55.18ms interval_p99=61.83ms execution_p95=12.71ms interval_misses=22 execution_misses=26
[INFO] [1787830611.746175896] [six_angels_material_sorting_client]: progress task=3 stage=lift: task 3 raising the spine while preserving arm preload; bounded_contact=False; lift=0.150m, slide_target=0.146, slide_err=0.054, left_err=0.016, right_err=0.016, cmd_err=0.027, max_vel=0.123
[INFO] [1787830613.746210265] [six_angels_material_sorting_client]: progress task=3 stage=lift: task 3 raising the spine while preserving arm preload; bounded_contact=True; lift=0.150m, slide_target=0.146, slide_err=0.010, left_err=0.016, right_err=0.016, cmd_err=0.000, max_vel=0.008
[INFO] [1787830613.796592849] [six_angels_material_sorting_client]: controller=executing_stage task=3 attempt=1 stage=transport score=100: task 3 entering transport: task 3 accepted the completed 0.15 m lift with bounded held-box contact motion; lift=0.150m, slide_target=0.146, slide_err=0.010, left_err=0.016, right_err=0.016, cmd_err=0.000, max_vel=0.008
[INFO] [1787830613.912437171] [six_angels_material_sorting_client]: controller=executing_stage task=3 attempt=1 stage=transport score=100: task 3 attempt 1 stage=transport
[INFO] [1787830613.916942849] [six_angels_material_sorting_client]: scheduler candidate action=task3:transport:stand:right source=heuristic reason=rl_shadow_isolated:inference_result_stale costmap_v=450
[INFO] [1787830615.917467587] [six_angels_material_sorting_client]: progress task=3 stage=transport: task 3 holding the top-box and retreating from table; retreating straight; remaining=0.263 m
[INFO] [1787830615.996441458] [six_angels_material_sorting_client]: CONTROL_LOOP_HEALTH samples=400/8222 interval_p95=54.90ms interval_p99=61.83ms execution_p95=4.89ms interval_misses=22 execution_misses=27
[INFO] [1787830617.955614178] [six_angels_material_sorting_client]: progress task=3 stage=transport: task 3 holding the top-box and retreating from table; retreating straight; remaining=0.159 m
[INFO] [1787830619.996097771] [six_angels_material_sorting_client]: progress task=3 stage=transport: task 3 holding the top-box and retreating from table; retreating straight; remaining=0.084 m
[INFO] [1787830620.997048661] [six_angels_material_sorting_client]: CONTROL_LOOP_HEALTH samples=400/8322 interval_p95=51.96ms interval_p99=58.79ms execution_p95=3.91ms interval_misses=22 execution_misses=27
[INFO] [1787830622.045756569] [six_angels_material_sorting_client]: progress task=3 stage=transport: task 3 holding the top-box and retreating from table; retreating straight; remaining=0.043 m
[INFO] [1787830624.045950614] [six_angels_material_sorting_client]: progress task=3 stage=transport: task 3 turning counter-clockwise toward the shelf before translation; yaw_error=1.513
[INFO] [1787830626.049611675] [six_angels_material_sorting_client]: progress task=3 stage=transport: task 3 turning counter-clockwise toward the shelf before translation; yaw_error=1.185
[INFO] [1787830626.090345672] [six_angels_material_sorting_client]: CONTROL_LOOP_HEALTH samples=400/8423 interval_p95=52.80ms interval_p99=58.79ms execution_p95=3.91ms interval_misses=22 execution_misses=27
[INFO] [1787830628.096358955] [six_angels_material_sorting_client]: progress task=3 stage=transport: task 3 turning counter-clockwise toward the shelf before translation; yaw_error=0.855
[INFO] [1787830630.146331920] [six_angels_material_sorting_client]: progress task=3 stage=transport: task 3 turning counter-clockwise toward the shelf before translation; yaw_error=0.488
[INFO] [1787830631.096301553] [six_angels_material_sorting_client]: CONTROL_LOOP_HEALTH samples=400/8524 interval_p95=52.80ms interval_p99=58.79ms execution_p95=1.89ms interval_misses=22 execution_misses=27
[INFO] [1787830632.196030104] [six_angels_material_sorting_client]: progress task=3 stage=transport: task 3 turning counter-clockwise toward the shelf before translation; yaw_error=0.175
[INFO] [1787830634.196439125] [six_angels_material_sorting_client]: progress task=3 stage=transport: task 1 advancing shelfward with the safe west-facing heading; advancing straight; remaining=0.465 m
[INFO] [1787830634.746208975] [six_angels_material_sorting_client]: scheduler candidate action=task3:transport:stand:center source=heuristic reason=rl_shadow_isolated:submitted costmap_v=477
[INFO] [1787830636.146854563] [six_angels_material_sorting_client]: CONTROL_LOOP_HEALTH samples=400/8625 interval_p95=51.57ms interval_p99=56.91ms execution_p95=1.78ms interval_misses=22 execution_misses=27
[INFO] [1787830636.245933507] [six_angels_material_sorting_client]: progress task=3 stage=transport: task 1 advancing shelfward with the safe west-facing heading; advancing straight; remaining=0.380 m
[INFO] [1787830638.245902626] [six_angels_material_sorting_client]: progress task=3 stage=transport: task 1 advancing shelfward with the safe west-facing heading; advancing straight; remaining=0.287 m
[INFO] [1787830640.299273893] [six_angels_material_sorting_client]: progress task=3 stage=transport: task 1 advancing shelfward with the safe west-facing heading; advancing straight; remaining=0.195 m
[INFO] [1787830641.196866717] [six_angels_material_sorting_client]: CONTROL_LOOP_HEALTH samples=400/8726 interval_p95=50.62ms interval_p99=55.00ms execution_p95=1.52ms interval_misses=22 execution_misses=27
[INFO] [1787830642.346055338] [six_angels_material_sorting_client]: progress task=3 stage=transport: task 1 advancing shelfward with the safe west-facing heading; advancing straight; remaining=0.116 m
[INFO] [1787830644.346465733] [six_angels_material_sorting_client]: progress task=3 stage=transport: task 1 advancing shelfward with the safe west-facing heading; advancing straight; remaining=0.069 m
[INFO] [1787830646.246214644] [six_angels_material_sorting_client]: CONTROL_LOOP_HEALTH samples=400/8827 interval_p95=50.53ms interval_p99=51.93ms execution_p95=1.57ms interval_misses=22 execution_misses=27
[INFO] [1787830646.396852149] [six_angels_material_sorting_client]: progress task=3 stage=transport: task 1 advancing shelfward with the safe west-facing heading; advancing straight; remaining=0.035 m
[INFO] [1787830648.397431992] [six_angels_material_sorting_client]: progress task=3 stage=transport: task 3 moving laterally at the safe shelf-front clearance; lateral alignment rotating toward shelf-front direction; yaw_err=1.525
[INFO] [1787830650.397377558] [six_angels_material_sorting_client]: progress task=3 stage=transport: task 3 moving laterally at the safe shelf-front clearance; lateral alignment rotating toward shelf-front direction; yaw_err=1.143
[INFO] [1787830651.248542007] [six_angels_material_sorting_client]: CONTROL_LOOP_HEALTH samples=400/8927 interval_p95=50.49ms interval_p99=51.93ms execution_p95=1.59ms interval_misses=22 execution_misses=27
[INFO] [1787830652.446581569] [six_angels_material_sorting_client]: progress task=3 stage=transport: task 3 moving laterally at the safe shelf-front clearance; lateral alignment rotating toward shelf-front direction; yaw_err=0.776
[INFO] [1787830654.496013562] [six_angels_material_sorting_client]: progress task=3 stage=transport: task 3 moving laterally at the safe shelf-front clearance; lateral alignment rotating toward shelf-front direction; yaw_err=0.405
[INFO] [1787830656.296159354] [six_angels_material_sorting_client]: CONTROL_LOOP_HEALTH samples=400/9028 interval_p95=50.38ms interval_p99=51.05ms execution_p95=1.59ms interval_misses=22 execution_misses=27
[INFO] [1787830656.545877213] [six_angels_material_sorting_client]: progress task=3 stage=transport: task 3 moving laterally at the safe shelf-front clearance; lateral alignment rotating toward shelf-front direction; yaw_err=0.101
[INFO] [1787830658.545958169] [six_angels_material_sorting_client]: progress task=3 stage=transport: task 3 moving laterally at the safe shelf-front clearance; lateral alignment driving along shelf front; y_err=-0.341, x_err=-0.010
[INFO] [1787830660.628419825] [six_angels_material_sorting_client]: progress task=3 stage=transport: task 3 moving laterally at the safe shelf-front clearance; lateral alignment driving along shelf front; y_err=-0.252, x_err=-0.009
[INFO] [1787830661.296602663] [six_angels_material_sorting_client]: CONTROL_LOOP_HEALTH samples=400/9128 interval_p95=50.39ms interval_p99=50.89ms execution_p95=1.62ms interval_misses=22 execution_misses=27
[INFO] [1787830662.595691507] [six_angels_material_sorting_client]: progress task=3 stage=transport: task 3 moving laterally at the safe shelf-front clearance; lateral alignment driving along shelf front; y_err=-0.154, x_err=-0.008
[INFO] [1787830664.596346259] [six_angels_material_sorting_client]: progress task=3 stage=transport: task 3 moving laterally at the safe shelf-front clearance; lateral alignment driving along shelf front; y_err=-0.078, x_err=-0.007
[INFO] [1787830666.346065736] [six_angels_material_sorting_client]: CONTROL_LOOP_HEALTH samples=400/9229 interval_p95=50.39ms interval_p99=50.73ms execution_p95=1.53ms interval_misses=22 execution_misses=27
[INFO] [1787830666.645991022] [six_angels_material_sorting_client]: progress task=3 stage=transport: task 3 moving laterally at the safe shelf-front clearance; lateral alignment driving along shelf front; y_err=-0.037, x_err=-0.007
[INFO] [1787830668.714565557] [six_angels_material_sorting_client]: progress task=3 stage=transport: task 3 moving laterally at the safe shelf-front clearance; lateral alignment restoring shelf-facing yaw; yaw_err=-1.455
[INFO] [1787830670.696773785] [six_angels_material_sorting_client]: progress task=3 stage=transport: task 3 moving laterally at the safe shelf-front clearance; lateral alignment restoring shelf-facing yaw; yaw_err=-1.089
[INFO] [1787830671.346187569] [six_angels_material_sorting_client]: CONTROL_LOOP_HEALTH samples=400/9329 interval_p95=50.40ms interval_p99=50.62ms execution_p95=1.78ms interval_misses=22 execution_misses=27
[INFO] [1787830672.745908529] [six_angels_material_sorting_client]: progress task=3 stage=transport: task 3 moving laterally at the safe shelf-front clearance; lateral alignment restoring shelf-facing yaw; yaw_err=-0.691
[INFO] [1787830674.797287257] [six_angels_material_sorting_client]: progress task=3 stage=transport: task 3 moving laterally at the safe shelf-front clearance; lateral alignment restoring shelf-facing yaw; yaw_err=-0.307
[INFO] [1787830676.346226332] [six_angels_material_sorting_client]: CONTROL_LOOP_HEALTH samples=400/9429 interval_p95=50.38ms interval_p99=50.62ms execution_p95=1.73ms interval_misses=22 execution_misses=27
[INFO] [1787830676.662054729] [six_angels_material_sorting_client]: controller=executing_stage task=3 attempt=1 stage=align_for_place score=140: task 3 entering align_for_place: task 1 reached the safe shelf pre-place stand with the carried center still 0.75 m in front of the shelf
[INFO] [1787830676.696058363] [six_angels_material_sorting_client]: controller=executing_stage task=3 attempt=1 stage=align_for_place score=140: task 3 attempt 1 stage=align_for_place
[INFO] [1787830678.696562127] [six_angels_material_sorting_client]: progress task=3 stage=align_for_place: task 1 moving held top-box to task-3 shelf clearance height; slide_target=0.026, slide_err=0.029, left_err=0.016, right_err=0.016, cmd_err=0.000, slide_vel=0.095, max_vel=0.095
[INFO] [1787830680.696546391] [six_angels_material_sorting_client]: progress task=3 stage=align_for_place: task 3 aligning outside shelf for packaging-box left placement; lateral alignment rotating toward shelf-front direction; yaw_err=1.507
[INFO] [1787830681.346278251] [six_angels_material_sorting_client]: CONTROL_LOOP_HEALTH samples=400/9529 interval_p95=50.37ms interval_p99=50.75ms execution_p95=1.77ms interval_misses=22 execution_misses=27
[INFO] [1787830682.746091429] [six_angels_material_sorting_client]: progress task=3 stage=align_for_place: task 3 aligning outside shelf for packaging-box left placement; lateral alignment rotating toward shelf-front direction; yaw_err=1.122
[INFO] [1787830684.795971505] [six_angels_material_sorting_client]: progress task=3 stage=align_for_place: task 3 aligning outside shelf for packaging-box left placement; lateral alignment rotating toward shelf-front direction; yaw_err=0.755
[INFO] [1787830686.346640414] [six_angels_material_sorting_client]: CONTROL_LOOP_HEALTH samples=400/9629 interval_p95=50.37ms interval_p99=50.81ms execution_p95=1.76ms interval_misses=22 execution_misses=27
[INFO] [1787830686.795963384] [six_angels_material_sorting_client]: progress task=3 stage=align_for_place: task 3 aligning outside shelf for packaging-box left placement; lateral alignment rotating toward shelf-front direction; yaw_err=0.374
[INFO] [1787830688.845787278] [six_angels_material_sorting_client]: progress task=3 stage=align_for_place: task 3 aligning outside shelf for packaging-box left placement; lateral alignment rotating toward shelf-front direction; yaw_err=0.066
[INFO] [1787830690.846460751] [six_angels_material_sorting_client]: progress task=3 stage=align_for_place: task 3 aligning outside shelf for packaging-box left placement; lateral alignment driving along shelf front; y_err=-0.191, x_err=-0.005
[INFO] [1787830691.346346842] [six_angels_material_sorting_client]: CONTROL_LOOP_HEALTH samples=400/9729 interval_p95=50.37ms interval_p99=50.81ms execution_p95=1.62ms interval_misses=22 execution_misses=27
[INFO] [1787830692.847236301] [six_angels_material_sorting_client]: progress task=3 stage=align_for_place: task 3 aligning outside shelf for packaging-box left placement; lateral alignment driving along shelf front; y_err=-0.103, x_err=-0.005
[INFO] [1787830694.847516880] [six_angels_material_sorting_client]: progress task=3 stage=align_for_place: task 3 aligning outside shelf for packaging-box left placement; lateral alignment driving along shelf front; y_err=-0.054, x_err=-0.004
[INFO] [1787830696.346740110] [six_angels_material_sorting_client]: CONTROL_LOOP_HEALTH samples=400/9829 interval_p95=50.39ms interval_p99=50.81ms execution_p95=1.71ms interval_misses=22 execution_misses=27
[INFO] [1787830696.896826478] [six_angels_material_sorting_client]: progress task=3 stage=align_for_place: task 3 aligning outside shelf for packaging-box left placement; lateral alignment restoring shelf-facing yaw; yaw_err=-1.567
[INFO] [1787830698.896365474] [six_angels_material_sorting_client]: progress task=3 stage=align_for_place: task 3 aligning outside shelf for packaging-box left placement; lateral alignment restoring shelf-facing yaw; yaw_err=-1.195
[INFO] [1787830700.947335895] [six_angels_material_sorting_client]: progress task=3 stage=align_for_place: task 3 aligning outside shelf for packaging-box left placement; lateral alignment restoring shelf-facing yaw; yaw_err=-0.797
[INFO] [1787830701.346779308] [six_angels_material_sorting_client]: CONTROL_LOOP_HEALTH samples=400/9929 interval_p95=50.38ms interval_p99=50.68ms execution_p95=1.79ms interval_misses=22 execution_misses=27
[INFO] [1787830702.996675988] [six_angels_material_sorting_client]: progress task=3 stage=align_for_place: task 3 aligning outside shelf for packaging-box left placement; lateral alignment restoring shelf-facing yaw; yaw_err=-0.372
[INFO] [1787830704.996679804] [six_angels_material_sorting_client]: progress task=3 stage=align_for_place: task 3 aligning outside shelf for packaging-box left placement; lateral alignment restoring shelf-facing yaw; yaw_err=-0.071
[INFO] [1787830706.396366469] [six_angels_material_sorting_client]: CONTROL_LOOP_HEALTH samples=400/10030 interval_p95=50.35ms interval_p99=50.68ms execution_p95=1.79ms interval_misses=22 execution_misses=27
[INFO] [1787830707.045954793] [six_angels_material_sorting_client]: progress task=3 stage=align_for_place: task 1 advancing to the shallow task-3 insertion stand; advancing straight; remaining=0.552 m
[INFO] [1787830709.095916228] [six_angels_material_sorting_client]: progress task=3 stage=align_for_place: task 1 advancing to the shallow task-3 insertion stand; advancing straight; remaining=0.446 m
[INFO] [1787830711.096245045] [six_angels_material_sorting_client]: progress task=3 stage=align_for_place: task 1 advancing to the shallow task-3 insertion stand; advancing straight; remaining=0.336 m
[INFO] [1787830711.446293990] [six_angels_material_sorting_client]: CONTROL_LOOP_HEALTH samples=400/10131 interval_p95=50.40ms interval_p99=50.62ms execution_p95=1.80ms interval_misses=22 execution_misses=27
[INFO] [1787830713.146238415] [six_angels_material_sorting_client]: progress task=3 stage=align_for_place: task 1 advancing to the shallow task-3 insertion stand; advancing straight; remaining=0.224 m
[INFO] [1787830715.196074653] [six_angels_material_sorting_client]: progress task=3 stage=align_for_place: task 1 advancing to the shallow task-3 insertion stand; advancing straight; remaining=0.121 m
[INFO] [1787830716.447207379] [six_angels_material_sorting_client]: CONTROL_LOOP_HEALTH samples=400/10231 interval_p95=50.38ms interval_p99=50.51ms execution_p95=1.80ms interval_misses=22 execution_misses=27
[INFO] [1787830717.196670340] [six_angels_material_sorting_client]: progress task=3 stage=align_for_place: task 1 advancing to the shallow task-3 insertion stand; advancing straight; remaining=0.062 m
[INFO] [1787830719.196937084] [six_angels_material_sorting_client]: progress task=3 stage=align_for_place: task 1 advancing to the shallow task-3 insertion stand; advancing straight; remaining=0.030 m
[INFO] [1787830721.246254234] [six_angels_material_sorting_client]: progress task=3 stage=align_for_place: task 1 advancing to the shallow task-3 insertion stand; advancing straight; remaining=0.026 m
[INFO] [1787830721.496525264] [six_angels_material_sorting_client]: CONTROL_LOOP_HEALTH samples=400/10332 interval_p95=50.42ms interval_p99=50.62ms execution_p95=1.67ms interval_misses=22 execution_misses=27
[INFO] [1787830723.296464609] [six_angels_material_sorting_client]: progress task=3 stage=align_for_place: task 1 advancing to the shallow task-3 insertion stand; advancing straight; remaining=0.023 m
[INFO] [1787830725.345744423] [six_angels_material_sorting_client]: progress task=3 stage=align_for_place: task 1 advancing to the shallow task-3 insertion stand; advancing straight; remaining=0.021 m
[INFO] [1787830726.496207133] [six_angels_material_sorting_client]: CONTROL_LOOP_HEALTH samples=400/10432 interval_p95=50.45ms interval_p99=50.81ms execution_p95=1.78ms interval_misses=22 execution_misses=27
[INFO] [1787830727.345919283] [six_angels_material_sorting_client]: progress task=3 stage=align_for_place: task 1 advancing to the shallow task-3 insertion stand; advancing straight; remaining=0.019 m
[INFO] [1787830729.345936508] [six_angels_material_sorting_client]: progress task=3 stage=align_for_place: task 1 advancing to the shallow task-3 insertion stand; advancing straight; remaining=0.017 m
[INFO] [1787830731.395920850] [six_angels_material_sorting_client]: progress task=3 stage=align_for_place: task 3 advancing the base an additional 0.15 m before release; advancing straight; remaining=0.147 m
[INFO] [1787830731.497048490] [six_angels_material_sorting_client]: CONTROL_LOOP_HEALTH samples=400/10532 interval_p95=50.45ms interval_p99=50.92ms execution_p95=1.78ms interval_misses=22 execution_misses=27
[INFO] [1787830733.447821124] [six_angels_material_sorting_client]: progress task=3 stage=align_for_place: task 3 advancing the base an additional 0.15 m before release; advancing straight; remaining=0.140 m
[INFO] [1787830735.496047413] [six_angels_material_sorting_client]: progress task=3 stage=align_for_place: task 3 advancing the base an additional 0.15 m before release; advancing straight; remaining=0.134 m
[INFO] [1787830736.547271829] [six_angels_material_sorting_client]: CONTROL_LOOP_HEALTH samples=400/10633 interval_p95=50.46ms interval_p99=50.92ms execution_p95=1.76ms interval_misses=22 execution_misses=27
[INFO] [1787830737.545933735] [six_angels_material_sorting_client]: progress task=3 stage=align_for_place: task 3 advancing the base an additional 0.15 m before release; advancing straight; remaining=0.129 m
[INFO] [1787830739.547513066] [six_angels_material_sorting_client]: progress task=3 stage=align_for_place: task 3 advancing the base an additional 0.15 m before release; advancing straight; remaining=0.125 m
[INFO] [1787830741.547748794] [six_angels_material_sorting_client]: CONTROL_LOOP_HEALTH samples=400/10733 interval_p95=50.48ms interval_p99=51.36ms execution_p95=1.86ms interval_misses=22 execution_misses=27
[INFO] [1787830741.596980190] [six_angels_material_sorting_client]: progress task=3 stage=align_for_place: task 3 advancing the base an additional 0.15 m before release; advancing straight; remaining=0.120 m
[INFO] [1787830743.596575436] [six_angels_material_sorting_client]: progress task=3 stage=align_for_place: task 3 advancing the base an additional 0.15 m before release; advancing straight; remaining=0.116 m
[INFO] [1787830745.646101202] [six_angels_material_sorting_client]: progress task=3 stage=align_for_place: task 3 advancing the base an additional 0.15 m before release; advancing straight; remaining=0.112 m
[INFO] [1787830746.596715934] [six_angels_material_sorting_client]: CONTROL_LOOP_HEALTH samples=400/10834 interval_p95=50.39ms interval_p99=51.00ms execution_p95=1.85ms interval_misses=22 execution_misses=27
[INFO] [1787830747.646654895] [six_angels_material_sorting_client]: progress task=3 stage=align_for_place: task 3 advancing the base an additional 0.15 m before release; advancing straight; remaining=0.108 m
[INFO] [1787830749.696731981] [six_angels_material_sorting_client]: progress task=3 stage=align_for_place: task 3 advancing the base an additional 0.15 m before release; advancing straight; remaining=0.104 m
[INFO] [1787830751.597477509] [six_angels_material_sorting_client]: CONTROL_LOOP_HEALTH samples=400/10934 interval_p95=50.39ms interval_p99=50.69ms execution_p95=1.91ms interval_misses=22 execution_misses=27
[INFO] [1787830751.697857643] [six_angels_material_sorting_client]: progress task=3 stage=align_for_place: task 3 advancing the base an additional 0.15 m before release; advancing straight; remaining=0.100 m
[INFO] [1787830753.746829632] [six_angels_material_sorting_client]: progress task=3 stage=align_for_place: task 3 advancing the base an additional 0.15 m before release; advancing straight; remaining=0.096 m
[INFO] [1787830755.796061936] [six_angels_material_sorting_client]: progress task=3 stage=align_for_place: task 3 advancing the base an additional 0.15 m before release; advancing straight; remaining=0.093 m
[INFO] [1787830756.645980820] [six_angels_material_sorting_client]: CONTROL_LOOP_HEALTH samples=400/11035 interval_p95=50.43ms interval_p99=50.77ms execution_p95=2.02ms interval_misses=22 execution_misses=27
[INFO] [1787830757.846329534] [six_angels_material_sorting_client]: progress task=3 stage=align_for_place: task 3 advancing the base an additional 0.15 m before release; advancing straight; remaining=0.089 m
[INFO] [1787830759.846379927] [six_angels_material_sorting_client]: progress task=3 stage=align_for_place: task 3 advancing the base an additional 0.15 m before release; advancing straight; remaining=0.086 m
[INFO] [1787830761.646196632] [six_angels_material_sorting_client]: CONTROL_LOOP_HEALTH samples=400/11135 interval_p95=50.33ms interval_p99=50.69ms execution_p95=2.02ms interval_misses=22 execution_misses=27
[INFO] [1787830761.896014845] [six_angels_material_sorting_client]: progress task=3 stage=align_for_place: task 3 advancing the base an additional 0.15 m before release; advancing straight; remaining=0.083 m
[INFO] [1787830763.896470316] [six_angels_material_sorting_client]: progress task=3 stage=align_for_place: task 3 advancing the base an additional 0.15 m before release; advancing straight; remaining=0.080 m
[INFO] [1787830765.896428101] [six_angels_material_sorting_client]: progress task=3 stage=align_for_place: task 3 advancing the base an additional 0.15 m before release; advancing straight; remaining=0.077 m
[INFO] [1787830766.646731022] [six_angels_material_sorting_client]: CONTROL_LOOP_HEALTH samples=400/11235 interval_p95=50.33ms interval_p99=50.71ms execution_p95=2.03ms interval_misses=22 execution_misses=27
[INFO] [1787830767.946626342] [six_angels_material_sorting_client]: progress task=3 stage=align_for_place: task 3 advancing the base an additional 0.15 m before release; advancing straight; remaining=0.074 m
[INFO] [1787830769.996639929] [six_angels_material_sorting_client]: progress task=3 stage=align_for_place: task 3 advancing the base an additional 0.15 m before release; advancing straight; remaining=0.071 m
[INFO] [1787830771.646822631] [six_angels_material_sorting_client]: CONTROL_LOOP_HEALTH samples=400/11335 interval_p95=50.36ms interval_p99=50.72ms execution_p95=1.95ms interval_misses=22 execution_misses=27
[INFO] [1787830771.996564136] [six_angels_material_sorting_client]: progress task=3 stage=align_for_place: task 3 advancing the base an additional 0.15 m before release; advancing straight; remaining=0.068 m
[INFO] [1787830774.046626592] [six_angels_material_sorting_client]: progress task=3 stage=align_for_place: task 3 advancing the base an additional 0.15 m before release; advancing straight; remaining=0.065 m
[INFO] [1787830776.046617796] [six_angels_material_sorting_client]: progress task=3 stage=align_for_place: task 3 advancing the base an additional 0.15 m before release; advancing straight; remaining=0.063 m
[INFO] [1787830776.697270801] [six_angels_material_sorting_client]: CONTROL_LOOP_HEALTH samples=400/11436 interval_p95=50.31ms interval_p99=50.75ms execution_p95=1.80ms interval_misses=22 execution_misses=27
[INFO] [1787830778.046758474] [six_angels_material_sorting_client]: progress task=3 stage=align_for_place: task 3 advancing the base an additional 0.15 m before release; advancing straight; remaining=0.060 m
[INFO] [1787830780.096230923] [six_angels_material_sorting_client]: progress task=3 stage=align_for_place: task 3 advancing the base an additional 0.15 m before release; advancing straight; remaining=0.058 m
[INFO] [1787830781.746662971] [six_angels_material_sorting_client]: CONTROL_LOOP_HEALTH samples=400/11537 interval_p95=50.40ms interval_p99=50.93ms execution_p95=1.87ms interval_misses=22 execution_misses=27
[INFO] [1787830782.096357938] [six_angels_material_sorting_client]: progress task=3 stage=align_for_place: task 3 advancing the base an additional 0.15 m before release; advancing straight; remaining=0.055 m
[INFO] [1787830784.145878854] [six_angels_material_sorting_client]: progress task=3 stage=align_for_place: task 3 advancing the base an additional 0.15 m before release; advancing straight; remaining=0.054 m
[INFO] [1787830786.146146785] [six_angels_material_sorting_client]: progress task=3 stage=align_for_place: task 3 advancing the base an additional 0.15 m before release; advancing straight; remaining=0.054 m
[INFO] [1787830786.746843299] [six_angels_material_sorting_client]: CONTROL_LOOP_HEALTH samples=400/11637 interval_p95=50.40ms interval_p99=50.98ms execution_p95=1.87ms interval_misses=22 execution_misses=27
[INFO] [1787830788.196847506] [six_angels_material_sorting_client]: progress task=3 stage=align_for_place: task 3 advancing the base an additional 0.15 m before release; advancing straight; remaining=0.053 m
[INFO] [1787830790.245965424] [six_angels_material_sorting_client]: progress task=3 stage=align_for_place: task 3 advancing the base an additional 0.15 m before release; advancing straight; remaining=0.053 m
[INFO] [1787830791.796765388] [six_angels_material_sorting_client]: CONTROL_LOOP_HEALTH samples=400/11738 interval_p95=50.39ms interval_p99=51.02ms execution_p95=1.87ms interval_misses=22 execution_misses=27
[INFO] [1787830792.246050195] [six_angels_material_sorting_client]: progress task=3 stage=align_for_place: task 3 advancing the base an additional 0.15 m before release; advancing straight; remaining=0.052 m
[INFO] [1787830794.296090108] [six_angels_material_sorting_client]: progress task=3 stage=align_for_place: task 3 advancing the base an additional 0.15 m before release; advancing straight; remaining=0.052 m
[INFO] [1787830796.296139724] [six_angels_material_sorting_client]: progress task=3 stage=align_for_place: task 3 advancing the base an additional 0.15 m before release; advancing straight; remaining=0.052 m
[INFO] [1787830796.846289052] [six_angels_material_sorting_client]: CONTROL_LOOP_HEALTH samples=400/11839 interval_p95=50.37ms interval_p99=50.85ms execution_p95=1.88ms interval_misses=22 execution_misses=27
[INFO] [1787830798.296367372] [six_angels_material_sorting_client]: progress task=3 stage=align_for_place: task 3 advancing the base an additional 0.15 m before release; advancing straight; remaining=0.052 m
[INFO] [1787830800.345773476] [six_angels_material_sorting_client]: progress task=3 stage=align_for_place: task 3 advancing the base an additional 0.15 m before release; advancing straight; remaining=0.051 m
[INFO] [1787830801.895952318] [six_angels_material_sorting_client]: CONTROL_LOOP_HEALTH samples=400/11940 interval_p95=50.37ms interval_p99=50.80ms execution_p95=1.75ms interval_misses=22 execution_misses=27
[INFO] [1787830802.345911640] [six_angels_material_sorting_client]: progress task=3 stage=align_for_place: task 3 advancing the base an additional 0.15 m before release; advancing straight; remaining=0.051 m
[INFO] [1787830804.395772268] [six_angels_material_sorting_client]: progress task=3 stage=align_for_place: task 3 advancing the base an additional 0.15 m before release; advancing straight; remaining=0.051 m
[INFO] [1787830806.395713937] [six_angels_material_sorting_client]: progress task=3 stage=align_for_place: task 3 advancing the base an additional 0.15 m before release; advancing straight; remaining=0.051 m
[INFO] [1787830806.896351281] [six_angels_material_sorting_client]: CONTROL_LOOP_HEALTH samples=400/12040 interval_p95=50.39ms interval_p99=50.80ms execution_p95=1.61ms interval_misses=22 execution_misses=27
[INFO] [1787830808.396135416] [six_angels_material_sorting_client]: progress task=3 stage=align_for_place: task 3 advancing the base an additional 0.15 m before release; advancing straight; remaining=0.051 m
[INFO] [1787830810.396154598] [six_angels_material_sorting_client]: progress task=3 stage=align_for_place: task 3 advancing the base an additional 0.15 m before release; advancing straight; remaining=0.050 m
[INFO] [1787830811.946808315] [six_angels_material_sorting_client]: CONTROL_LOOP_HEALTH samples=400/12141 interval_p95=50.46ms interval_p99=50.94ms execution_p95=1.61ms interval_misses=22 execution_misses=27
[INFO] [1787830812.446492856] [six_angels_material_sorting_client]: progress task=3 stage=align_for_place: task 3 advancing the base an additional 0.15 m before release; advancing straight; remaining=0.050 m
[INFO] [1787830814.496091399] [six_angels_material_sorting_client]: progress task=3 stage=align_for_place: task 3 advancing the base an additional 0.15 m before release; advancing straight; remaining=0.050 m
[INFO] [1787830816.496158777] [six_angels_material_sorting_client]: progress task=3 stage=align_for_place: task 3 advancing the base an additional 0.15 m before release; advancing straight; remaining=0.050 m
[INFO] [1787830816.996309919] [six_angels_material_sorting_client]: CONTROL_LOOP_HEALTH samples=400/12242 interval_p95=50.46ms interval_p99=50.96ms execution_p95=1.53ms interval_misses=22 execution_misses=27
[INFO] [1787830818.496553475] [six_angels_material_sorting_client]: progress task=3 stage=align_for_place: task 3 advancing the base an additional 0.15 m before release; advancing straight; remaining=0.050 m
[INFO] [1787830820.546562744] [six_angels_material_sorting_client]: progress task=3 stage=align_for_place: task 3 advancing the base an additional 0.15 m before release; advancing straight; remaining=0.050 m
[INFO] [1787830821.996456231] [six_angels_material_sorting_client]: CONTROL_LOOP_HEALTH samples=400/12342 interval_p95=50.41ms interval_p99=50.84ms execution_p95=1.55ms interval_misses=22 execution_misses=27
[INFO] [1787830822.596218095] [six_angels_material_sorting_client]: progress task=3 stage=align_for_place: task 3 advancing the base an additional 0.15 m before release; advancing straight; remaining=0.050 m
[INFO] [1787830824.646049978] [six_angels_material_sorting_client]: progress task=3 stage=align_for_place: task 3 advancing the base an additional 0.15 m before release; advancing straight; remaining=0.050 m
[INFO] [1787830826.696454912] [six_angels_material_sorting_client]: progress task=3 stage=align_for_place: task 3 advancing the base an additional 0.15 m before release; advancing straight; remaining=0.050 m
[INFO] [1787830827.046209685] [six_angels_material_sorting_client]: CONTROL_LOOP_HEALTH samples=400/12443 interval_p95=50.36ms interval_p99=50.82ms execution_p95=1.50ms interval_misses=22 execution_misses=27
[INFO] [1787830828.746085000] [six_angels_material_sorting_client]: progress task=3 stage=align_for_place: task 3 advancing the base an additional 0.15 m before release; advancing straight; remaining=0.050 m
[INFO] [1787830830.796228119] [six_angels_material_sorting_client]: progress task=3 stage=align_for_place: task 3 advancing the base an additional 0.15 m before release; advancing straight; remaining=0.049 m
[INFO] [1787830832.046440333] [six_angels_material_sorting_client]: CONTROL_LOOP_HEALTH samples=400/12543 interval_p95=50.36ms interval_p99=50.76ms execution_p95=1.66ms interval_misses=22 execution_misses=27
[INFO] [1787830832.846615570] [six_angels_material_sorting_client]: progress task=3 stage=align_for_place: task 3 advancing the base an additional 0.15 m before release; advancing straight; remaining=0.049 m
[INFO] [1787830834.895823254] [six_angels_material_sorting_client]: progress task=3 stage=align_for_place: task 3 advancing the base an additional 0.15 m before release; advancing straight; remaining=0.049 m
[INFO] [1787830836.945926379] [six_angels_material_sorting_client]: progress task=3 stage=align_for_place: task 3 advancing the base an additional 0.15 m before release; advancing straight; remaining=0.049 m
[INFO] [1787830837.096893082] [six_angels_material_sorting_client]: CONTROL_LOOP_HEALTH samples=400/12644 interval_p95=50.35ms interval_p99=50.65ms execution_p95=1.66ms interval_misses=22 execution_misses=27
[INFO] [1787830838.947393601] [six_angels_material_sorting_client]: progress task=3 stage=align_for_place: task 3 advancing the base an additional 0.15 m before release; advancing straight; remaining=0.049 m
[INFO] [1787830840.996014031] [six_angels_material_sorting_client]: progress task=3 stage=align_for_place: task 3 advancing the base an additional 0.15 m before release; advancing straight; remaining=0.050 m
[INFO] [1787830842.146289285] [six_angels_material_sorting_client]: CONTROL_LOOP_HEALTH samples=400/12745 interval_p95=50.35ms interval_p99=50.65ms execution_p95=1.71ms interval_misses=22 execution_misses=27
[INFO] [1787830842.996079127] [six_angels_material_sorting_client]: progress task=3 stage=align_for_place: task 3 advancing the base an additional 0.15 m before release; advancing straight; remaining=0.051 m
[INFO] [1787830844.996039943] [six_angels_material_sorting_client]: progress task=3 stage=align_for_place: task 3 advancing the base an additional 0.15 m before release; advancing straight; remaining=0.051 m
[INFO] [1787830847.045908804] [six_angels_material_sorting_client]: progress task=3 stage=align_for_place: task 3 advancing the base an additional 0.15 m before release; advancing straight; remaining=0.051 m
[INFO] [1787830847.147235361] [six_angels_material_sorting_client]: CONTROL_LOOP_HEALTH samples=400/12845 interval_p95=50.42ms interval_p99=50.71ms execution_p95=1.78ms interval_misses=22 execution_misses=27
[INFO] [1787830849.046122052] [six_angels_material_sorting_client]: progress task=3 stage=align_for_place: task 3 advancing the base an additional 0.15 m before release; advancing straight; remaining=0.051 m
[INFO] [1787830851.096060565] [six_angels_material_sorting_client]: progress task=3 stage=align_for_place: task 3 advancing the base an additional 0.15 m before release; advancing straight; remaining=0.050 m
[INFO] [1787830852.196399332] [six_angels_material_sorting_client]: CONTROL_LOOP_HEALTH samples=400/12946 interval_p95=50.39ms interval_p99=50.71ms execution_p95=1.73ms interval_misses=22 execution_misses=27
[INFO] [1787830853.096151023] [six_angels_material_sorting_client]: progress task=3 stage=align_for_place: task 3 advancing the base an additional 0.15 m before release; advancing straight; remaining=0.051 m
[INFO] [1787830855.146355367] [six_angels_material_sorting_client]: progress task=3 stage=align_for_place: task 3 advancing the base an additional 0.15 m before release; advancing straight; remaining=0.051 m
[INFO] [1787830857.196510143] [six_angels_material_sorting_client]: progress task=3 stage=align_for_place: task 3 advancing the base an additional 0.15 m before release; advancing straight; remaining=0.051 m
[INFO] [1787830857.197679231] [six_angels_material_sorting_client]: CONTROL_LOOP_HEALTH samples=400/13046 interval_p95=50.42ms interval_p99=50.71ms execution_p95=1.73ms interval_misses=22 execution_misses=27
[INFO] [1787830859.245996830] [six_angels_material_sorting_client]: progress task=3 stage=align_for_place: task 3 advancing the base an additional 0.15 m before release; advancing straight; remaining=0.052 m
[INFO] [1787830861.246397698] [six_angels_material_sorting_client]: progress task=3 stage=align_for_place: task 3 advancing the base an additional 0.15 m before release; advancing straight; remaining=0.051 m
[INFO] [1787830862.246130226] [six_angels_material_sorting_client]: CONTROL_LOOP_HEALTH samples=400/13147 interval_p95=50.42ms interval_p99=50.69ms execution_p95=1.64ms interval_misses=22 execution_misses=27
[INFO] [1787830863.246050628] [six_angels_material_sorting_client]: progress task=3 stage=align_for_place: task 3 advancing the base an additional 0.15 m before release; advancing straight; remaining=0.052 m
[INFO] [1787830865.296150035] [six_angels_material_sorting_client]: progress task=3 stage=align_for_place: task 3 advancing the base an additional 0.15 m before release; advancing straight; remaining=0.052 m
[INFO] [1787830867.246774504] [six_angels_material_sorting_client]: CONTROL_LOOP_HEALTH samples=400/13247 interval_p95=50.32ms interval_p99=50.63ms execution_p95=1.56ms interval_misses=22 execution_misses=27
[INFO] [1787830867.296564623] [six_angels_material_sorting_client]: progress task=3 stage=align_for_place: task 3 advancing the base an additional 0.15 m before release; advancing straight; remaining=0.051 m
[INFO] [1787830869.296584421] [six_angels_material_sorting_client]: progress task=3 stage=align_for_place: task 3 advancing the base an additional 0.15 m before release; advancing straight; remaining=0.051 m
[INFO] [1787830871.345944490] [six_angels_material_sorting_client]: progress task=3 stage=align_for_place: task 3 advancing the base an additional 0.15 m before release; advancing straight; remaining=0.052 m
[INFO] [1787830872.247067744] [six_angels_material_sorting_client]: CONTROL_LOOP_HEALTH samples=400/13347 interval_p95=50.42ms interval_p99=50.68ms execution_p95=1.64ms interval_misses=22 execution_misses=27
[INFO] [1787830873.395890338] [six_angels_material_sorting_client]: progress task=3 stage=align_for_place: task 3 advancing the base an additional 0.15 m before release; advancing straight; remaining=0.052 m
[INFO] [1787830875.396063185] [six_angels_material_sorting_client]: progress task=3 stage=align_for_place: task 3 advancing the base an additional 0.15 m before release; advancing straight; remaining=0.052 m
[INFO] [1787830877.296351127] [six_angels_material_sorting_client]: CONTROL_LOOP_HEALTH samples=400/13448 interval_p95=50.42ms interval_p99=50.63ms execution_p95=1.68ms interval_misses=22 execution_misses=27
[INFO] [1787830877.446769342] [six_angels_material_sorting_client]: progress task=3 stage=align_for_place: task 3 advancing the base an additional 0.15 m before release; advancing straight; remaining=0.051 m
[INFO] [1787830879.496105110] [six_angels_material_sorting_client]: progress task=3 stage=align_for_place: task 3 advancing the base an additional 0.15 m before release; advancing straight; remaining=0.052 m
[INFO] [1787830881.546074048] [six_angels_material_sorting_client]: progress task=3 stage=align_for_place: task 3 advancing the base an additional 0.15 m before release; advancing straight; remaining=0.052 m
[INFO] [1787830882.296738468] [six_angels_material_sorting_client]: CONTROL_LOOP_HEALTH samples=400/13548 interval_p95=50.42ms interval_p99=50.66ms execution_p95=1.71ms interval_misses=22 execution_misses=27
[INFO] [1787830883.546063743] [six_angels_material_sorting_client]: progress task=3 stage=align_for_place: task 3 advancing the base an additional 0.15 m before release; advancing straight; remaining=0.052 m
[INFO] [1787830885.546030606] [six_angels_material_sorting_client]: progress task=3 stage=align_for_place: task 3 advancing the base an additional 0.15 m before release; advancing straight; remaining=0.052 m
[INFO] [1787830887.296737407] [six_angels_material_sorting_client]: CONTROL_LOOP_HEALTH samples=400/13648 interval_p95=50.42ms interval_p99=50.76ms execution_p95=1.67ms interval_misses=22 execution_misses=27
[INFO] [1787830887.596405502] [six_angels_material_sorting_client]: progress task=3 stage=align_for_place: task 3 advancing the base an additional 0.15 m before release; advancing straight; remaining=0.052 m
[INFO] [1787830889.645691509] [six_angels_material_sorting_client]: progress task=3 stage=align_for_place: task 3 advancing the base an additional 0.15 m before release; advancing straight; remaining=0.052 m
[INFO] [1787830891.646125929] [six_angels_material_sorting_client]: progress task=3 stage=align_for_place: task 3 advancing the base an additional 0.15 m before release; advancing straight; remaining=0.051 m
[INFO] [1787830892.346207480] [six_angels_material_sorting_client]: CONTROL_LOOP_HEALTH samples=400/13749 interval_p95=50.42ms interval_p99=50.76ms execution_p95=1.48ms interval_misses=22 execution_misses=27
[INFO] [1787830893.696382083] [six_angels_material_sorting_client]: progress task=3 stage=align_for_place: task 3 advancing the base an additional 0.15 m before release; advancing straight; remaining=0.052 m
[INFO] [1787830895.746101347] [six_angels_material_sorting_client]: progress task=3 stage=align_for_place: task 3 advancing the base an additional 0.15 m before release; advancing straight; remaining=0.052 m
[INFO] [1787830897.396298549] [six_angels_material_sorting_client]: CONTROL_LOOP_HEALTH samples=400/13850 interval_p95=50.42ms interval_p99=50.79ms execution_p95=1.49ms interval_misses=22 execution_misses=27
[INFO] [1787830897.796072240] [six_angels_material_sorting_client]: progress task=3 stage=align_for_place: task 3 advancing the base an additional 0.15 m before release; advancing straight; remaining=0.052 m
[INFO] [1787830899.846383032] [six_angels_material_sorting_client]: progress task=3 stage=align_for_place: task 3 advancing the base an additional 0.15 m before release; advancing straight; remaining=0.052 m
[INFO] [1787830901.895780054] [six_angels_material_sorting_client]: progress task=3 stage=align_for_place: task 3 advancing the base an additional 0.15 m before release; advancing straight; remaining=0.053 m
[INFO] [1787830902.446974325] [six_angels_material_sorting_client]: CONTROL_LOOP_HEALTH samples=400/13951 interval_p95=50.45ms interval_p99=50.82ms execution_p95=1.51ms interval_misses=22 execution_misses=27
[INFO] [1787830903.895727307] [six_angels_material_sorting_client]: progress task=3 stage=align_for_place: task 3 advancing the base an additional 0.15 m before release; advancing straight; remaining=0.052 m
[INFO] [1787830905.896664267] [six_angels_material_sorting_client]: progress task=3 stage=align_for_place: task 3 advancing the base an additional 0.15 m before release; advancing straight; remaining=0.052 m
[INFO] [1787830907.496347618] [six_angels_material_sorting_client]: CONTROL_LOOP_HEALTH samples=400/14052 interval_p95=50.46ms interval_p99=50.87ms execution_p95=1.54ms interval_misses=22 execution_misses=27
[INFO] [1787830907.946766965] [six_angels_material_sorting_client]: progress task=3 stage=align_for_place: task 3 advancing the base an additional 0.15 m before release; advancing straight; remaining=0.052 m
[INFO] [1787830909.996121842] [six_angels_material_sorting_client]: progress task=3 stage=align_for_place: task 3 advancing the base an additional 0.15 m before release; advancing straight; remaining=0.052 m
[INFO] [1787830911.996465258] [six_angels_material_sorting_client]: progress task=3 stage=align_for_place: task 3 advancing the base an additional 0.15 m before release; advancing straight; remaining=0.053 m
[INFO] [1787830912.496570245] [six_angels_material_sorting_client]: CONTROL_LOOP_HEALTH samples=400/14152 interval_p95=50.51ms interval_p99=50.87ms execution_p95=1.56ms interval_misses=22 execution_misses=27
[INFO] [1787830913.996673601] [six_angels_material_sorting_client]: progress task=3 stage=align_for_place: task 3 advancing the base an additional 0.15 m before release; advancing straight; remaining=0.052 m
[INFO] [1787830915.996282103] [six_angels_material_sorting_client]: progress task=3 stage=align_for_place: task 3 advancing the base an additional 0.15 m before release; advancing straight; remaining=0.052 m
[INFO] [1787830917.496817463] [six_angels_material_sorting_client]: CONTROL_LOOP_HEALTH samples=400/14252 interval_p95=50.51ms interval_p99=50.82ms execution_p95=1.72ms interval_misses=22 execution_misses=27
[INFO] [1787830918.046362323] [six_angels_material_sorting_client]: progress task=3 stage=align_for_place: task 3 advancing the base an additional 0.15 m before release; advancing straight; remaining=0.053 m
[INFO] [1787830920.046413910] [six_angels_material_sorting_client]: progress task=3 stage=align_for_place: task 3 advancing the base an additional 0.15 m before release; advancing straight; remaining=0.052 m
[INFO] [1787830922.096616757] [six_angels_material_sorting_client]: progress task=3 stage=align_for_place: task 3 advancing the base an additional 0.15 m before release; advancing straight; remaining=0.052 m
[INFO] [1787830922.546332035] [six_angels_material_sorting_client]: CONTROL_LOOP_HEALTH samples=400/14353 interval_p95=50.48ms interval_p99=50.74ms execution_p95=1.77ms interval_misses=22 execution_misses=27
[INFO] [1787830924.096218470] [six_angels_material_sorting_client]: progress task=3 stage=align_for_place: task 3 advancing the base an additional 0.15 m before release; advancing straight; remaining=0.053 m
[INFO] [1787830926.145777654] [six_angels_material_sorting_client]: progress task=3 stage=align_for_place: task 3 advancing the base an additional 0.15 m before release; advancing straight; remaining=0.053 m
[INFO] [1787830927.546434814] [six_angels_material_sorting_client]: CONTROL_LOOP_HEALTH samples=400/14453 interval_p95=50.48ms interval_p99=50.70ms execution_p95=1.77ms interval_misses=22 execution_misses=27
[INFO] [1787830928.195760995] [six_angels_material_sorting_client]: progress task=3 stage=align_for_place: task 3 advancing the base an additional 0.15 m before release; advancing straight; remaining=0.052 m
[INFO] [1787830930.196245690] [six_angels_material_sorting_client]: progress task=3 stage=align_for_place: task 3 advancing the base an additional 0.15 m before release; advancing straight; remaining=0.052 m
[INFO] [1787830932.196660982] [six_angels_material_sorting_client]: progress task=3 stage=align_for_place: task 3 advancing the base an additional 0.15 m before release; advancing straight; remaining=0.052 m
[INFO] [1787830932.596466045] [six_angels_material_sorting_client]: CONTROL_LOOP_HEALTH samples=400/14554 interval_p95=50.51ms interval_p99=50.69ms execution_p95=1.77ms interval_misses=22 execution_misses=27
[INFO] [1787830934.246043037] [six_angels_material_sorting_client]: progress task=3 stage=align_for_place: task 3 advancing the base an additional 0.15 m before release; advancing straight; remaining=0.053 m
[INFO] [1787830936.247544983] [six_angels_material_sorting_client]: progress task=3 stage=align_for_place: task 3 advancing the base an additional 0.15 m before release; advancing straight; remaining=0.052 m
[INFO] [1787830937.597014450] [six_angels_material_sorting_client]: CONTROL_LOOP_HEALTH samples=400/14654 interval_p95=50.50ms interval_p99=50.74ms execution_p95=1.95ms interval_misses=22 execution_misses=27
[INFO] [1787830938.297095434] [six_angels_material_sorting_client]: progress task=3 stage=align_for_place: task 3 advancing the base an additional 0.15 m before release; advancing straight; remaining=0.052 m
[INFO] [1787830940.346244472] [six_angels_material_sorting_client]: progress task=3 stage=align_for_place: task 3 advancing the base an additional 0.15 m before release; advancing straight; remaining=0.053 m
[INFO] [1787830942.346354101] [six_angels_material_sorting_client]: progress task=3 stage=align_for_place: task 3 advancing the base an additional 0.15 m before release; advancing straight; remaining=0.052 m
[INFO] [1787830942.597154151] [six_angels_material_sorting_client]: CONTROL_LOOP_HEALTH samples=400/14754 interval_p95=50.50ms interval_p99=50.74ms execution_p95=1.95ms interval_misses=22 execution_misses=27
[INFO] [1787830944.396435773] [six_angels_material_sorting_client]: progress task=3 stage=align_for_place: task 3 advancing the base an additional 0.15 m before release; advancing straight; remaining=0.052 m
[INFO] [1787830946.446942823] [six_angels_material_sorting_client]: progress task=3 stage=align_for_place: task 3 advancing the base an additional 0.15 m before release; advancing straight; remaining=0.052 m
[INFO] [1787830947.646440525] [six_angels_material_sorting_client]: CONTROL_LOOP_HEALTH samples=400/14855 interval_p95=50.46ms interval_p99=50.80ms execution_p95=1.95ms interval_misses=22 execution_misses=27
[INFO] [1787830948.446457074] [six_angels_material_sorting_client]: progress task=3 stage=align_for_place: task 3 advancing the base an additional 0.15 m before release; advancing straight; remaining=0.052 m
[INFO] [1787830950.447215610] [six_angels_material_sorting_client]: progress task=3 stage=align_for_place: task 3 advancing the base an additional 0.15 m before release; advancing straight; remaining=0.052 m
[INFO] [1787830952.496059752] [six_angels_material_sorting_client]: progress task=3 stage=align_for_place: task 3 advancing the base an additional 0.15 m before release; advancing straight; remaining=0.052 m
[INFO] [1787830952.697017305] [six_angels_material_sorting_client]: CONTROL_LOOP_HEALTH samples=400/14956 interval_p95=50.35ms interval_p99=50.80ms execution_p95=1.95ms interval_misses=22 execution_misses=27
[INFO] [1787830954.496136132] [six_angels_material_sorting_client]: progress task=3 stage=align_for_place: task 3 advancing the base an additional 0.15 m before release; advancing straight; remaining=0.053 m
[INFO] [1787830956.496145849] [six_angels_material_sorting_client]: progress task=3 stage=align_for_place: task 3 advancing the base an additional 0.15 m before release; advancing straight; remaining=0.053 m
[INFO] [1787830957.696863910] [six_angels_material_sorting_client]: CONTROL_LOOP_HEALTH samples=400/15056 interval_p95=50.32ms interval_p99=50.64ms execution_p95=1.80ms interval_misses=22 execution_misses=27
[INFO] [1787830958.546040222] [six_angels_material_sorting_client]: progress task=3 stage=align_for_place: task 3 advancing the base an additional 0.15 m before release; advancing straight; remaining=0.052 m
[INFO] [1787830960.596039281] [six_angels_material_sorting_client]: progress task=3 stage=align_for_place: task 3 advancing the base an additional 0.15 m before release; advancing straight; remaining=0.052 m
[INFO] [1787830962.646048988] [six_angels_material_sorting_client]: progress task=3 stage=align_for_place: task 3 advancing the base an additional 0.15 m before release; advancing straight; remaining=0.052 m
[INFO] [1787830962.746918867] [six_angels_material_sorting_client]: CONTROL_LOOP_HEALTH samples=400/15157 interval_p95=50.39ms interval_p99=50.72ms execution_p95=1.78ms interval_misses=22 execution_misses=27
[INFO] [1787830964.646167590] [six_angels_material_sorting_client]: progress task=3 stage=align_for_place: task 3 advancing the base an additional 0.15 m before release; advancing straight; remaining=0.053 m
[INFO] [1787830966.696614130] [six_angels_material_sorting_client]: progress task=3 stage=align_for_place: task 3 advancing the base an additional 0.15 m before release; advancing straight; remaining=0.052 m
[INFO] [1787830967.796738688] [six_angels_material_sorting_client]: CONTROL_LOOP_HEALTH samples=400/15258 interval_p95=50.45ms interval_p99=50.77ms execution_p95=1.61ms interval_misses=22 execution_misses=27
[INFO] [1787830968.697259174] [six_angels_material_sorting_client]: progress task=3 stage=align_for_place: task 3 advancing the base an additional 0.15 m before release; advancing straight; remaining=0.052 m
[INFO] [1787830970.748587946] [six_angels_material_sorting_client]: progress task=3 stage=align_for_place: task 3 advancing the base an additional 0.15 m before release; advancing straight; remaining=0.053 m
[INFO] [1787830972.796304759] [six_angels_material_sorting_client]: progress task=3 stage=align_for_place: task 3 advancing the base an additional 0.15 m before release; advancing straight; remaining=0.053 m
[INFO] [1787830972.797281988] [six_angels_material_sorting_client]: CONTROL_LOOP_HEALTH samples=400/15358 interval_p95=50.45ms interval_p99=50.91ms execution_p95=1.80ms interval_misses=22 execution_misses=27
[INFO] [1787830974.796403862] [six_angels_material_sorting_client]: progress task=3 stage=align_for_place: task 3 advancing the base an additional 0.15 m before release; advancing straight; remaining=0.052 m
[INFO] [1787830976.845803415] [six_angels_material_sorting_client]: progress task=3 stage=align_for_place: task 3 advancing the base an additional 0.15 m before release; advancing straight; remaining=0.052 m
[INFO] [1787830977.846174741] [six_angels_material_sorting_client]: CONTROL_LOOP_HEALTH samples=400/15459 interval_p95=50.42ms interval_p99=50.91ms execution_p95=1.79ms interval_misses=22 execution_misses=27
[INFO] [1787830978.846087941] [six_angels_material_sorting_client]: progress task=3 stage=align_for_place: task 3 advancing the base an additional 0.15 m before release; advancing straight; remaining=0.052 m
[INFO] [1787830980.847137751] [six_angels_material_sorting_client]: progress task=3 stage=align_for_place: task 3 advancing the base an additional 0.15 m before release; advancing straight; remaining=0.053 m
[INFO] [1787830982.846441329] [six_angels_material_sorting_client]: CONTROL_LOOP_HEALTH samples=400/15559 interval_p95=50.34ms interval_p99=50.77ms execution_p95=1.79ms interval_misses=22 execution_misses=27
[INFO] [1787830982.897000842] [six_angels_material_sorting_client]: progress task=3 stage=align_for_place: task 3 advancing the base an additional 0.15 m before release; advancing straight; remaining=0.053 m
[INFO] [1787830984.948221559] [six_angels_material_sorting_client]: progress task=3 stage=align_for_place: task 3 advancing the base an additional 0.15 m before release; advancing straight; remaining=0.053 m
[INFO] [1787830986.996077844] [six_angels_material_sorting_client]: progress task=3 stage=align_for_place: task 3 advancing the base an additional 0.15 m before release; advancing straight; remaining=0.052 m
[INFO] [1787830987.846811983] [six_angels_material_sorting_client]: CONTROL_LOOP_HEALTH samples=400/15659 interval_p95=50.34ms interval_p99=50.83ms execution_p95=1.85ms interval_misses=22 execution_misses=27
[INFO] [1787830988.996444018] [six_angels_material_sorting_client]: progress task=3 stage=align_for_place: task 3 advancing the base an additional 0.15 m before release; advancing straight; remaining=0.052 m
[INFO] [1787830991.046324434] [six_angels_material_sorting_client]: progress task=3 stage=align_for_place: task 3 advancing the base an additional 0.15 m before release; advancing straight; remaining=0.052 m
[INFO] [1787830992.896137091] [six_angels_material_sorting_client]: CONTROL_LOOP_HEALTH samples=400/15760 interval_p95=50.31ms interval_p99=50.83ms execution_p95=1.84ms interval_misses=22 execution_misses=27
[INFO] [1787830993.096132806] [six_angels_material_sorting_client]: progress task=3 stage=align_for_place: task 3 advancing the base an additional 0.15 m before release; advancing straight; remaining=0.052 m
[INFO] [1787830995.096130407] [six_angels_material_sorting_client]: progress task=3 stage=align_for_place: task 3 advancing the base an additional 0.15 m before release; advancing straight; remaining=0.053 m
[INFO] [1787830997.145844071] [six_angels_material_sorting_client]: progress task=3 stage=align_for_place: task 3 advancing the base an additional 0.15 m before release; advancing straight; remaining=0.053 m
[INFO] [1787830997.896374648] [six_angels_material_sorting_client]: CONTROL_LOOP_HEALTH samples=400/15860 interval_p95=50.35ms interval_p99=50.87ms execution_p95=1.85ms interval_misses=22 execution_misses=27
[INFO] [1787830999.146383612] [six_angels_material_sorting_client]: progress task=3 stage=align_for_place: task 3 advancing the base an additional 0.15 m before release; advancing straight; remaining=0.052 m
[INFO] [1787831001.146404579] [six_angels_material_sorting_client]: progress task=3 stage=align_for_place: task 3 advancing the base an additional 0.15 m before release; advancing straight; remaining=0.053 m
[INFO] [1787831002.946372547] [six_angels_material_sorting_client]: CONTROL_LOOP_HEALTH samples=400/15961 interval_p95=50.35ms interval_p99=50.98ms execution_p95=1.87ms interval_misses=22 execution_misses=27
[INFO] [1787831003.196120739] [six_angels_material_sorting_client]: progress task=3 stage=align_for_place: task 3 advancing the base an additional 0.15 m before release; advancing straight; remaining=0.053 m
[INFO] [1787831005.196477515] [six_angels_material_sorting_client]: progress task=3 stage=align_for_place: task 3 advancing the base an additional 0.15 m before release; advancing straight; remaining=0.053 m
[INFO] [1787831007.246089847] [six_angels_material_sorting_client]: progress task=3 stage=align_for_place: task 3 advancing the base an additional 0.15 m before release; advancing straight; remaining=0.052 m
[INFO] [1787831007.947244622] [six_angels_material_sorting_client]: CONTROL_LOOP_HEALTH samples=400/16061 interval_p95=50.44ms interval_p99=50.90ms execution_p95=1.81ms interval_misses=22 execution_misses=27
[INFO] [1787831009.246273694] [six_angels_material_sorting_client]: progress task=3 stage=align_for_place: task 3 advancing the base an additional 0.15 m before release; advancing straight; remaining=0.052 m
[INFO] [1787831011.296085025] [six_angels_material_sorting_client]: progress task=3 stage=align_for_place: task 3 advancing the base an additional 0.15 m before release; advancing straight; remaining=0.053 m
[INFO] [1787831012.996336390] [six_angels_material_sorting_client]: CONTROL_LOOP_HEALTH samples=400/16162 interval_p95=50.48ms interval_p99=50.87ms execution_p95=1.64ms interval_misses=22 execution_misses=27
[INFO] [1787831013.346110432] [six_angels_material_sorting_client]: progress task=3 stage=align_for_place: task 3 advancing the base an additional 0.15 m before release; advancing straight; remaining=0.053 m
[INFO] [1787831015.395802584] [six_angels_material_sorting_client]: progress task=3 stage=align_for_place: task 3 advancing the base an additional 0.15 m before release; advancing straight; remaining=0.052 m
[INFO] [1787831017.396074451] [six_angels_material_sorting_client]: progress task=3 stage=align_for_place: task 3 advancing the base an additional 0.15 m before release; advancing straight; remaining=0.052 m
[INFO] [1787831017.996811700] [six_angels_material_sorting_client]: CONTROL_LOOP_HEALTH samples=400/16262 interval_p95=50.44ms interval_p99=50.82ms execution_p95=1.60ms interval_misses=22 execution_misses=27
[INFO] [1787831019.396518461] [six_angels_material_sorting_client]: progress task=3 stage=align_for_place: task 3 advancing the base an additional 0.15 m before release; advancing straight; remaining=0.053 m
[INFO] [1787831021.446038699] [six_angels_material_sorting_client]: progress task=3 stage=align_for_place: task 3 advancing the base an additional 0.15 m before release; advancing straight; remaining=0.052 m
[INFO] [1787831023.046759923] [six_angels_material_sorting_client]: CONTROL_LOOP_HEALTH samples=400/16363 interval_p95=50.45ms interval_p99=50.82ms execution_p95=1.55ms interval_misses=22 execution_misses=27
[INFO] [1787831023.446613639] [six_angels_material_sorting_client]: progress task=3 stage=align_for_place: task 3 advancing the base an additional 0.15 m before release; advancing straight; remaining=0.052 m
[INFO] [1787831025.496594956] [six_angels_material_sorting_client]: progress task=3 stage=align_for_place: task 3 advancing the base an additional 0.15 m before release; advancing straight; remaining=0.052 m
[INFO] [1787831027.497035275] [six_angels_material_sorting_client]: progress task=3 stage=align_for_place: task 3 advancing the base an additional 0.15 m before release; advancing straight; remaining=0.052 m
[INFO] [1787831028.047544204] [six_angels_material_sorting_client]: CONTROL_LOOP_HEALTH samples=400/16463 interval_p95=50.36ms interval_p99=50.82ms execution_p95=1.85ms interval_misses=22 execution_misses=27
[INFO] [1787831029.546088753] [six_angels_material_sorting_client]: progress task=3 stage=align_for_place: task 3 advancing the base an additional 0.15 m before release; advancing straight; remaining=0.052 m
[INFO] [1787831031.546053111] [six_angels_material_sorting_client]: progress task=3 stage=align_for_place: task 3 advancing the base an additional 0.15 m before release; advancing straight; remaining=0.052 m
[INFO] [1787831033.096323660] [six_angels_material_sorting_client]: CONTROL_LOOP_HEALTH samples=400/16564 interval_p95=50.38ms interval_p99=50.75ms execution_p95=1.87ms interval_misses=22 execution_misses=27
[INFO] [1787831033.546028063] [six_angels_material_sorting_client]: progress task=3 stage=align_for_place: task 3 advancing the base an additional 0.15 m before release; advancing straight; remaining=0.053 m
[INFO] [1787831035.546216069] [six_angels_material_sorting_client]: progress task=3 stage=align_for_place: task 3 advancing the base an additional 0.15 m before release; advancing straight; remaining=0.053 m
[INFO] [1787831037.596169464] [six_angels_material_sorting_client]: progress task=3 stage=align_for_place: task 3 advancing the base an additional 0.15 m before release; advancing straight; remaining=0.052 m
[INFO] [1787831038.146247953] [six_angels_material_sorting_client]: CONTROL_LOOP_HEALTH samples=400/16665 interval_p95=50.39ms interval_p99=50.74ms execution_p95=1.89ms interval_misses=22 execution_misses=27
[INFO] [1787831039.646361914] [six_angels_material_sorting_client]: progress task=3 stage=align_for_place: task 3 advancing the base an additional 0.15 m before release; advancing straight; remaining=0.053 m
[INFO] [1787831041.695835848] [six_angels_material_sorting_client]: progress task=3 stage=align_for_place: task 3 advancing the base an additional 0.15 m before release; advancing straight; remaining=0.053 m
[INFO] [1787831043.196693606] [six_angels_material_sorting_client]: CONTROL_LOOP_HEALTH samples=400/16766 interval_p95=50.38ms interval_p99=50.71ms execution_p95=1.89ms interval_misses=22 execution_misses=27
[INFO] [1787831043.696237980] [six_angels_material_sorting_client]: progress task=3 stage=align_for_place: task 3 advancing the base an additional 0.15 m before release; advancing straight; remaining=0.052 m
[INFO] [1787831045.697806996] [six_angels_material_sorting_client]: progress task=3 stage=align_for_place: task 3 advancing the base an additional 0.15 m before release; advancing straight; remaining=0.052 m
[INFO] [1787831047.746087314] [six_angels_material_sorting_client]: progress task=3 stage=align_for_place: task 3 advancing the base an additional 0.15 m before release; advancing straight; remaining=0.053 m
[INFO] [1787831048.246375686] [six_angels_material_sorting_client]: CONTROL_LOOP_HEALTH samples=400/16867 interval_p95=50.39ms interval_p99=50.72ms execution_p95=1.85ms interval_misses=22 execution_misses=27
[INFO] [1787831049.796050945] [six_angels_material_sorting_client]: progress task=3 stage=align_for_place: task 3 advancing the base an additional 0.15 m before release; advancing straight; remaining=0.053 m
[INFO] [1787831051.796212083] [six_angels_material_sorting_client]: progress task=3 stage=align_for_place: task 3 advancing the base an additional 0.15 m before release; advancing straight; remaining=0.053 m
[INFO] [1787831053.296343554] [six_angels_material_sorting_client]: CONTROL_LOOP_HEALTH samples=400/16968 interval_p95=50.37ms interval_p99=50.86ms execution_p95=1.92ms interval_misses=22 execution_misses=27
[INFO] [1787831053.796111856] [six_angels_material_sorting_client]: progress task=3 stage=align_for_place: task 3 advancing the base an additional 0.15 m before release; advancing straight; remaining=0.052 m
[INFO] [1787831055.796089201] [six_angels_material_sorting_client]: progress task=3 stage=align_for_place: task 3 advancing the base an additional 0.15 m before release; advancing straight; remaining=0.053 m
[INFO] [1787831057.796115151] [six_angels_material_sorting_client]: progress task=3 stage=align_for_place: task 3 advancing the base an additional 0.15 m before release; advancing straight; remaining=0.052 m
[INFO] [1787831058.345975848] [six_angels_material_sorting_client]: CONTROL_LOOP_HEALTH samples=400/17069 interval_p95=50.49ms interval_p99=51.09ms execution_p95=1.92ms interval_misses=22 execution_misses=27
[INFO] [1787831059.846755361] [six_angels_material_sorting_client]: progress task=3 stage=align_for_place: task 3 advancing the base an additional 0.15 m before release; advancing straight; remaining=0.051 m
[INFO] [1787831061.896138755] [six_angels_material_sorting_client]: progress task=3 stage=align_for_place: task 3 advancing the base an additional 0.15 m before release; advancing straight; remaining=0.053 m
[INFO] [1787831063.348298106] [six_angels_material_sorting_client]: CONTROL_LOOP_HEALTH samples=400/17169 interval_p95=50.63ms interval_p99=51.09ms execution_p95=1.92ms interval_misses=22 execution_misses=27
[INFO] [1787831063.946540053] [six_angels_material_sorting_client]: progress task=3 stage=align_for_place: task 3 advancing the base an additional 0.15 m before release; advancing straight; remaining=0.053 m
[INFO] [1787831065.996642526] [six_angels_material_sorting_client]: progress task=3 stage=align_for_place: task 3 advancing the base an additional 0.15 m before release; advancing straight; remaining=0.052 m
[INFO] [1787831068.046378432] [six_angels_material_sorting_client]: progress task=3 stage=align_for_place: task 3 advancing the base an additional 0.15 m before release; advancing straight; remaining=0.052 m
[INFO] [1787831068.396618540] [six_angels_material_sorting_client]: CONTROL_LOOP_HEALTH samples=400/17270 interval_p95=50.58ms interval_p99=51.02ms execution_p95=1.77ms interval_misses=22 execution_misses=27
[INFO] [1787831070.046632152] [six_angels_material_sorting_client]: progress task=3 stage=align_for_place: task 3 advancing the base an additional 0.15 m before release; advancing straight; remaining=0.053 m
[INFO] [1787831072.047395495] [six_angels_material_sorting_client]: progress task=3 stage=align_for_place: task 3 advancing the base an additional 0.15 m before release; advancing straight; remaining=0.053 m
[INFO] [1787831073.397639345] [six_angels_material_sorting_client]: CONTROL_LOOP_HEALTH samples=400/17370 interval_p95=50.45ms interval_p99=50.99ms execution_p95=1.90ms interval_misses=22 execution_misses=27
[INFO] [1787831074.097239703] [six_angels_material_sorting_client]: progress task=3 stage=align_for_place: task 3 advancing the base an additional 0.15 m before release; advancing straight; remaining=0.053 m
[INFO] [1787831076.097651152] [six_angels_material_sorting_client]: progress task=3 stage=align_for_place: task 3 advancing the base an additional 0.15 m before release; advancing straight; remaining=0.052 m
[INFO] [1787831078.146299397] [six_angels_material_sorting_client]: progress task=3 stage=align_for_place: task 3 advancing the base an additional 0.15 m before release; advancing straight; remaining=0.053 m
[INFO] [1787831078.447343654] [six_angels_material_sorting_client]: CONTROL_LOOP_HEALTH samples=400/17471 interval_p95=50.46ms interval_p99=50.90ms execution_p95=2.02ms interval_misses=22 execution_misses=27
[INFO] [1787831080.197115654] [six_angels_material_sorting_client]: progress task=3 stage=align_for_place: task 3 advancing the base an additional 0.15 m before release; advancing straight; remaining=0.053 m
[INFO] [1787831082.246282566] [six_angels_material_sorting_client]: progress task=3 stage=align_for_place: task 3 advancing the base an additional 0.15 m before release; advancing straight; remaining=0.052 m
[INFO] [1787831083.496520636] [six_angels_material_sorting_client]: CONTROL_LOOP_HEALTH samples=400/17572 interval_p95=50.50ms interval_p99=50.93ms execution_p95=2.02ms interval_misses=22 execution_misses=27
[INFO] [1787831084.246305218] [six_angels_material_sorting_client]: progress task=3 stage=align_for_place: task 3 advancing the base an additional 0.15 m before release; advancing straight; remaining=0.052 m
[INFO] [1787831086.296266906] [six_angels_material_sorting_client]: progress task=3 stage=align_for_place: task 3 advancing the base an additional 0.15 m before release; advancing straight; remaining=0.053 m
[INFO] [1787831088.296609413] [six_angels_material_sorting_client]: progress task=3 stage=align_for_place: task 3 advancing the base an additional 0.15 m before release; advancing straight; remaining=0.052 m
[INFO] [1787831088.496699665] [six_angels_material_sorting_client]: CONTROL_LOOP_HEALTH samples=400/17672 interval_p95=50.46ms interval_p99=51.04ms execution_p95=2.02ms interval_misses=22 execution_misses=27
[INFO] [1787831090.296350884] [six_angels_material_sorting_client]: progress task=3 stage=align_for_place: task 3 advancing the base an additional 0.15 m before release; advancing straight; remaining=0.051 m
[INFO] [1787831092.296716357] [six_angels_material_sorting_client]: progress task=3 stage=align_for_place: task 3 advancing the base an additional 0.15 m before release; advancing straight; remaining=0.052 m
[INFO] [1787831093.546511867] [six_angels_material_sorting_client]: CONTROL_LOOP_HEALTH samples=400/17773 interval_p95=50.47ms interval_p99=51.04ms execution_p95=2.02ms interval_misses=22 execution_misses=27
[INFO] [1787831094.346436906] [six_angels_material_sorting_client]: progress task=3 stage=align_for_place: task 3 advancing the base an additional 0.15 m before release; advancing straight; remaining=0.053 m
[INFO] [1787831096.346252135] [six_angels_material_sorting_client]: progress task=3 stage=align_for_place: task 3 advancing the base an additional 0.15 m before release; advancing straight; remaining=0.053 m
[INFO] [1787831098.396162070] [six_angels_material_sorting_client]: progress task=3 stage=align_for_place: task 3 advancing the base an additional 0.15 m before release; advancing straight; remaining=0.052 m
[INFO] [1787831098.546686573] [six_angels_material_sorting_client]: CONTROL_LOOP_HEALTH samples=400/17873 interval_p95=50.44ms interval_p99=50.91ms execution_p95=1.88ms interval_misses=22 execution_misses=27
[INFO] [1787831100.446438189] [six_angels_material_sorting_client]: progress task=3 stage=align_for_place: task 3 advancing the base an additional 0.15 m before release; advancing straight; remaining=0.052 m
[INFO] [1787831102.447181244] [six_angels_material_sorting_client]: progress task=3 stage=align_for_place: task 3 advancing the base an additional 0.15 m before release; advancing straight; remaining=0.053 m
[INFO] [1787831103.596606823] [six_angels_material_sorting_client]: CONTROL_LOOP_HEALTH samples=400/17974 interval_p95=50.40ms interval_p99=50.77ms execution_p95=1.83ms interval_misses=22 execution_misses=27
[INFO] [1787831104.496279879] [six_angels_material_sorting_client]: progress task=3 stage=align_for_place: task 3 advancing the base an additional 0.15 m before release; advancing straight; remaining=0.052 m
[INFO] [1787831106.497038179] [six_angels_material_sorting_client]: progress task=3 stage=align_for_place: task 3 advancing the base an additional 0.15 m before release; advancing straight; remaining=0.052 m
[INFO] [1787831108.546273779] [six_angels_material_sorting_client]: progress task=3 stage=align_for_place: task 3 advancing the base an additional 0.15 m before release; advancing straight; remaining=0.052 m
[INFO] [1787831108.646556951] [six_angels_material_sorting_client]: CONTROL_LOOP_HEALTH samples=400/18075 interval_p95=50.41ms interval_p99=50.77ms execution_p95=1.79ms interval_misses=22 execution_misses=27
[INFO] [1787831110.546342185] [six_angels_material_sorting_client]: progress task=3 stage=align_for_place: task 3 advancing the base an additional 0.15 m before release; advancing straight; remaining=0.053 m
[INFO] [1787831112.596368829] [six_angels_material_sorting_client]: progress task=3 stage=align_for_place: task 3 advancing the base an additional 0.15 m before release; advancing straight; remaining=0.053 m
[INFO] [1787831113.697072726] [six_angels_material_sorting_client]: CONTROL_LOOP_HEALTH samples=400/18176 interval_p95=50.36ms interval_p99=50.72ms execution_p95=1.79ms interval_misses=22 execution_misses=27
[INFO] [1787831114.646076106] [six_angels_material_sorting_client]: progress task=3 stage=align_for_place: task 3 advancing the base an additional 0.15 m before release; advancing straight; remaining=0.053 m
[INFO] [1787831116.646386439] [six_angels_material_sorting_client]: progress task=3 stage=align_for_place: task 3 advancing the base an additional 0.15 m before release; advancing straight; remaining=0.052 m
[INFO] [1787831118.697121370] [six_angels_material_sorting_client]: progress task=3 stage=align_for_place: task 3 advancing the base an additional 0.15 m before release; advancing straight; remaining=0.052 m
[INFO] [1787831118.698242710] [six_angels_material_sorting_client]: CONTROL_LOOP_HEALTH samples=400/18276 interval_p95=50.36ms interval_p99=50.72ms execution_p95=1.79ms interval_misses=22 execution_misses=27
[INFO] [1787831120.746216425] [six_angels_material_sorting_client]: progress task=3 stage=align_for_place: task 3 advancing the base an additional 0.15 m before release; advancing straight; remaining=0.052 m
[INFO] [1787831122.746953723] [six_angels_material_sorting_client]: progress task=3 stage=align_for_place: task 3 advancing the base an additional 0.15 m before release; advancing straight; remaining=0.053 m
[INFO] [1787831123.746831277] [six_angels_material_sorting_client]: CONTROL_LOOP_HEALTH samples=400/18377 interval_p95=50.38ms interval_p99=50.72ms execution_p95=1.75ms interval_misses=22 execution_misses=27
[INFO] [1787831124.796281912] [six_angels_material_sorting_client]: progress task=3 stage=align_for_place: task 3 advancing the base an additional 0.15 m before release; advancing straight; remaining=0.053 m
[INFO] [1787831126.846321714] [six_angels_material_sorting_client]: progress task=3 stage=align_for_place: task 3 advancing the base an additional 0.15 m before release; advancing straight; remaining=0.052 m
[INFO] [1787831128.796610709] [six_angels_material_sorting_client]: CONTROL_LOOP_HEALTH samples=400/18478 interval_p95=50.36ms interval_p99=50.69ms execution_p95=1.68ms interval_misses=22 execution_misses=27
[INFO] [1787831128.847228798] [six_angels_material_sorting_client]: progress task=3 stage=align_for_place: task 3 advancing the base an additional 0.15 m before release; advancing straight; remaining=0.052 m
[INFO] [1787831130.896012694] [six_angels_material_sorting_client]: progress task=3 stage=align_for_place: task 3 advancing the base an additional 0.15 m before release; advancing straight; remaining=0.053 m
[INFO] [1787831132.896155432] [six_angels_material_sorting_client]: progress task=3 stage=align_for_place: task 3 advancing the base an additional 0.15 m before release; advancing straight; remaining=0.052 m
[INFO] [1787831133.846359246] [six_angels_material_sorting_client]: CONTROL_LOOP_HEALTH samples=400/18579 interval_p95=50.38ms interval_p99=50.89ms execution_p95=1.65ms interval_misses=22 execution_misses=27
[INFO] [1787831134.896532892] [six_angels_material_sorting_client]: progress task=3 stage=align_for_place: task 3 advancing the base an additional 0.15 m before release; advancing straight; remaining=0.052 m
[INFO] [1787831136.946348863] [six_angels_material_sorting_client]: progress task=3 stage=align_for_place: task 3 advancing the base an additional 0.15 m before release; advancing straight; remaining=0.052 m
[INFO] [1787831138.896232336] [six_angels_material_sorting_client]: CONTROL_LOOP_HEALTH samples=400/18680 interval_p95=50.34ms interval_p99=50.80ms execution_p95=1.66ms interval_misses=22 execution_misses=27
[INFO] [1787831138.946716096] [six_angels_material_sorting_client]: progress task=3 stage=align_for_place: task 3 advancing the base an additional 0.15 m before release; advancing straight; remaining=0.052 m
[INFO] [1787831140.947031031] [six_angels_material_sorting_client]: progress task=3 stage=align_for_place: task 3 advancing the base an additional 0.15 m before release; advancing straight; remaining=0.053 m
[INFO] [1787831142.996292128] [six_angels_material_sorting_client]: progress task=3 stage=align_for_place: task 3 advancing the base an additional 0.15 m before release; advancing straight; remaining=0.053 m
[INFO] [1787831143.946813789] [six_angels_material_sorting_client]: CONTROL_LOOP_HEALTH samples=400/18781 interval_p95=50.29ms interval_p99=50.55ms execution_p95=1.66ms interval_misses=22 execution_misses=27
[INFO] [1787831144.996952925] [six_angels_material_sorting_client]: progress task=3 stage=align_for_place: task 3 advancing the base an additional 0.15 m before release; advancing straight; remaining=0.052 m
[INFO] [1787831147.046445266] [six_angels_material_sorting_client]: progress task=3 stage=align_for_place: task 3 advancing the base an additional 0.15 m before release; advancing straight; remaining=0.052 m
[INFO] [1787831148.947053262] [six_angels_material_sorting_client]: CONTROL_LOOP_HEALTH samples=400/18881 interval_p95=50.34ms interval_p99=50.80ms execution_p95=1.66ms interval_misses=22 execution_misses=27
[INFO] [1787831149.096074658] [six_angels_material_sorting_client]: progress task=3 stage=align_for_place: task 3 advancing the base an additional 0.15 m before release; advancing straight; remaining=0.053 m
[INFO] [1787831151.096247410] [six_angels_material_sorting_client]: progress task=3 stage=align_for_place: task 3 advancing the base an additional 0.15 m before release; advancing straight; remaining=0.053 m
[INFO] [1787831153.096921923] [six_angels_material_sorting_client]: progress task=3 stage=align_for_place: task 3 advancing the base an additional 0.15 m before release; advancing straight; remaining=0.052 m
[INFO] [1787831153.946942596] [six_angels_material_sorting_client]: CONTROL_LOOP_HEALTH samples=400/18981 interval_p95=50.29ms interval_p99=50.61ms execution_p95=1.75ms interval_misses=22 execution_misses=27
[INFO] [1787831155.146762610] [six_angels_material_sorting_client]: progress task=3 stage=align_for_place: task 3 advancing the base an additional 0.15 m before release; advancing straight; remaining=0.052 m
[INFO] [1787831157.146304896] [six_angels_material_sorting_client]: progress task=3 stage=align_for_place: task 3 advancing the base an additional 0.15 m before release; advancing straight; remaining=0.052 m
[INFO] [1787831158.947336949] [six_angels_material_sorting_client]: CONTROL_LOOP_HEALTH samples=400/19081 interval_p95=50.32ms interval_p99=50.69ms execution_p95=1.71ms interval_misses=22 execution_misses=27
[INFO] [1787831159.197016255] [six_angels_material_sorting_client]: progress task=3 stage=align_for_place: task 3 advancing the base an additional 0.15 m before release; advancing straight; remaining=0.051 m
[INFO] [1787831161.246113567] [six_angels_material_sorting_client]: progress task=3 stage=align_for_place: task 3 advancing the base an additional 0.15 m before release; advancing straight; remaining=0.053 m
[INFO] [1787831163.246826726] [six_angels_material_sorting_client]: progress task=3 stage=align_for_place: task 3 advancing the base an additional 0.15 m before release; advancing straight; remaining=0.052 m
[INFO] [1787831163.996763584] [six_angels_material_sorting_client]: CONTROL_LOOP_HEALTH samples=400/19182 interval_p95=50.47ms interval_p99=50.81ms execution_p95=1.75ms interval_misses=22 execution_misses=27
[INFO] [1787831165.296128900] [six_angels_material_sorting_client]: progress task=3 stage=align_for_place: task 3 advancing the base an additional 0.15 m before release; advancing straight; remaining=0.052 m
[INFO] [1787831167.346110666] [six_angels_material_sorting_client]: progress task=3 stage=align_for_place: task 3 advancing the base an additional 0.15 m before release; advancing straight; remaining=0.052 m
[INFO] [1787831169.046382820] [six_angels_material_sorting_client]: CONTROL_LOOP_HEALTH samples=400/19283 interval_p95=50.49ms interval_p99=51.01ms execution_p95=1.75ms interval_misses=22 execution_misses=27
[INFO] [1787831169.346579758] [six_angels_material_sorting_client]: progress task=3 stage=align_for_place: task 3 advancing the base an additional 0.15 m before release; advancing straight; remaining=0.053 m
[INFO] [1787831171.396199016] [six_angels_material_sorting_client]: progress task=3 stage=align_for_place: task 3 advancing the base an additional 0.15 m before release; advancing straight; remaining=0.053 m
[INFO] [1787831173.446306745] [six_angels_material_sorting_client]: progress task=3 stage=align_for_place: task 3 advancing the base an additional 0.15 m before release; advancing straight; remaining=0.052 m
[INFO] [1787831174.046822738] [six_angels_material_sorting_client]: CONTROL_LOOP_HEALTH samples=400/19383 interval_p95=50.52ms interval_p99=51.01ms execution_p95=1.71ms interval_misses=22 execution_misses=27
[INFO] [1787831175.446332850] [six_angels_material_sorting_client]: progress task=3 stage=align_for_place: task 3 advancing the base an additional 0.15 m before release; advancing straight; remaining=0.053 m
[INFO] [1787831177.496298132] [six_angels_material_sorting_client]: progress task=3 stage=align_for_place: task 3 advancing the base an additional 0.15 m before release; advancing straight; remaining=0.052 m
[INFO] [1787831179.097568959] [six_angels_material_sorting_client]: CONTROL_LOOP_HEALTH samples=400/19484 interval_p95=50.52ms interval_p99=51.02ms execution_p95=1.69ms interval_misses=22 execution_misses=27
[INFO] [1787831179.546658024] [six_angels_material_sorting_client]: progress task=3 stage=align_for_place: task 3 advancing the base an additional 0.15 m before release; advancing straight; remaining=0.051 m
[INFO] [1787831181.596362618] [six_angels_material_sorting_client]: progress task=3 stage=align_for_place: task 3 advancing the base an additional 0.15 m before release; advancing straight; remaining=0.053 m
[INFO] [1787831183.645804303] [six_angels_material_sorting_client]: progress task=3 stage=align_for_place: task 3 advancing the base an additional 0.15 m before release; advancing straight; remaining=0.053 m
[INFO] [1787831184.145999649] [six_angels_material_sorting_client]: CONTROL_LOOP_HEALTH samples=400/19585 interval_p95=50.49ms interval_p99=51.01ms execution_p95=1.65ms interval_misses=22 execution_misses=27
[INFO] [1787831185.696409248] [six_angels_material_sorting_client]: progress task=3 stage=align_for_place: task 3 advancing the base an additional 0.15 m before release; advancing straight; remaining=0.053 m
[INFO] [1787831187.746128325] [six_angels_material_sorting_client]: progress task=3 stage=align_for_place: task 3 advancing the base an additional 0.15 m before release; advancing straight; remaining=0.053 m
[INFO] [1787831189.147000057] [six_angels_material_sorting_client]: CONTROL_LOOP_HEALTH samples=400/19685 interval_p95=50.49ms interval_p99=50.87ms execution_p95=1.59ms interval_misses=22 execution_misses=27
[INFO] [1787831189.796109883] [six_angels_material_sorting_client]: progress task=3 stage=align_for_place: task 3 advancing the base an additional 0.15 m before release; advancing straight; remaining=0.051 m
[INFO] [1787831191.845830461] [six_angels_material_sorting_client]: progress task=3 stage=align_for_place: task 3 advancing the base an additional 0.15 m before release; advancing straight; remaining=0.053 m
[INFO] [1787831193.846424282] [six_angels_material_sorting_client]: progress task=3 stage=align_for_place: task 3 advancing the base an additional 0.15 m before release; advancing straight; remaining=0.053 m
[INFO] [1787831194.196375378] [six_angels_material_sorting_client]: CONTROL_LOOP_HEALTH samples=400/19786 interval_p95=50.41ms interval_p99=50.87ms execution_p95=1.59ms interval_misses=22 execution_misses=27
[INFO] [1787831195.846279204] [six_angels_material_sorting_client]: progress task=3 stage=align_for_place: task 3 advancing the base an additional 0.15 m before release; advancing straight; remaining=0.052 m
[INFO] [1787831197.896272294] [six_angels_material_sorting_client]: progress task=3 stage=align_for_place: task 3 advancing the base an additional 0.15 m before release; advancing straight; remaining=0.053 m
[INFO] [1787831199.196366996] [six_angels_material_sorting_client]: CONTROL_LOOP_HEALTH samples=400/19886 interval_p95=50.43ms interval_p99=50.86ms execution_p95=1.59ms interval_misses=22 execution_misses=27
[INFO] [1787831199.946503275] [six_angels_material_sorting_client]: progress task=3 stage=align_for_place: task 3 advancing the base an additional 0.15 m before release; advancing straight; remaining=0.052 m
[INFO] [1787831201.947419378] [six_angels_material_sorting_client]: progress task=3 stage=align_for_place: task 3 advancing the base an additional 0.15 m before release; advancing straight; remaining=0.051 m
[INFO] [1787831203.996254530] [six_angels_material_sorting_client]: progress task=3 stage=align_for_place: task 3 advancing the base an additional 0.15 m before release; advancing straight; remaining=0.053 m
[INFO] [1787831204.196843477] [six_angels_material_sorting_client]: CONTROL_LOOP_HEALTH samples=400/19986 interval_p95=50.40ms interval_p99=50.87ms execution_p95=1.59ms interval_misses=22 execution_misses=27
[INFO] [1787831206.046462133] [six_angels_material_sorting_client]: progress task=3 stage=align_for_place: task 3 advancing the base an additional 0.15 m before release; advancing straight; remaining=0.052 m
[INFO] [1787831208.096112796] [six_angels_material_sorting_client]: progress task=3 stage=align_for_place: task 3 advancing the base an additional 0.15 m before release; advancing straight; remaining=0.052 m
[INFO] [1787831209.197014682] [six_angels_material_sorting_client]: CONTROL_LOOP_HEALTH samples=400/20086 interval_p95=50.33ms interval_p99=50.88ms execution_p95=1.64ms interval_misses=22 execution_misses=27
[INFO] [1787831210.096123740] [six_angels_material_sorting_client]: progress task=3 stage=align_for_place: task 3 advancing the base an additional 0.15 m before release; advancing straight; remaining=0.052 m
[INFO] [1787831212.146198604] [six_angels_material_sorting_client]: progress task=3 stage=align_for_place: task 3 advancing the base an additional 0.15 m before release; advancing straight; remaining=0.053 m
[INFO] [1787831214.196668769] [six_angels_material_sorting_client]: progress task=3 stage=align_for_place: task 3 advancing the base an additional 0.15 m before release; advancing straight; remaining=0.052 m
[INFO] [1787831214.197772458] [six_angels_material_sorting_client]: CONTROL_LOOP_HEALTH samples=400/20186 interval_p95=50.33ms interval_p99=50.81ms execution_p95=1.64ms interval_misses=22 execution_misses=27
[INFO] [1787831216.246492513] [six_angels_material_sorting_client]: progress task=3 stage=align_for_place: task 3 advancing the base an additional 0.15 m before release; advancing straight; remaining=0.052 m
[INFO] [1787831218.246208267] [six_angels_material_sorting_client]: progress task=3 stage=align_for_place: task 3 advancing the base an additional 0.15 m before release; advancing straight; remaining=0.053 m
[INFO] [1787831219.247122608] [six_angels_material_sorting_client]: CONTROL_LOOP_HEALTH samples=400/20287 interval_p95=50.32ms interval_p99=50.86ms execution_p95=1.66ms interval_misses=22 execution_misses=27
[INFO] [1787831220.296175372] [six_angels_material_sorting_client]: progress task=3 stage=align_for_place: task 3 advancing the base an additional 0.15 m before release; advancing straight; remaining=0.053 m
[INFO] [1787831222.296239606] [six_angels_material_sorting_client]: progress task=3 stage=align_for_place: task 3 advancing the base an additional 0.15 m before release; advancing straight; remaining=0.052 m
[INFO] [1787831224.297217710] [six_angels_material_sorting_client]: CONTROL_LOOP_HEALTH samples=400/20388 interval_p95=50.34ms interval_p99=50.76ms execution_p95=1.66ms interval_misses=22 execution_misses=27
[INFO] [1787831224.346105442] [six_angels_material_sorting_client]: progress task=3 stage=align_for_place: task 3 advancing the base an additional 0.15 m before release; advancing straight; remaining=0.052 m
[INFO] [1787831226.346221135] [six_angels_material_sorting_client]: progress task=3 stage=align_for_place: task 3 advancing the base an additional 0.15 m before release; advancing straight; remaining=0.052 m
[INFO] [1787831228.395953271] [six_angels_material_sorting_client]: progress task=3 stage=align_for_place: task 3 advancing the base an additional 0.15 m before release; advancing straight; remaining=0.052 m
[INFO] [1787831229.346591844] [six_angels_material_sorting_client]: CONTROL_LOOP_HEALTH samples=400/20489 interval_p95=50.38ms interval_p99=50.67ms execution_p95=1.73ms interval_misses=22 execution_misses=27
[INFO] [1787831230.396296894] [six_angels_material_sorting_client]: progress task=3 stage=align_for_place: task 3 advancing the base an additional 0.15 m before release; advancing straight; remaining=0.053 m
[INFO] [1787831232.396156416] [six_angels_material_sorting_client]: progress task=3 stage=align_for_place: task 3 advancing the base an additional 0.15 m before release; advancing straight; remaining=0.053 m
[INFO] [1787831234.396167788] [six_angels_material_sorting_client]: CONTROL_LOOP_HEALTH samples=400/20590 interval_p95=50.49ms interval_p99=50.80ms execution_p95=1.65ms interval_misses=22 execution_misses=27
[INFO] [1787831234.446756141] [six_angels_material_sorting_client]: progress task=3 stage=align_for_place: task 3 advancing the base an additional 0.15 m before release; advancing straight; remaining=0.052 m
[INFO] [1787831236.447028713] [six_angels_material_sorting_client]: progress task=3 stage=align_for_place: task 3 advancing the base an additional 0.15 m before release; advancing straight; remaining=0.053 m
[INFO] [1787831238.446508524] [six_angels_material_sorting_client]: progress task=3 stage=align_for_place: task 3 advancing the base an additional 0.15 m before release; advancing straight; remaining=0.053 m
[INFO] [1787831239.396473800] [six_angels_material_sorting_client]: CONTROL_LOOP_HEALTH samples=400/20690 interval_p95=50.49ms interval_p99=50.80ms execution_p95=1.67ms interval_misses=22 execution_misses=27
[INFO] [1787831240.496245969] [six_angels_material_sorting_client]: progress task=3 stage=align_for_place: task 3 advancing the base an additional 0.15 m before release; advancing straight; remaining=0.052 m
[INFO] [1787831242.496508619] [six_angels_material_sorting_client]: progress task=3 stage=align_for_place: task 3 advancing the base an additional 0.15 m before release; advancing straight; remaining=0.052 m
[INFO] [1787831244.446722795] [six_angels_material_sorting_client]: CONTROL_LOOP_HEALTH samples=400/20791 interval_p95=50.54ms interval_p99=50.81ms execution_p95=1.73ms interval_misses=22 execution_misses=27
[INFO] [1787831244.546299623] [six_angels_material_sorting_client]: progress task=3 stage=align_for_place: task 3 advancing the base an additional 0.15 m before release; advancing straight; remaining=0.053 m
[INFO] [1787831246.596396037] [six_angels_material_sorting_client]: progress task=3 stage=align_for_place: task 3 advancing the base an additional 0.15 m before release; advancing straight; remaining=0.052 m
[INFO] [1787831248.645812710] [six_angels_material_sorting_client]: progress task=3 stage=align_for_place: task 3 advancing the base an additional 0.15 m before release; advancing straight; remaining=0.052 m
[INFO] [1787831249.446771484] [six_angels_material_sorting_client]: CONTROL_LOOP_HEALTH samples=400/20891 interval_p95=50.49ms interval_p99=50.85ms execution_p95=1.74ms interval_misses=22 execution_misses=27
[INFO] [1787831250.645892648] [six_angels_material_sorting_client]: progress task=3 stage=align_for_place: task 3 advancing the base an additional 0.15 m before release; advancing straight; remaining=0.052 m
[INFO] [1787831252.695950810] [six_angels_material_sorting_client]: progress task=3 stage=align_for_place: task 3 advancing the base an additional 0.15 m before release; advancing straight; remaining=0.053 m
[INFO] [1787831254.447072921] [six_angels_material_sorting_client]: CONTROL_LOOP_HEALTH samples=400/20991 interval_p95=50.46ms interval_p99=50.79ms execution_p95=1.71ms interval_misses=22 execution_misses=27
[INFO] [1787831254.746095932] [six_angels_material_sorting_client]: progress task=3 stage=align_for_place: task 3 advancing the base an additional 0.15 m before release; advancing straight; remaining=0.053 m
[INFO] [1787831256.796013474] [six_angels_material_sorting_client]: progress task=3 stage=align_for_place: task 3 advancing the base an additional 0.15 m before release; advancing straight; remaining=0.052 m
[INFO] [1787831258.796398029] [six_angels_material_sorting_client]: progress task=3 stage=align_for_place: task 3 advancing the base an additional 0.15 m before release; advancing straight; remaining=0.053 m
[INFO] [1787831259.497094181] [six_angels_material_sorting_client]: CONTROL_LOOP_HEALTH samples=400/21092 interval_p95=50.41ms interval_p99=50.74ms execution_p95=1.73ms interval_misses=22 execution_misses=27
[INFO] [1787831260.845875680] [six_angels_material_sorting_client]: progress task=3 stage=align_for_place: task 3 advancing the base an additional 0.15 m before release; advancing straight; remaining=0.053 m
[INFO] [1787831262.895838600] [six_angels_material_sorting_client]: progress task=3 stage=align_for_place: task 3 advancing the base an additional 0.15 m before release; advancing straight; remaining=0.052 m
[INFO] [1787831264.546038738] [six_angels_material_sorting_client]: CONTROL_LOOP_HEALTH samples=400/21193 interval_p95=50.41ms interval_p99=50.74ms execution_p95=1.73ms interval_misses=22 execution_misses=27
[INFO] [1787831264.945897349] [six_angels_material_sorting_client]: progress task=3 stage=align_for_place: task 3 advancing the base an additional 0.15 m before release; advancing straight; remaining=0.052 m
[INFO] [1787831266.995775598] [six_angels_material_sorting_client]: progress task=3 stage=align_for_place: task 3 advancing the base an additional 0.15 m before release; advancing straight; remaining=0.053 m
[INFO] [1787831268.996605969] [six_angels_material_sorting_client]: progress task=3 stage=align_for_place: task 3 advancing the base an additional 0.15 m before release; advancing straight; remaining=0.052 m
[INFO] [1787831269.547141485] [six_angels_material_sorting_client]: CONTROL_LOOP_HEALTH samples=400/21293 interval_p95=50.37ms interval_p99=50.53ms execution_p95=1.68ms interval_misses=22 execution_misses=27
[INFO] [1787831270.996671159] [six_angels_material_sorting_client]: progress task=3 stage=align_for_place: task 3 advancing the base an additional 0.15 m before release; advancing straight; remaining=0.052 m
[INFO] [1787831272.996580338] [six_angels_material_sorting_client]: progress task=3 stage=align_for_place: task 3 advancing the base an additional 0.15 m before release; advancing straight; remaining=0.052 m
[INFO] [1787831274.547558738] [six_angels_material_sorting_client]: CONTROL_LOOP_HEALTH samples=400/21393 interval_p95=50.34ms interval_p99=50.89ms execution_p95=2.02ms interval_misses=22 execution_misses=27
[INFO] [1787831274.997267596] [six_angels_material_sorting_client]: progress task=3 stage=align_for_place: task 3 advancing the base an additional 0.15 m before release; advancing straight; remaining=0.053 m
[INFO] [1787831276.997767302] [six_angels_material_sorting_client]: progress task=3 stage=align_for_place: task 3 advancing the base an additional 0.15 m before release; advancing straight; remaining=0.052 m
[INFO] [1787831279.046449166] [six_angels_material_sorting_client]: progress task=3 stage=align_for_place: task 3 advancing the base an additional 0.15 m before release; advancing straight; remaining=0.052 m
[INFO] [1787831279.596800184] [six_angels_material_sorting_client]: CONTROL_LOOP_HEALTH samples=400/21494 interval_p95=50.31ms interval_p99=50.89ms execution_p95=2.07ms interval_misses=22 execution_misses=27
[INFO] [1787831281.046847680] [six_angels_material_sorting_client]: progress task=3 stage=align_for_place: task 3 advancing the base an additional 0.15 m before release; advancing straight; remaining=0.053 m
[INFO] [1787831283.096493601] [six_angels_material_sorting_client]: progress task=3 stage=align_for_place: task 3 advancing the base an additional 0.15 m before release; advancing straight; remaining=0.052 m
[INFO] [1787831284.646426035] [six_angels_material_sorting_client]: CONTROL_LOOP_HEALTH samples=400/21595 interval_p95=50.31ms interval_p99=50.94ms execution_p95=2.07ms interval_misses=22 execution_misses=27
[INFO] [1787831285.146058242] [six_angels_material_sorting_client]: progress task=3 stage=align_for_place: task 3 advancing the base an additional 0.15 m before release; advancing straight; remaining=0.052 m
[INFO] [1787831287.146162942] [six_angels_material_sorting_client]: progress task=3 stage=align_for_place: task 3 advancing the base an additional 0.15 m before release; advancing straight; remaining=0.052 m
[INFO] [1787831289.197074240] [six_angels_material_sorting_client]: progress task=3 stage=align_for_place: task 3 advancing the base an additional 0.15 m before release; advancing straight; remaining=0.053 m
[INFO] [1787831289.647721212] [six_angels_material_sorting_client]: CONTROL_LOOP_HEALTH samples=400/21695 interval_p95=50.38ms interval_p99=51.03ms execution_p95=2.10ms interval_misses=22 execution_misses=27
[INFO] [1787831291.246507577] [six_angels_material_sorting_client]: progress task=3 stage=align_for_place: task 3 advancing the base an additional 0.15 m before release; advancing straight; remaining=0.052 m
[INFO] [1787831293.296472523] [six_angels_material_sorting_client]: progress task=3 stage=align_for_place: task 3 advancing the base an additional 0.15 m before release; advancing straight; remaining=0.052 m
[INFO] [1787831294.696682872] [six_angels_material_sorting_client]: CONTROL_LOOP_HEALTH samples=400/21796 interval_p95=50.31ms interval_p99=50.66ms execution_p95=2.04ms interval_misses=22 execution_misses=27
[INFO] [1787831295.346717208] [six_angels_material_sorting_client]: progress task=3 stage=align_for_place: task 3 advancing the base an additional 0.15 m before release; advancing straight; remaining=0.053 m
[INFO] [1787831297.347169812] [six_angels_material_sorting_client]: progress task=3 stage=align_for_place: task 3 advancing the base an additional 0.15 m before release; advancing straight; remaining=0.052 m
[INFO] [1787831299.347815174] [six_angels_material_sorting_client]: progress task=3 stage=align_for_place: task 3 advancing the base an additional 0.15 m before release; advancing straight; remaining=0.052 m
[INFO] [1787831299.697869536] [six_angels_material_sorting_client]: CONTROL_LOOP_HEALTH samples=400/21896 interval_p95=50.36ms interval_p99=51.13ms execution_p95=2.14ms interval_misses=22 execution_misses=27
[INFO] [1787831301.347255775] [six_angels_material_sorting_client]: progress task=3 stage=align_for_place: task 3 advancing the base an additional 0.15 m before release; advancing straight; remaining=0.053 m
[INFO] [1787831303.396158644] [six_angels_material_sorting_client]: progress task=3 stage=align_for_place: task 3 advancing the base an additional 0.15 m before release; advancing straight; remaining=0.052 m
[INFO] [1787831304.698254771] [six_angels_material_sorting_client]: CONTROL_LOOP_HEALTH samples=400/21996 interval_p95=50.36ms interval_p99=50.89ms execution_p95=2.16ms interval_misses=22 execution_misses=27
[INFO] [1787831305.397182152] [six_angels_material_sorting_client]: progress task=3 stage=align_for_place: task 3 advancing the base an additional 0.15 m before release; advancing straight; remaining=0.052 m
[INFO] [1787831307.396916957] [six_angels_material_sorting_client]: progress task=3 stage=align_for_place: task 3 advancing the base an additional 0.15 m before release; advancing straight; remaining=0.053 m
[INFO] [1787831309.397402011] [six_angels_material_sorting_client]: progress task=3 stage=align_for_place: task 3 advancing the base an additional 0.15 m before release; advancing straight; remaining=0.051 m
[INFO] [1787831309.747988720] [six_angels_material_sorting_client]: CONTROL_LOOP_HEALTH samples=400/22097 interval_p95=50.40ms interval_p99=50.89ms execution_p95=2.20ms interval_misses=22 execution_misses=27
[INFO] [1787831311.446150625] [six_angels_material_sorting_client]: progress task=3 stage=align_for_place: task 3 advancing the base an additional 0.15 m before release; advancing straight; remaining=0.051 m
[INFO] [1787831313.447384395] [six_angels_material_sorting_client]: progress task=3 stage=align_for_place: task 3 advancing the base an additional 0.15 m before release; advancing straight; remaining=0.053 m
[INFO] [1787831314.797568661] [six_angels_material_sorting_client]: CONTROL_LOOP_HEALTH samples=400/22198 interval_p95=50.60ms interval_p99=51.13ms execution_p95=2.19ms interval_misses=22 execution_misses=27
[INFO] [1787831315.497118166] [six_angels_material_sorting_client]: progress task=3 stage=align_for_place: task 3 advancing the base an additional 0.15 m before release; advancing straight; remaining=0.053 m
[INFO] [1787831317.547074825] [six_angels_material_sorting_client]: progress task=3 stage=align_for_place: task 3 advancing the base an additional 0.15 m before release; advancing straight; remaining=0.052 m
[INFO] [1787831319.596360592] [six_angels_material_sorting_client]: progress task=3 stage=align_for_place: task 3 advancing the base an additional 0.15 m before release; advancing straight; remaining=0.053 m
[INFO] [1787831319.846927163] [six_angels_material_sorting_client]: CONTROL_LOOP_HEALTH samples=400/22299 interval_p95=50.63ms interval_p99=51.00ms execution_p95=2.14ms interval_misses=22 execution_misses=27
[INFO] [1787831321.596605395] [six_angels_material_sorting_client]: progress task=3 stage=align_for_place: task 3 advancing the base an additional 0.15 m before release; advancing straight; remaining=0.052 m
[INFO] [1787831323.596999317] [six_angels_material_sorting_client]: progress task=3 stage=align_for_place: task 3 advancing the base an additional 0.15 m before release; advancing straight; remaining=0.051 m
[INFO] [1787831324.847000934] [six_angels_material_sorting_client]: CONTROL_LOOP_HEALTH samples=400/22399 interval_p95=50.70ms interval_p99=51.08ms execution_p95=2.07ms interval_misses=22 execution_misses=27
[INFO] [1787831325.646356569] [six_angels_material_sorting_client]: progress task=3 stage=align_for_place: task 3 advancing the base an additional 0.15 m before release; advancing straight; remaining=0.053 m
[INFO] [1787831327.696931030] [six_angels_material_sorting_client]: progress task=3 stage=align_for_place: task 3 advancing the base an additional 0.15 m before release; advancing straight; remaining=0.053 m
[INFO] [1787831329.745933688] [six_angels_material_sorting_client]: progress task=3 stage=align_for_place: task 3 advancing the base an additional 0.15 m before release; advancing straight; remaining=0.052 m
[INFO] [1787831329.896343538] [six_angels_material_sorting_client]: CONTROL_LOOP_HEALTH samples=400/22500 interval_p95=50.64ms interval_p99=51.06ms execution_p95=1.90ms interval_misses=22 execution_misses=27
[INFO] [1787831331.746094742] [six_angels_material_sorting_client]: progress task=3 stage=align_for_place: task 3 advancing the base an additional 0.15 m before release; advancing straight; remaining=0.052 m
[INFO] [1787831333.795961977] [six_angels_material_sorting_client]: progress task=3 stage=align_for_place: task 3 advancing the base an additional 0.15 m before release; advancing straight; remaining=0.053 m
[INFO] [1787831334.946511352] [six_angels_material_sorting_client]: CONTROL_LOOP_HEALTH samples=400/22601 interval_p95=50.59ms interval_p99=51.04ms execution_p95=1.88ms interval_misses=22 execution_misses=27
[INFO] [1787831335.845734380] [six_angels_material_sorting_client]: progress task=3 stage=align_for_place: task 3 advancing the base an additional 0.15 m before release; advancing straight; remaining=0.053 m
[INFO] [1787831337.846524968] [six_angels_material_sorting_client]: progress task=3 stage=align_for_place: task 3 advancing the base an additional 0.15 m before release; advancing straight; remaining=0.052 m
[INFO] [1787831339.896557068] [six_angels_material_sorting_client]: progress task=3 stage=align_for_place: task 3 advancing the base an additional 0.15 m before release; advancing straight; remaining=0.053 m
[INFO] [1787831339.996181186] [six_angels_material_sorting_client]: CONTROL_LOOP_HEALTH samples=400/22702 interval_p95=50.50ms interval_p99=51.02ms execution_p95=1.79ms interval_misses=22 execution_misses=27
[INFO] [1787831341.946107655] [six_angels_material_sorting_client]: progress task=3 stage=align_for_place: task 3 advancing the base an additional 0.15 m before release; advancing straight; remaining=0.053 m
