checking Client module consistency...
/workspace/baseline/examples/material_sorting/shelf/state_tracker.py:127: UserWarning: layout.scene.shelf_opening_yaw missing; fallback DEFAULT_SHELF_OPENING_YAW=0.0
  self.geometry = geometry or load_shelf_geometry()
/workspace/baseline/examples/material_sorting/perception/shelf_empty_confirm.py:90: UserWarning: layout.scene.shelf_opening_yaw missing; fallback DEFAULT_SHELF_OPENING_YAW=0.0
  self.geometry = geometry or load_shelf_geometry()
[INFO] [1787836316.885493346] [six_angels_material_sorting_client]: scheduler RL overlay enabled; policy_mode=rl_guarded
[INFO] [1787836316.902820250] [six_angels_material_sorting_client]: client started; waiting for instruction, odometry and joint states; execution_mode=task123_full; scheduler=v2
[INFO] [1787836316.903498326] [six_angels_material_sorting_client]: scheduler_policy=rl_guarded; event_log=/workspace/artifacts/scheduler_v2_multiseed_20260919.jsonl; measured_carry_guard=False
[INFO] [1787836316.904150023] [six_angels_material_sorting_client]: runtime_health=odom_max_age=0.750s, joint_max_age=0.750s, stale_grace=2.000s, control_period=0.050s
[WARN] [1787836316.904787800] [six_angels_material_sorting_client]: scheduler v2 is active: task plans and command/resource guards are enforced
[INFO] [1787836316.905408367] [six_angels_material_sorting_client]: semantic audit disabled
[WARN] [1787836316.906033754] [six_angels_material_sorting_client]: task123_full enables integrated task-1/task-2 execution and task-3 top-box pick, measured packaging-box left placement, and safe return; task transitions remain referee-driven
[INFO] [1787836316.953454548] [six_angels_material_sorting_client]: waiting for: instructions
[INFO] [1787836317.189713544] [six_angels_material_sorting_client]: instructions accepted: T1=yellow->shelf_point, T2=brown->table_point, T3=pink->shelf_prop_side
/usr/local/lib/python3.10/dist-packages/matplotlib/projections/__init__.py:63: UserWarning: Unable to import Axes3D. This may be due to multiple versions of Matplotlib being installed (e.g. as a system package and as a pip package). As a result, the 3D projection is not available.
  warnings.warn("Unable to import Axes3D. This may be due to multiple versions of "
[INFO] [1787836320.410138118] [material_box_detect]: material_box_detect up; backend=yolo; checkpoint=/workspace/baseline/examples/material_sorting/perception/checkpoints/best.pt; conf=0.65; center_compensation_scale=0.70; detection_log_period=0.0s
[INFO] [1787836321.953555717] [six_angels_material_sorting_client]: waiting for: detection:yellow
[INFO] [1787836321.954331723] [six_angels_material_sorting_client]: CONTROL_LOOP_HEALTH samples=101/101 interval_p95=50.09ms interval_p99=50.12ms execution_p95=0.39ms interval_misses=0 execution_misses=0
[INFO] [1787836322.603088769] [six_angels_material_sorting_client]: client inputs ready; starting three-task competition controller
[INFO] [1787836322.604892740] [six_angels_material_sorting_client]: controller=starting_task task=1 attempt=1 stage=navigate_to_pick score=0: starting task 1 attempt 1
[INFO] [1787836322.654456533] [six_angels_material_sorting_client]: controller=executing_stage task=1 attempt=1 stage=navigate_to_pick score=0: task 1 entering navigate_to_pick
[INFO] [1787836322.746532996] [six_angels_material_sorting_client]: controller=executing_stage task=1 attempt=1 stage=navigate_to_pick score=0: task 1 attempt 1 stage=navigate_to_pick
[INFO] [1787836322.995208300] [six_angels_material_sorting_client]: scheduler candidate action=task1:navigate_to_pick:stand:left source=rl reason=accepted costmap_v=1
[INFO] [1787836324.839833892] [six_angels_material_sorting_client]: progress task=1 stage=navigate_to_pick: task 1 navigating to pick stand (-0.26, 1.55); nav_status=navigating; NAV_TEL phase=task1_pick status=navigating segment=nav_table x=-0.700 y=0.550 yaw=1.074 dist=1.093 yaw_err=0.497 cmd=(0.000,-0.650) clear=0.300 footprint=transit_stowed path=1.450 planned_straight=1.092 detour=1.327
[INFO] [1787836326.777350104] [six_angels_material_sorting_client]: progress task=1 stage=navigate_to_pick: task 1 navigating to pick stand (-0.26, 1.55); nav_status=navigating; NAV_TEL phase=task1_pick status=navigating segment=nav_table x=-0.701 y=0.549 yaw=0.347 dist=1.094 yaw_err=1.224 cmd=(0.000,-0.557) clear=0.300 footprint=transit_stowed path=1.450 planned_straight=1.092 detour=1.327
[INFO] [1787836327.071286573] [six_angels_material_sorting_client]: CONTROL_LOOP_HEALTH samples=199/199 interval_p95=55.15ms interval_p99=123.24ms execution_p95=2.91ms interval_misses=2 execution_misses=3
[INFO] [1787836328.890735931] [six_angels_material_sorting_client]: progress task=1 stage=navigate_to_pick: task 1 navigating to pick stand (-0.26, 1.55); nav_status=navigating; NAV_TEL phase=task1_pick status=navigating segment=nav_table x=-0.515 y=0.574 yaw=0.083 dist=1.009 yaw_err=1.487 cmd=(0.200,0.214) clear=0.400 footprint=transit_stowed path=1.450 planned_straight=1.092 detour=1.327
[INFO] [1787836330.845372368] [six_angels_material_sorting_client]: progress task=1 stage=navigate_to_pick: task 1 navigating to pick stand (-0.26, 1.55); nav_status=navigating; NAV_TEL phase=task1_pick status=navigating segment=nav_table x=-0.350 y=0.618 yaw=0.583 dist=0.936 yaw_err=0.988 cmd=(0.181,0.643) clear=0.350 footprint=transit_stowed path=1.450 planned_straight=1.092 detour=1.327
[INFO] [1787836332.005163855] [six_angels_material_sorting_client]: CONTROL_LOOP_HEALTH samples=298/298 interval_p95=58.15ms interval_p99=123.24ms execution_p95=2.62ms interval_misses=5 execution_misses=5
[INFO] [1787836332.805315099] [six_angels_material_sorting_client]: progress task=1 stage=navigate_to_pick: task 1 navigating to pick stand (-0.26, 1.55); nav_status=navigating; NAV_TEL phase=task1_pick status=navigating segment=nav_table x=-0.237 y=0.765 yaw=1.220 dist=0.786 yaw_err=0.350 cmd=(0.200,0.479) clear=0.300 footprint=transit_stowed path=1.450 planned_straight=1.092 detour=1.327
[INFO] [1787836334.824934693] [six_angels_material_sorting_client]: progress task=1 stage=navigate_to_pick: task 1 navigating to pick stand (-0.26, 1.55); nav_status=navigating; NAV_TEL phase=task1_pick status=navigating segment=nav_table x=-0.209 y=0.967 yaw=1.570 dist=0.585 yaw_err=0.001 cmd=(0.200,0.074) clear=0.350 footprint=transit_stowed path=1.450 planned_straight=1.092 detour=1.327
[INFO] [1787836336.813196714] [six_angels_material_sorting_client]: progress task=1 stage=navigate_to_pick: task 1 navigating to pick stand (-0.26, 1.55); nav_status=navigating; NAV_TEL phase=task1_pick status=navigating segment=nav_table x=-0.216 y=1.200 yaw=1.617 dist=0.353 yaw_err=-0.046 cmd=(0.200,0.007) clear=0.350 footprint=transit_stowed path=1.450 planned_straight=1.092 detour=1.327
[INFO] [1787836337.055894188] [six_angels_material_sorting_client]: CONTROL_LOOP_HEALTH samples=399/399 interval_p95=58.14ms interval_p99=113.12ms execution_p95=2.66ms interval_misses=5 execution_misses=5
[INFO] [1787836338.854984088] [six_angels_material_sorting_client]: progress task=1 stage=navigate_to_pick: task 1 navigating to pick stand (-0.26, 1.55); nav_status=final_positioning; NAV_TEL phase=task1_pick status=final_positioning segment=nav_table x=-0.228 y=1.422 yaw=1.680 dist=0.132 yaw_err=-0.110 cmd=(0.099,0.275) clear=0.250 footprint=transit_stowed path=1.450 planned_straight=1.092 detour=1.327
[INFO] [1787836340.856464504] [six_angels_material_sorting_client]: progress task=1 stage=navigate_to_pick: task 1 navigating to pick stand (-0.26, 1.55); nav_status=final_aligning; NAV_TEL phase=task1_pick status=final_aligning segment=nav_table x=-0.239 y=1.483 yaw=1.634 dist=0.070 yaw_err=-0.063 cmd=(0.000,-0.126) clear=0.200 footprint=transit_stowed path=1.450 planned_straight=1.092 detour=1.327
[INFO] [1787836341.005238105] [six_angels_material_sorting_client]: controller=executing_stage task=1 attempt=1 stage=acquire_target score=0: task 1 entering acquire_target: task 1 reached the detected table-side pick stand; stopping before arm motion; NAV_GOAL_REACHED segment=nav_table
[INFO] [1787836341.054456560] [six_angels_material_sorting_client]: controller=executing_stage task=1 attempt=1 stage=acquire_target score=0: task 1 attempt 1 stage=acquire_target
[INFO] [1787836341.104510272] [six_angels_material_sorting_client]: controller=executing_stage task=1 attempt=1 stage=align_for_pick score=0: task 1 entering align_for_pick: task 1 target locked for open pregrasp at (-0.185, 2.2, 0.834); orientation=yaw0; source=rgbd_cuboid
[INFO] [1787836341.154332934] [six_angels_material_sorting_client]: controller=executing_stage task=1 attempt=1 stage=align_for_pick score=0: task 1 attempt 1 stage=align_for_pick
[INFO] [1787836342.105818797] [six_angels_material_sorting_client]: CONTROL_LOOP_HEALTH samples=400/500 interval_p95=57.85ms interval_p99=87.14ms execution_p95=2.69ms interval_misses=5 execution_misses=5
[INFO] [1787836343.154738005] [six_angels_material_sorting_client]: progress task=1 stage=align_for_pick: task 1 moving both open arms to pregrasp; target_base=(0.714, -0.08, 0.834); arm_tol=0.030, slide_err=0.010, left_err=0.005, right_err=0.002, cmd_err=0.000, max_vel=0.158
[INFO] [1787836344.555109578] [six_angels_material_sorting_client]: controller=executing_stage task=1 attempt=1 stage=grasp score=0: task 1 entering grasp: task 1 both open arms reached the non-contact pregrasp pose
[INFO] [1787836344.604678261] [six_angels_material_sorting_client]: controller=executing_stage task=1 attempt=1 stage=grasp score=0: task 1 attempt 1 stage=grasp
[INFO] [1787836346.657279494] [six_angels_material_sorting_client]: progress task=1 stage=grasp: task 1 continuously advancing the compliant contact search; speed=2.0 mm/s, offset=0.3/16.0 mm, surface_clearance=9.7 mm; compliance=active; left[contact=False, aligned=False, angle=0.8deg, effort_delta=1.79, effort_threshold=0.35, firm=True, firm_latched=False, velocity=0.038]; right[contact=False, aligned=False, angle=0.5deg, effort_delta=1.78, effort_threshold=0.35, firm=True, firm_latched=False, velocity=0.095]
[INFO] [1787836347.107946635] [six_angels_material_sorting_client]: CONTROL_LOOP_HEALTH samples=400/600 interval_p95=55.67ms interval_p99=59.23ms execution_p95=3.00ms interval_misses=5 execution_misses=5
[INFO] [1787836348.707073440] [six_angels_material_sorting_client]: progress task=1 stage=grasp: task 1 continuously applying locked-wrist preload; offset=1.9/2.7 mm; compliance=active; left[contact=True, aligned=True, angle=2.8deg, effort_delta=0.01, effort_threshold=0.35, firm=False, firm_latched=False, velocity=0.000]; right[contact=True, aligned=True, angle=1.6deg, effort_delta=0.00, effort_threshold=0.35, firm=False, firm_latched=False, velocity=0.000]
[INFO] [1787836350.156188421] [six_angels_material_sorting_client]: controller=executing_stage task=1 attempt=1 stage=lift score=0: task 1 entering lift: task 1 bilateral compliant grasp settled with locked wrists and 2.7 mm bounded preload; compliance=active; left[contact=True, aligned=True, angle=2.8deg, effort_delta=0.01, effort_threshold=0.35, firm=False, firm_latched=False, velocity=0.000]; right[contact=True, aligned=True, angle=1.6deg, effort_delta=0.05, effort_threshold=0.35, firm=False, firm_latched=False, velocity=0.000]
[INFO] [1787836350.206305713] [six_angels_material_sorting_client]: controller=executing_stage task=1 attempt=1 stage=lift score=0: task 1 attempt 1 stage=lift
[INFO] [1787836352.154686833] [six_angels_material_sorting_client]: CONTROL_LOOP_HEALTH samples=400/701 interval_p95=52.30ms interval_p99=57.85ms execution_p95=3.92ms interval_misses=5 execution_misses=5
[INFO] [1787836352.254463778] [six_angels_material_sorting_client]: progress task=1 stage=lift: task 1 raising the spine while preserving arm preload; lift=0.150m, slide_target=0.318, slide_err=0.055, left_err=0.017, right_err=0.017, cmd_err=0.027, max_vel=0.091
[INFO] [1787836354.255466228] [six_angels_material_sorting_client]: progress task=1 stage=lift: task 1 raising the spine while preserving arm preload; lift=0.150m, slide_target=0.318, slide_err=0.009, left_err=0.017, right_err=0.017, cmd_err=0.000, max_vel=0.005
[INFO] [1787836354.305917767] [six_angels_material_sorting_client]: controller=executing_stage task=1 attempt=1 stage=transport score=0: task 1 entering transport: task 1 lifted the held box 0.150 m; holding before transport
[INFO] [1787836354.380183738] [six_angels_material_sorting_client]: controller=executing_stage task=1 attempt=1 stage=transport score=0: task 1 attempt 1 stage=transport
[INFO] [1787836354.672551276] [material_box_detect]: started task-stage shelf empty confirmation
[INFO] [1787836356.411228219] [six_angels_material_sorting_client]: progress task=1 stage=transport: task 1 holding lifted box and retreating straight; remaining=0.580 m
[INFO] [1787836356.457824528] [six_angels_material_sorting_client]: scheduler candidate action=task1:transport:stand:left source=rl reason=accepted costmap_v=50
[INFO] [1787836357.164069149] [six_angels_material_sorting_client]: CONTROL_LOOP_HEALTH samples=400/801 interval_p95=50.18ms interval_p99=53.61ms execution_p95=3.95ms interval_misses=5 execution_misses=6
[INFO] [1787836358.397692832] [six_angels_material_sorting_client]: progress task=1 stage=transport: task 1 holding lifted box and retreating straight; remaining=0.432 m
[INFO] [1787836360.409886077] [six_angels_material_sorting_client]: progress task=1 stage=transport: task 1 holding lifted box and retreating straight; remaining=0.283 m
[INFO] [1787836362.211713477] [six_angels_material_sorting_client]: CONTROL_LOOP_HEALTH samples=400/902 interval_p95=54.93ms interval_p99=59.35ms execution_p95=3.95ms interval_misses=5 execution_misses=6
[INFO] [1787836362.454295112] [six_angels_material_sorting_client]: progress task=1 stage=transport: task 1 holding lifted box and retreating straight; remaining=0.134 m
[INFO] [1787836364.460540227] [six_angels_material_sorting_client]: progress task=1 stage=transport: task 1 holding lifted box and retreating straight; remaining=0.055 m
[INFO] [1787836366.479804878] [six_angels_material_sorting_client]: progress task=1 stage=transport: task 1 moving directly to the safe shelf pre-place stand; goal=(-1.00, 0.62, 3.14); nav_status=navigating; NAV_TEL phase=transfer status=navigating segment=nav_shelf x=-0.219 y=0.792 yaw=1.628 dist=0.799 yaw_err=1.514 cmd=(0.000,0.550) clear=0.350 footprint=transit_carry path=0.900 planned_straight=0.800 detour=1.125; shelf_frames=7; shelf_state=collecting
[INFO] [1787836367.218724608] [six_angels_material_sorting_client]: CONTROL_LOOP_HEALTH samples=400/1002 interval_p95=55.86ms interval_p99=59.92ms execution_p95=16.83ms interval_misses=5 execution_misses=6
[INFO] [1787836368.531731887] [six_angels_material_sorting_client]: progress task=1 stage=transport: task 1 moving directly to the safe shelf pre-place stand; goal=(-1.00, 0.62, 3.14); nav_status=navigating; NAV_TEL phase=transfer status=navigating segment=nav_shelf x=-0.219 y=0.790 yaw=2.302 dist=0.799 yaw_err=0.840 cmd=(0.000,0.550) clear=0.250 footprint=transit_carry path=0.900 planned_straight=0.800 detour=1.125; shelf_frames=7; shelf_state=collecting
[INFO] [1787836370.521353806] [six_angels_material_sorting_client]: progress task=1 stage=transport: task 1 moving directly to the safe shelf pre-place stand; goal=(-1.00, 0.62, 3.14); nav_status=navigating; NAV_TEL phase=transfer status=navigating segment=nav_shelf x=-0.218 y=0.790 yaw=3.009 dist=0.800 yaw_err=0.133 cmd=(0.000,0.550) clear=0.300 footprint=transit_carry path=0.900 planned_straight=0.800 detour=1.125; shelf_frames=7; shelf_state=collecting
[INFO] [1787836372.236904436] [six_angels_material_sorting_client]: CONTROL_LOOP_HEALTH samples=400/1102 interval_p95=57.42ms interval_p99=60.32ms execution_p95=31.26ms interval_misses=5 execution_misses=8
[INFO] [1787836372.531837451] [six_angels_material_sorting_client]: progress task=1 stage=transport: task 1 moving directly to the safe shelf pre-place stand; goal=(-1.00, 0.62, 3.14); nav_status=navigating; NAV_TEL phase=transfer status=navigating segment=nav_shelf x=-0.241 y=0.778 yaw=-2.618 dist=0.775 yaw_err=-0.523 cmd=(0.194,0.157) clear=0.300 footprint=transit_carry path=0.900 planned_straight=0.800 detour=1.125; shelf_frames=7; shelf_state=collecting
[INFO] [1787836373.115733692] [six_angels_material_sorting_client]: scheduler candidate action=task1:transport:stand:right source=heuristic reason=rl_dynamic_risk_guard costmap_v=107
[INFO] [1787836374.560715186] [six_angels_material_sorting_client]: progress task=1 stage=transport: task 1 moving directly to the safe shelf pre-place stand; goal=(-1.00, 0.62, 3.14); nav_status=navigating; NAV_TEL phase=transfer status=navigating segment=nav_shelf x=-0.457 y=0.656 yaw=-2.801 dist=0.544 yaw_err=-0.341 cmd=(0.220,-0.439) clear=0.250 footprint=transit_carry path=0.850 planned_straight=0.752 detour=1.130; shelf_frames=7; shelf_state=collecting
[INFO] [1787836376.561554720] [six_angels_material_sorting_client]: progress task=1 stage=transport: task 1 moving directly to the safe shelf pre-place stand; goal=(-1.00, 0.62, 3.14); nav_status=navigating; NAV_TEL phase=transfer status=navigating segment=nav_shelf x=-0.725 y=0.620 yaw=-3.123 dist=0.275 yaw_err=-0.019 cmd=(0.208,-0.047) clear=0.400 footprint=transit_carry path=0.850 planned_straight=0.752 detour=1.130; shelf_frames=7; shelf_state=ready
[INFO] [1787836377.265025616] [six_angels_material_sorting_client]: CONTROL_LOOP_HEALTH samples=400/1203 interval_p95=58.23ms interval_p99=60.32ms execution_p95=31.23ms interval_misses=5 execution_misses=8
[INFO] [1787836378.560506343] [six_angels_material_sorting_client]: progress task=1 stage=transport: task 1 moving directly to the safe shelf pre-place stand; goal=(-1.00, 0.62, 3.14); nav_status=final_positioning; NAV_TEL phase=transfer status=final_positioning segment=nav_shelf x=-0.894 y=0.620 yaw=3.122 dist=0.106 yaw_err=0.020 cmd=(0.085,-0.011) clear=0.400 footprint=transit_carry path=0.850 planned_straight=0.752 detour=1.130; shelf_frames=7; shelf_state=ready
[INFO] [1787836380.023404149] [six_angels_material_sorting_client]: controller=executing_stage task=1 attempt=1 stage=align_for_place score=30: task 1 entering align_for_place: task 1 reached the target-aligned safe shelf pre-place stand by direct A* with the carried center still 0.75 m in front of the shelf
[INFO] [1787836380.074169227] [six_angels_material_sorting_client]: controller=executing_stage task=1 attempt=1 stage=align_for_place score=30: task 1 attempt 1 stage=align_for_place
[INFO] [1787836382.104538514] [six_angels_material_sorting_client]: progress task=1 stage=align_for_place: task 1 moving held box to shelf clearance height; slide_target=0.410, slide_err=0.004, left_err=0.017, right_err=0.017, cmd_err=0.000, slide_vel=0.020, max_vel=0.020
[INFO] [1787836382.304790980] [six_angels_material_sorting_client]: CONTROL_LOOP_HEALTH samples=400/1304 interval_p95=57.78ms interval_p99=59.92ms execution_p95=31.08ms interval_misses=5 execution_misses=8
[INFO] [1787836384.154608995] [six_angels_material_sorting_client]: progress task=1 stage=align_for_place: task 1 aligning laterally outside the shelf; lateral alignment rotating toward shelf-front direction; yaw_err=-1.357
[INFO] [1787836386.154332626] [six_angels_material_sorting_client]: progress task=1 stage=align_for_place: task 1 aligning laterally outside the shelf; lateral alignment rotating toward shelf-front direction; yaw_err=-0.905
[INFO] [1787836387.354713096] [six_angels_material_sorting_client]: CONTROL_LOOP_HEALTH samples=400/1405 interval_p95=56.27ms interval_p99=59.00ms execution_p95=30.59ms interval_misses=5 execution_misses=8
[INFO] [1787836388.204561596] [six_angels_material_sorting_client]: progress task=1 stage=align_for_place: task 1 aligning laterally outside the shelf; lateral alignment rotating toward shelf-front direction; yaw_err=-0.423
[INFO] [1787836390.254689497] [six_angels_material_sorting_client]: progress task=1 stage=align_for_place: task 1 aligning laterally outside the shelf; lateral alignment driving along shelf front; y_err=0.081, x_err=-0.044
[INFO] [1787836392.254824516] [six_angels_material_sorting_client]: progress task=1 stage=align_for_place: task 1 aligning laterally outside the shelf; lateral alignment driving along shelf front; y_err=0.036, x_err=-0.042
[INFO] [1787836392.354741650] [six_angels_material_sorting_client]: CONTROL_LOOP_HEALTH samples=400/1505 interval_p95=51.37ms interval_p99=58.23ms execution_p95=13.44ms interval_misses=5 execution_misses=8
[INFO] [1787836394.304556260] [six_angels_material_sorting_client]: progress task=1 stage=align_for_place: task 1 aligning laterally outside the shelf; lateral alignment restoring shelf-facing yaw; yaw_err=1.320
[INFO] [1787836396.354323944] [six_angels_material_sorting_client]: progress task=1 stage=align_for_place: task 1 aligning laterally outside the shelf; lateral alignment restoring shelf-facing yaw; yaw_err=0.838
[INFO] [1787836397.355003026] [six_angels_material_sorting_client]: CONTROL_LOOP_HEALTH samples=400/1605 interval_p95=50.20ms interval_p99=54.95ms execution_p95=6.48ms interval_misses=5 execution_misses=8
[INFO] [1787836398.404488716] [six_angels_material_sorting_client]: progress task=1 stage=align_for_place: task 1 aligning laterally outside the shelf; lateral alignment restoring shelf-facing yaw; yaw_err=0.342
[INFO] [1787836400.404608306] [six_angels_material_sorting_client]: progress task=1 stage=align_for_place: task 1 entering the recognized empty shelf layer; advancing straight; remaining=0.941 m
[INFO] [1787836402.404586098] [six_angels_material_sorting_client]: CONTROL_LOOP_HEALTH samples=400/1706 interval_p95=50.20ms interval_p99=50.99ms execution_p95=1.49ms interval_misses=5 execution_misses=8
[INFO] [1787836402.454268841] [six_angels_material_sorting_client]: progress task=1 stage=align_for_place: task 1 entering the recognized empty shelf layer; advancing straight; remaining=0.814 m
[INFO] [1787836404.454311043] [six_angels_material_sorting_client]: progress task=1 stage=align_for_place: task 1 entering the recognized empty shelf layer; advancing straight; remaining=0.687 m
[INFO] [1787836406.454358315] [six_angels_material_sorting_client]: progress task=1 stage=align_for_place: task 1 entering the recognized empty shelf layer; advancing straight; remaining=0.563 m
[INFO] [1787836407.404661617] [six_angels_material_sorting_client]: CONTROL_LOOP_HEALTH samples=400/1806 interval_p95=50.19ms interval_p99=50.99ms execution_p95=1.50ms interval_misses=5 execution_misses=8
[INFO] [1787836408.454584236] [six_angels_material_sorting_client]: progress task=1 stage=align_for_place: task 1 entering the recognized empty shelf layer; advancing straight; remaining=0.437 m
[INFO] [1787836410.455343665] [six_angels_material_sorting_client]: progress task=1 stage=align_for_place: task 1 entering the recognized empty shelf layer; advancing straight; remaining=0.313 m
[INFO] [1787836412.454425212] [six_angels_material_sorting_client]: CONTROL_LOOP_HEALTH samples=400/1907 interval_p95=50.18ms interval_p99=50.58ms execution_p95=1.57ms interval_misses=5 execution_misses=8
[INFO] [1787836412.504268205] [six_angels_material_sorting_client]: progress task=1 stage=align_for_place: task 1 entering the recognized empty shelf layer; advancing straight; remaining=0.182 m
[INFO] [1787836414.554769787] [six_angels_material_sorting_client]: progress task=1 stage=align_for_place: task 1 entering the recognized empty shelf layer; advancing straight; remaining=0.085 m
[INFO] [1787836416.554356503] [six_angels_material_sorting_client]: progress task=1 stage=align_for_place: task 1 entering the recognized empty shelf layer; advancing straight; remaining=0.038 m
[INFO] [1787836417.454486255] [six_angels_material_sorting_client]: CONTROL_LOOP_HEALTH samples=400/2007 interval_p95=50.18ms interval_p99=50.58ms execution_p95=1.75ms interval_misses=5 execution_misses=8
[INFO] [1787836417.755402502] [six_angels_material_sorting_client]: controller=executing_stage task=1 attempt=1 stage=place score=30: task 1 entering place: task 1 entered only the recognized empty shelf layer L2; confidence=0.58
[INFO] [1787836417.804680527] [six_angels_material_sorting_client]: controller=executing_stage task=1 attempt=1 stage=place score=30: task 1 attempt 1 stage=place
[INFO] [1787836418.228228715] [material_box_detect]: stopped task-stage shelf empty confirmation
[INFO] [1787836419.805130499] [six_angels_material_sorting_client]: progress task=1 stage=place: task 1 lowering box compliantly onto shelf board; slide_target=0.453, slide_err=0.001, left_err=0.017, right_err=0.017, cmd_err=0.000, slide_vel=0.014, max_vel=0.014; compliant_place_phase=fast_approach, remaining_mm=12.0, step_mm=2.0, completion=None; placement_effort=active, slide_ratio=0.00, left_wrist_ratio=0.00, right_wrist_ratio=0.00, left_arm_max=0.00, right_arm_max=0.00, candidate=False, confirmed=False
[INFO] [1787836421.855058685] [six_angels_material_sorting_client]: progress task=1 stage=place: task 1 lowering box compliantly onto shelf board; slide_target=0.457, slide_err=0.004, left_err=0.017, right_err=0.017, cmd_err=0.000, slide_vel=0.004, max_vel=0.004; compliant_place_phase=fine_descent, remaining_mm=8.0, step_mm=2.0, completion=None; placement_effort=active, slide_ratio=188.06, left_wrist_ratio=0.00, right_wrist_ratio=0.00, left_arm_max=0.07, right_arm_max=0.06, candidate=False, confirmed=False
[INFO] [1787836422.454779488] [six_angels_material_sorting_client]: CONTROL_LOOP_HEALTH samples=400/2107 interval_p95=50.18ms interval_p99=50.61ms execution_p95=1.80ms interval_misses=5 execution_misses=8
[INFO] [1787836423.854691851] [six_angels_material_sorting_client]: progress task=1 stage=place: task 1 holding the placed box on the shelf before unloading bilateral preload (0.10/0.40s)
[INFO] [1787836425.455811675] [six_angels_material_sorting_client]: controller=executing_stage task=1 attempt=1 stage=verify_place score=30: task 1 entering verify_place: task 1 gently unloaded preload and opened both arms on the empty shelf layer
[INFO] [1787836425.504638753] [six_angels_material_sorting_client]: controller=executing_stage task=1 attempt=1 stage=verify_place score=30: task 1 attempt 1 stage=verify_place
[INFO] [1787836426.554731581] [six_angels_material_sorting_client]: controller=executing_stage task=1 attempt=1 stage=return_to_end score=30: task 1 entering return_to_end: task 1 shelf placement settled; handing result to referee
[INFO] [1787836426.696222099] [six_angels_material_sorting_client]: controller=executing_stage task=1 attempt=1 stage=return_to_end score=30: task 1 attempt 1 stage=return_to_end
[INFO] [1787836426.756970508] [six_angels_material_sorting_client]: scheduler candidate action=task1:return_to_end:stand:left source=rl reason=accepted costmap_v=131
[INFO] [1787836427.548062992] [six_angels_material_sorting_client]: CONTROL_LOOP_HEALTH samples=400/2208 interval_p95=50.18ms interval_p99=51.07ms execution_p95=1.99ms interval_misses=6 execution_misses=9
[INFO] [1787836428.636846919] [six_angels_material_sorting_client]: progress task=1 stage=return_to_end: task 1 retreating straight; remaining=0.195 m after release
[INFO] [1787836430.654852395] [six_angels_material_sorting_client]: progress task=1 stage=return_to_end: task 1 retreating straight; remaining=0.079 m after release
[INFO] [1787836432.554644677] [six_angels_material_sorting_client]: CONTROL_LOOP_HEALTH samples=400/2309 interval_p95=54.96ms interval_p99=59.58ms execution_p95=1.99ms interval_misses=6 execution_misses=9
[INFO] [1787836432.728108267] [six_angels_material_sorting_client]: progress task=1 stage=return_to_end: task 1 retreating straight; remaining=0.024 m after release
[INFO] [1787836434.683456724] [six_angels_material_sorting_client]: progress task=1 stage=return_to_end: task 1 retracting arms after shelf retreat; transport retract; slide_err=0.002, left_err=0.003, right_err=0.003, cmd_err=0.000, max_vel=0.009
[INFO] [1787836436.705500880] [six_angels_material_sorting_client]: progress task=1 stage=return_to_end: task 1 returning to the end zone; goal=(-0.78, 0.55, 1.57); nav_status=navigating; NAV_TEL phase=transfer status=navigating segment=nav_end x=-1.592 y=0.729 yaw=-2.755 dist=0.832 yaw_err=-1.957 cmd=(0.000,0.550) clear=0.450 footprint=transit_stowed path=0.814 planned_straight=0.832 detour=0.978
[INFO] [1787836437.555936771] [six_angels_material_sorting_client]: CONTROL_LOOP_HEALTH samples=400/2409 interval_p95=56.59ms interval_p99=60.08ms execution_p95=2.57ms interval_misses=7 execution_misses=10
[INFO] [1787836438.735818406] [six_angels_material_sorting_client]: progress task=1 stage=return_to_end: task 1 returning to the end zone; goal=(-0.78, 0.55, 1.57); nav_status=navigating; NAV_TEL phase=transfer status=navigating segment=nav_end x=-1.592 y=0.730 yaw=-2.018 dist=0.831 yaw_err=-2.694 cmd=(0.000,0.550) clear=0.400 footprint=transit_stowed path=0.814 planned_straight=0.832 detour=0.978
[INFO] [1787836440.757057157] [six_angels_material_sorting_client]: progress task=1 stage=return_to_end: task 1 returning to the end zone; goal=(-0.78, 0.55, 1.57); nav_status=navigating; NAV_TEL phase=transfer status=navigating segment=nav_end x=-1.592 y=0.730 yaw=-1.233 dist=0.831 yaw_err=2.804 cmd=(0.000,0.550) clear=0.400 footprint=transit_stowed path=0.814 planned_straight=0.832 detour=0.978
[INFO] [1787836442.556519499] [six_angels_material_sorting_client]: CONTROL_LOOP_HEALTH samples=400/2509 interval_p95=58.41ms interval_p99=60.08ms execution_p95=2.96ms interval_misses=7 execution_misses=10
[INFO] [1787836442.806571188] [six_angels_material_sorting_client]: progress task=1 stage=return_to_end: task 1 returning to the end zone; goal=(-0.78, 0.55, 1.57); nav_status=navigating; NAV_TEL phase=transfer status=navigating segment=nav_end x=-1.592 y=0.731 yaw=-0.470 dist=0.832 yaw_err=2.041 cmd=(0.000,0.550) clear=0.450 footprint=transit_stowed path=0.814 planned_straight=0.832 detour=0.978
[INFO] [1787836444.911526044] [six_angels_material_sorting_client]: progress task=1 stage=return_to_end: task 1 returning to the end zone; goal=(-0.78, 0.55, 1.57); nav_status=navigating; NAV_TEL phase=transfer status=navigating segment=nav_end x=-1.399 y=0.682 yaw=-0.183 dist=0.633 yaw_err=1.754 cmd=(0.180,0.034) clear=0.450 footprint=transit_stowed path=0.814 planned_straight=0.832 detour=0.978
[INFO] [1787836446.905961569] [six_angels_material_sorting_client]: progress task=1 stage=return_to_end: task 1 returning to the end zone; goal=(-0.78, 0.55, 1.57); nav_status=navigating; NAV_TEL phase=transfer status=navigating segment=nav_end x=-1.170 y=0.642 yaw=-0.168 dist=0.401 yaw_err=1.739 cmd=(0.180,-0.009) clear=0.450 footprint=transit_stowed path=0.814 planned_straight=0.832 detour=0.978
[INFO] [1787836447.605443159] [six_angels_material_sorting_client]: CONTROL_LOOP_HEALTH samples=400/2610 interval_p95=58.41ms interval_p99=60.05ms execution_p95=3.10ms interval_misses=7 execution_misses=11
[INFO] [1787836448.955937099] [six_angels_material_sorting_client]: progress task=1 stage=return_to_end: task 1 returning to the end zone; goal=(-0.78, 0.55, 1.57); nav_status=final_positioning; NAV_TEL phase=transfer status=final_positioning segment=nav_end x=-0.949 y=0.604 yaw=-0.174 dist=0.178 yaw_err=1.745 cmd=(0.122,-0.051) clear=0.400 footprint=transit_stowed path=0.814 planned_straight=0.832 detour=0.978
[INFO] [1787836450.955323459] [six_angels_material_sorting_client]: progress task=1 stage=return_to_end: task 1 returning to the end zone; goal=(-0.78, 0.55, 1.57); nav_status=final_aligning; NAV_TEL phase=transfer status=final_aligning segment=nav_end x=-0.843 y=0.576 yaw=-0.286 dist=0.068 yaw_err=1.857 cmd=(0.000,0.500) clear=0.350 footprint=transit_stowed path=0.814 planned_straight=0.832 detour=0.978
[INFO] [1787836452.605617172] [six_angels_material_sorting_client]: CONTROL_LOOP_HEALTH samples=400/2710 interval_p95=57.76ms interval_p99=59.82ms execution_p95=3.10ms interval_misses=7 execution_misses=11
[INFO] [1787836453.005199960] [six_angels_material_sorting_client]: progress task=1 stage=return_to_end: task 1 returning to the end zone; goal=(-0.78, 0.55, 1.57); nav_status=final_aligning; NAV_TEL phase=transfer status=final_aligning segment=nav_end x=-0.843 y=0.576 yaw=0.389 dist=0.068 yaw_err=1.181 cmd=(0.000,0.500) clear=0.350 footprint=transit_stowed path=0.814 planned_straight=0.832 detour=0.978
[INFO] [1787836455.055085391] [six_angels_material_sorting_client]: progress task=1 stage=return_to_end: task 1 returning to the end zone; goal=(-0.78, 0.55, 1.57); nav_status=final_aligning; NAV_TEL phase=transfer status=final_aligning segment=nav_end x=-0.843 y=0.576 yaw=1.071 dist=0.068 yaw_err=0.500 cmd=(0.000,0.500) clear=0.300 footprint=transit_stowed path=0.814 planned_straight=0.832 detour=0.978
[INFO] [1787836456.616083067] [six_angels_material_sorting_client]: controller=waiting_for_referee task=1 attempt=1 stage=- score=40: task 1 local sequence completed; waiting for Server referee: task 1 returned to the end zone; local sequence complete
[INFO] [1787836456.654761805] [six_angels_material_sorting_client]: controller=starting_task task=2 attempt=1 stage=navigate_to_pick score=40: referee advanced to task 2; starting attempt 1
[INFO] [1787836456.704793977] [six_angels_material_sorting_client]: controller=executing_stage task=2 attempt=1 stage=navigate_to_pick score=40: task 2 entering navigate_to_pick
[INFO] [1787836456.778421172] [six_angels_material_sorting_client]: controller=executing_stage task=2 attempt=1 stage=navigate_to_pick score=40: task 2 attempt 1 stage=navigate_to_pick
[INFO] [1787836456.868488885] [six_angels_material_sorting_client]: scheduler candidate action=task2:navigate_to_pick:stand:left source=rl reason=accepted costmap_v=174
[INFO] [1787836457.615930537] [six_angels_material_sorting_client]: CONTROL_LOOP_HEALTH samples=400/2810 interval_p95=55.56ms interval_p99=58.94ms execution_p95=3.00ms interval_misses=7 execution_misses=11
[INFO] [1787836458.762621058] [six_angels_material_sorting_client]: progress task=2 stage=navigate_to_pick: task 2 navigating to the brown shelf box; goal=(-1.50, 0.66, 3.14); nav_status=navigating; NAV_TEL phase=transfer status=navigating segment=nav_shelf x=-0.843 y=0.575 yaw=2.126 dist=0.663 yaw_err=1.015 cmd=(0.000,0.550) clear=0.300 footprint=transit_stowed path=0.680 planned_straight=0.662 detour=1.027
[INFO] [1787836460.805708554] [six_angels_material_sorting_client]: progress task=2 stage=navigate_to_pick: task 2 navigating to the brown shelf box; goal=(-1.50, 0.66, 3.14); nav_status=navigating; NAV_TEL phase=transfer status=navigating segment=nav_shelf x=-0.899 y=0.601 yaw=2.760 dist=0.604 yaw_err=0.381 cmd=(0.180,0.230) clear=0.350 footprint=transit_stowed path=0.680 planned_straight=0.662 detour=1.027
[INFO] [1787836462.659181660] [six_angels_material_sorting_client]: CONTROL_LOOP_HEALTH samples=400/2911 interval_p95=54.91ms interval_p99=57.66ms execution_p95=2.84ms interval_misses=7 execution_misses=11
[INFO] [1787836462.855549426] [six_angels_material_sorting_client]: progress task=2 stage=navigate_to_pick: task 2 navigating to the brown shelf box; goal=(-1.50, 0.66, 3.14); nav_status=navigating; NAV_TEL phase=transfer status=navigating segment=nav_shelf x=-1.123 y=0.651 yaw=3.041 dist=0.377 yaw_err=0.101 cmd=(0.180,0.057) clear=0.450 footprint=transit_stowed path=0.680 planned_straight=0.662 detour=1.027
[INFO] [1787836464.856121402] [six_angels_material_sorting_client]: progress task=2 stage=navigate_to_pick: task 2 navigating to the brown shelf box; goal=(-1.50, 0.66, 3.14); nav_status=final_positioning; NAV_TEL phase=transfer status=final_positioning segment=nav_shelf x=-1.332 y=0.667 yaw=3.078 dist=0.168 yaw_err=0.064 cmd=(0.100,0.164) clear=0.500 footprint=transit_stowed path=0.680 planned_straight=0.662 detour=1.027
[INFO] [1787836466.805306846] [six_angels_material_sorting_client]: controller=executing_stage task=2 attempt=1 stage=acquire_target score=40: task 2 entering acquire_target: task 2 reached the far shelf arm-staging stand for brown
[INFO] [1787836466.854713041] [six_angels_material_sorting_client]: controller=executing_stage task=2 attempt=1 stage=acquire_target score=40: task 2 attempt 1 stage=acquire_target
[INFO] [1787836466.904683203] [six_angels_material_sorting_client]: controller=executing_stage task=2 attempt=1 stage=align_for_pick score=40: task 2 entering align_for_pick: task 2 validated the brown shelf layer; coarse target=(-2.648, 0.744, 0.517); full RGB-D object centre will be locked after camera settling
[INFO] [1787836466.954635725] [six_angels_material_sorting_client]: controller=executing_stage task=2 attempt=1 stage=align_for_pick score=40: task 2 attempt 1 stage=align_for_pick
[INFO] [1787836467.704500976] [six_angels_material_sorting_client]: CONTROL_LOOP_HEALTH samples=400/3012 interval_p95=50.23ms interval_p99=55.36ms execution_p95=2.62ms interval_misses=7 execution_misses=11
[INFO] [1787836469.005186934] [six_angels_material_sorting_client]: progress task=2 stage=align_for_pick: task 2 moving the retracted arms to the target shelf layer; slide_target=0.784, slide_err=0.580, left_err=0.003, right_err=0.003, cmd_err=0.561, slide_vel=0.071, max_vel=0.071
[INFO] [1787836471.054641609] [six_angels_material_sorting_client]: progress task=2 stage=align_for_pick: task 2 moving the retracted arms to the target shelf layer; slide_target=0.784, slide_err=0.457, left_err=0.003, right_err=0.003, cmd_err=0.438, slide_vel=0.051, max_vel=0.051
[INFO] [1787836472.705417271] [six_angels_material_sorting_client]: CONTROL_LOOP_HEALTH samples=400/3112 interval_p95=50.56ms interval_p99=55.36ms execution_p95=2.57ms interval_misses=7 execution_misses=11
[INFO] [1787836473.054962258] [six_angels_material_sorting_client]: progress task=2 stage=align_for_pick: task 2 moving the retracted arms to the target shelf layer; slide_target=0.784, slide_err=0.332, left_err=0.002, right_err=0.002, cmd_err=0.318, slide_vel=0.160, max_vel=0.160
[INFO] [1787836475.104759931] [six_angels_material_sorting_client]: progress task=2 stage=align_for_pick: task 2 moving the retracted arms to the target shelf layer; slide_target=0.784, slide_err=0.211, left_err=0.002, right_err=0.002, cmd_err=0.195, slide_vel=0.158, max_vel=0.158
[INFO] [1787836477.105662758] [six_angels_material_sorting_client]: progress task=2 stage=align_for_pick: task 2 moving the retracted arms to the target shelf layer; slide_target=0.784, slide_err=0.093, left_err=0.002, right_err=0.002, cmd_err=0.075, slide_vel=0.167, max_vel=0.167
[INFO] [1787836477.755156636] [six_angels_material_sorting_client]: CONTROL_LOOP_HEALTH samples=400/3213 interval_p95=50.31ms interval_p99=55.29ms execution_p95=2.43ms interval_misses=7 execution_misses=11
[INFO] [1787836479.154767065] [six_angels_material_sorting_client]: progress task=2 stage=align_for_pick: task 2 moving the retracted arms to the target shelf layer; slide_target=0.784, slide_err=0.001, left_err=0.003, right_err=0.003, cmd_err=0.000, slide_vel=0.015, max_vel=0.015
[INFO] [1787836481.204296871] [six_angels_material_sorting_client]: progress task=2 stage=align_for_pick: task 2 holding outside the shelf and collecting fresh target-centre frames; center_samples=2/7 quality=mask_cloud_cuboid rejected=0
[INFO] [1787836482.755324449] [six_angels_material_sorting_client]: CONTROL_LOOP_HEALTH samples=400/3313 interval_p95=50.17ms interval_p99=50.89ms execution_p95=2.13ms interval_misses=7 execution_misses=11
[INFO] [1787836483.254144945] [six_angels_material_sorting_client]: progress task=2 stage=align_for_pick: task 2 aligning the base with the detected object centre; lateral alignment rotating toward shelf-front direction; yaw_err=-1.394
[INFO] [1787836485.254793623] [six_angels_material_sorting_client]: progress task=2 stage=align_for_pick: task 2 aligning the base with the detected object centre; lateral alignment rotating toward shelf-front direction; yaw_err=-0.932
[INFO] [1787836487.304562078] [six_angels_material_sorting_client]: progress task=2 stage=align_for_pick: task 2 aligning the base with the detected object centre; lateral alignment rotating toward shelf-front direction; yaw_err=-0.466
[INFO] [1787836487.805187376] [six_angels_material_sorting_client]: CONTROL_LOOP_HEALTH samples=400/3414 interval_p95=50.18ms interval_p99=50.89ms execution_p95=1.83ms interval_misses=7 execution_misses=11
[INFO] [1787836489.305112938] [six_angels_material_sorting_client]: progress task=2 stage=align_for_pick: task 2 aligning the base with the detected object centre; lateral alignment rotating toward shelf-front direction; yaw_err=-0.074
[INFO] [1787836491.354774634] [six_angels_material_sorting_client]: progress task=2 stage=align_for_pick: task 2 aligning the base with the detected object centre; lateral alignment driving along shelf front; y_err=0.105, x_err=-0.001
[INFO] [1787836492.854370638] [six_angels_material_sorting_client]: CONTROL_LOOP_HEALTH samples=400/3515 interval_p95=50.16ms interval_p99=50.24ms execution_p95=1.63ms interval_misses=7 execution_misses=11
[INFO] [1787836493.404316981] [six_angels_material_sorting_client]: progress task=2 stage=align_for_pick: task 2 aligning the base with the detected object centre; lateral alignment driving along shelf front; y_err=0.050, x_err=-0.000
[INFO] [1787836495.404857321] [six_angels_material_sorting_client]: progress task=2 stage=align_for_pick: task 2 aligning the base with the detected object centre; lateral alignment restoring shelf-facing yaw; yaw_err=1.570
[INFO] [1787836497.454941826] [six_angels_material_sorting_client]: progress task=2 stage=align_for_pick: task 2 aligning the base with the detected object centre; lateral alignment restoring shelf-facing yaw; yaw_err=1.139
[INFO] [1787836497.854519905] [six_angels_material_sorting_client]: CONTROL_LOOP_HEALTH samples=400/3615 interval_p95=50.17ms interval_p99=50.24ms execution_p95=1.56ms interval_misses=7 execution_misses=11
[INFO] [1787836499.504353984] [six_angels_material_sorting_client]: progress task=2 stage=align_for_pick: task 2 aligning the base with the detected object centre; lateral alignment restoring shelf-facing yaw; yaw_err=0.645
[INFO] [1787836501.504637746] [six_angels_material_sorting_client]: progress task=2 stage=align_for_pick: task 2 aligning the base with the detected object centre; lateral alignment restoring shelf-facing yaw; yaw_err=0.192
[INFO] [1787836502.905143112] [six_angels_material_sorting_client]: CONTROL_LOOP_HEALTH samples=400/3716 interval_p95=50.16ms interval_p99=50.23ms execution_p95=1.50ms interval_misses=7 execution_misses=11
[INFO] [1787836503.504914229] [six_angels_material_sorting_client]: progress task=2 stage=align_for_pick: task 2 aligning the base with the detected object centre; lateral alignment restoring shelf-facing yaw; yaw_err=0.022
[INFO] [1787836505.555091334] [six_angels_material_sorting_client]: progress task=2 stage=align_for_pick: task 2 advancing straight toward the locked object centre; advancing straight; remaining=0.348 m
[INFO] [1787836507.604468143] [six_angels_material_sorting_client]: progress task=2 stage=align_for_pick: task 2 advancing straight toward the locked object centre; advancing straight; remaining=0.221 m
[INFO] [1787836507.904802274] [six_angels_material_sorting_client]: CONTROL_LOOP_HEALTH samples=400/3816 interval_p95=50.17ms interval_p99=50.26ms execution_p95=1.67ms interval_misses=7 execution_misses=11
[INFO] [1787836509.654228111] [six_angels_material_sorting_client]: progress task=2 stage=align_for_pick: task 2 advancing straight toward the locked object centre; advancing straight; remaining=0.110 m
[INFO] [1787836511.704239507] [six_angels_material_sorting_client]: progress task=2 stage=align_for_pick: task 2 advancing straight toward the locked object centre; advancing straight; remaining=0.054 m
[INFO] [1787836512.954650668] [six_angels_material_sorting_client]: CONTROL_LOOP_HEALTH samples=400/3917 interval_p95=50.18ms interval_p99=50.32ms execution_p95=1.67ms interval_misses=7 execution_misses=11
[INFO] [1787836513.754596663] [six_angels_material_sorting_client]: progress task=2 stage=align_for_pick: task 2 fine-aligning arms around the shelf box; task 1 moving both open arms to pregrasp; target_base=(0.764, -0.003, 0.516); arm_tol=0.030, slide_err=0.006, left_err=1.345, right_err=1.344, cmd_err=1.218, max_vel=0.416
[INFO] [1787836515.756182480] [six_angels_material_sorting_client]: controller=executing_stage task=2 attempt=1 stage=grasp score=40: task 2 entering grasp: task 2 both open arms reached the shelf-box pregrasp pose after the safe straight approach
[INFO] [1787836515.804796599] [six_angels_material_sorting_client]: controller=executing_stage task=2 attempt=1 stage=grasp score=40: task 2 attempt 1 stage=grasp
[INFO] [1787836517.856615917] [six_angels_material_sorting_client]: progress task=2 stage=grasp: task 1 continuously advancing the compliant contact search; speed=2.0 mm/s, offset=0.1/16.0 mm, surface_clearance=9.9 mm; compliance=active; left[contact=False, aligned=False, angle=1.1deg, effort_delta=1.85, effort_threshold=0.35, firm=True, firm_latched=False, velocity=0.000]; right[contact=False, aligned=False, angle=1.1deg, effort_delta=1.85, effort_threshold=0.35, firm=True, firm_latched=False, velocity=0.000]
[INFO] [1787836517.957968965] [six_angels_material_sorting_client]: CONTROL_LOOP_HEALTH samples=400/4017 interval_p95=50.18ms interval_p99=50.46ms execution_p95=1.92ms interval_misses=7 execution_misses=11
[INFO] [1787836519.857210310] [six_angels_material_sorting_client]: progress task=2 stage=grasp: task 1 continuously applying locked-wrist preload; offset=1.7/2.6 mm; compliance=active; left[contact=True, aligned=True, angle=3.0deg, effort_delta=0.16, effort_threshold=0.35, firm=False, firm_latched=False, velocity=0.000]; right[contact=True, aligned=True, angle=3.1deg, effort_delta=0.18, effort_threshold=0.35, firm=False, firm_latched=False, velocity=0.000]
[INFO] [1787836521.305827489] [six_angels_material_sorting_client]: controller=executing_stage task=2 attempt=1 stage=lift score=40: task 2 entering lift: task 1 bilateral compliant grasp settled with locked wrists and 2.6 mm bounded preload; compliance=active; left[contact=True, aligned=True, angle=3.0deg, effort_delta=0.13, effort_threshold=0.35, firm=False, firm_latched=False, velocity=0.000]; right[contact=True, aligned=True, angle=3.1deg, effort_delta=0.14, effort_threshold=0.35, firm=False, firm_latched=False, velocity=0.000]
[INFO] [1787836521.354615937] [six_angels_material_sorting_client]: controller=executing_stage task=2 attempt=1 stage=lift score=40: task 2 attempt 1 stage=lift
[INFO] [1787836523.005041105] [six_angels_material_sorting_client]: CONTROL_LOOP_HEALTH samples=400/4118 interval_p95=50.19ms interval_p99=50.35ms execution_p95=4.00ms interval_misses=7 execution_misses=11
[INFO] [1787836523.404543705] [six_angels_material_sorting_client]: progress task=2 stage=lift: task 1 raising the spine while preserving arm preload; lift=0.080m, slide_target=0.706, slide_err=0.013, left_err=0.018, right_err=0.018, cmd_err=0.000, max_vel=0.014
[INFO] [1787836524.105690780] [six_angels_material_sorting_client]: controller=executing_stage task=2 attempt=1 stage=transport score=40: task 2 entering transport: task 1 lifted the held box 0.080 m; holding before transport
[INFO] [1787836524.224898369] [six_angels_material_sorting_client]: controller=executing_stage task=2 attempt=1 stage=transport score=40: task 2 attempt 1 stage=transport
[INFO] [1787836526.214301477] [six_angels_material_sorting_client]: progress task=2 stage=transport: task 2 holding the shelf box and retreating straight; remaining=0.466 m
[INFO] [1787836528.078848225] [six_angels_material_sorting_client]: CONTROL_LOOP_HEALTH samples=400/4219 interval_p95=52.77ms interval_p99=58.11ms execution_p95=4.03ms interval_misses=7 execution_misses=13
[INFO] [1787836528.208067644] [six_angels_material_sorting_client]: progress task=2 stage=transport: task 2 holding the shelf box and retreating straight; remaining=0.303 m
[INFO] [1787836530.300414103] [six_angels_material_sorting_client]: progress task=2 stage=transport: task 2 holding the shelf box and retreating straight; remaining=0.148 m
[INFO] [1787836532.370658562] [six_angels_material_sorting_client]: progress task=2 stage=transport: task 2 holding the shelf box and retreating straight; remaining=0.055 m
[INFO] [1787836533.176607207] [six_angels_material_sorting_client]: CONTROL_LOOP_HEALTH samples=400/4320 interval_p95=55.72ms interval_p99=59.13ms execution_p95=4.11ms interval_misses=7 execution_misses=14
[INFO] [1787836534.354445989] [six_angels_material_sorting_client]: progress task=2 stage=transport: task 2 raising the held box to maximum transport height; slide_target=-0.040, slide_err=0.741, left_err=0.018, right_err=0.018, cmd_err=0.713, slide_vel=0.108, max_vel=0.108
[INFO] [1787836536.483771386] [six_angels_material_sorting_client]: progress task=2 stage=transport: task 2 raising the held box to maximum transport height; slide_target=-0.040, slide_err=0.618, left_err=0.018, right_err=0.018, cmd_err=0.589, slide_vel=0.054, max_vel=0.054
[INFO] [1787836538.229137895] [six_angels_material_sorting_client]: CONTROL_LOOP_HEALTH samples=400/4420 interval_p95=57.47ms interval_p99=62.86ms execution_p95=3.98ms interval_misses=9 execution_misses=15
[INFO] [1787836538.501024367] [six_angels_material_sorting_client]: progress task=2 stage=transport: task 2 raising the held box to maximum transport height; slide_target=-0.040, slide_err=0.500, left_err=0.018, right_err=0.018, cmd_err=0.469, slide_vel=0.074, max_vel=0.074
[INFO] [1787836540.478441567] [six_angels_material_sorting_client]: progress task=2 stage=transport: task 2 raising the held box to maximum transport height; slide_target=-0.040, slide_err=0.379, left_err=0.018, right_err=0.018, cmd_err=0.346, slide_vel=0.143, max_vel=0.143
[INFO] [1787836542.483965147] [six_angels_material_sorting_client]: progress task=2 stage=transport: task 2 raising the held box to maximum transport height; slide_target=-0.040, slide_err=0.256, left_err=0.018, right_err=0.018, cmd_err=0.226, slide_vel=0.058, max_vel=0.058
[INFO] [1787836543.257209955] [six_angels_material_sorting_client]: CONTROL_LOOP_HEALTH samples=400/4521 interval_p95=58.01ms interval_p99=73.33ms execution_p95=1.54ms interval_misses=11 execution_misses=16
[INFO] [1787836544.485375079] [six_angels_material_sorting_client]: progress task=2 stage=transport: task 2 raising the held box to maximum transport height; slide_target=-0.040, slide_err=0.139, left_err=0.018, right_err=0.018, cmd_err=0.106, slide_vel=0.081, max_vel=0.081
[INFO] [1787836546.504770951] [six_angels_material_sorting_client]: progress task=2 stage=transport: task 2 raising the held box to maximum transport height; slide_target=-0.040, slide_err=0.018, left_err=0.018, right_err=0.018, cmd_err=0.000, slide_vel=0.024, max_vel=0.024
[INFO] [1787836548.205350223] [six_angels_material_sorting_client]: CONTROL_LOOP_HEALTH samples=400/4621 interval_p95=57.97ms interval_p99=74.90ms execution_p95=2.08ms interval_misses=11 execution_misses=16
[INFO] [1787836548.665503093] [six_angels_material_sorting_client]: progress task=2 stage=transport: task 2 preserving the shelf grasp while reversing toward table column x=-0.187; retreating straight; remaining=1.046 m; minimum carried-envelope clearance=0.317 m (carried_box to shelf)
[INFO] [1787836550.605335699] [six_angels_material_sorting_client]: progress task=2 stage=transport: task 2 preserving the shelf grasp while reversing toward table column x=-0.187; retreating straight; remaining=0.896 m; minimum carried-envelope clearance=0.445 m (left_shoulder to south_wall)
[INFO] [1787836552.739635103] [six_angels_material_sorting_client]: progress task=2 stage=transport: task 2 preserving the shelf grasp while reversing toward table column x=-0.187; retreating straight; remaining=0.748 m; minimum carried-envelope clearance=0.445 m (left_shoulder to south_wall)
[INFO] [1787836553.284909880] [six_angels_material_sorting_client]: CONTROL_LOOP_HEALTH samples=400/4720 interval_p95=57.94ms interval_p99=82.37ms execution_p95=2.41ms interval_misses=13 execution_misses=18
[INFO] [1787836554.705469641] [six_angels_material_sorting_client]: progress task=2 stage=transport: task 2 preserving the shelf grasp while reversing toward table column x=-0.187; retreating straight; remaining=0.594 m; minimum carried-envelope clearance=0.445 m (left_shoulder to south_wall)
[INFO] [1787836556.740642446] [six_angels_material_sorting_client]: progress task=2 stage=transport: task 2 preserving the shelf grasp while reversing toward table column x=-0.187; retreating straight; remaining=0.455 m; minimum carried-envelope clearance=0.445 m (left_shoulder to south_wall)
[INFO] [1787836558.222585312] [six_angels_material_sorting_client]: CONTROL_LOOP_HEALTH samples=400/4820 interval_p95=57.88ms interval_p99=75.63ms execution_p95=3.32ms interval_misses=14 execution_misses=18
[INFO] [1787836558.718568955] [six_angels_material_sorting_client]: progress task=2 stage=transport: task 2 preserving the shelf grasp while reversing toward table column x=-0.187; retreating straight; remaining=0.321 m; minimum carried-envelope clearance=0.445 m (left_shoulder to south_wall)
[INFO] [1787836560.755367582] [six_angels_material_sorting_client]: progress task=2 stage=transport: task 2 preserving the shelf grasp while reversing toward table column x=-0.187; retreating straight; remaining=0.168 m; minimum carried-envelope clearance=0.445 m (left_shoulder to south_wall)
[INFO] [1787836562.756328037] [six_angels_material_sorting_client]: progress task=2 stage=transport: task 2 preserving the shelf grasp while reversing toward table column x=-0.187; retreating straight; remaining=0.073 m; minimum carried-envelope clearance=0.442 m (base to east_wall)
[INFO] [1787836563.255580373] [six_angels_material_sorting_client]: CONTROL_LOOP_HEALTH samples=400/4921 interval_p95=56.59ms interval_p99=62.25ms execution_p95=3.39ms interval_misses=14 execution_misses=18
[INFO] [1787836564.767458222] [six_angels_material_sorting_client]: progress task=2 stage=transport: task 2 preserving the shelf grasp while reversing toward table column x=-0.187; retreating straight; remaining=0.023 m; minimum carried-envelope clearance=0.399 m (base to east_wall)
[INFO] [1787836566.810835917] [six_angels_material_sorting_client]: progress task=2 stage=transport: task 2 preserving the shelf grasp while turning north; goal=(-0.20, 0.78, 1.57); nav_status=final_aligning; NAV_TEL phase=transfer status=final_aligning segment=nav_table x=-0.197 y=0.775 yaw=2.710 dist=0.006 yaw_err=-1.140 cmd=(0.000,-0.500) clear=0.250 footprint=transit_carry path=0.000 planned_straight=0.000 detour=1.000; minimum carried-envelope clearance=0.313 m (right_shoulder to east_wall)
[INFO] [1787836568.321010475] [six_angels_material_sorting_client]: CONTROL_LOOP_HEALTH samples=400/5021 interval_p95=56.44ms interval_p99=60.66ms execution_p95=11.86ms interval_misses=14 execution_misses=18
[INFO] [1787836568.838850099] [six_angels_material_sorting_client]: progress task=2 stage=transport: task 2 preserving the shelf grasp while turning north; goal=(-0.20, 0.78, 1.57); nav_status=final_aligning; NAV_TEL phase=transfer status=final_aligning segment=nav_table x=-0.196 y=0.775 yaw=2.076 dist=0.006 yaw_err=-0.505 cmd=(0.000,-0.500) clear=0.250 footprint=transit_carry path=0.000 planned_straight=0.000 detour=1.000; minimum carried-envelope clearance=0.206 m (right_shoulder to east_wall)
[INFO] [1787836570.805379335] [six_angels_material_sorting_client]: progress task=2 stage=transport: task 2 carrying the unchanged shelf grasp north toward table entry y=1.190; advancing straight; remaining=0.400 m; minimum carried-envelope clearance=0.199 m (right_shoulder to east_wall)
[INFO] [1787836572.805989763] [six_angels_material_sorting_client]: progress task=2 stage=transport: task 2 carrying the unchanged shelf grasp north toward table entry y=1.190; advancing straight; remaining=0.269 m; minimum carried-envelope clearance=0.200 m (right_shoulder to east_wall)
[INFO] [1787836573.305714027] [six_angels_material_sorting_client]: CONTROL_LOOP_HEALTH samples=400/5122 interval_p95=56.48ms interval_p99=60.28ms execution_p95=12.13ms interval_misses=14 execution_misses=18
[INFO] [1787836574.205765188] [six_angels_material_sorting_client]: scheduler candidate action=task2:transport:stand:center source=heuristic reason=rl_dynamic_risk_guard costmap_v=370
[INFO] [1787836574.871149121] [six_angels_material_sorting_client]: progress task=2 stage=transport: task 2 carrying the unchanged shelf grasp north toward table entry y=1.190; advancing straight; remaining=0.141 m; minimum carried-envelope clearance=0.200 m (right_shoulder to east_wall)
[INFO] [1787836576.865915768] [six_angels_material_sorting_client]: progress task=2 stage=transport: task 2 carrying the unchanged shelf grasp north toward table entry y=1.190; advancing straight; remaining=0.067 m; minimum carried-envelope clearance=0.200 m (right_shoulder to east_wall)
[INFO] [1787836578.363857437] [six_angels_material_sorting_client]: CONTROL_LOOP_HEALTH samples=400/5223 interval_p95=56.21ms interval_p99=60.19ms execution_p95=12.14ms interval_misses=14 execution_misses=18
[INFO] [1787836578.863544531] [six_angels_material_sorting_client]: progress task=2 stage=transport: task 2 carrying the unchanged shelf grasp north toward table entry y=1.190; advancing straight; remaining=0.025 m; minimum carried-envelope clearance=0.200 m (right_shoulder to east_wall)
[INFO] [1787836579.305812910] [six_angels_material_sorting_client]: controller=executing_stage task=2 attempt=1 stage=align_for_place score=80: task 2 entering align_for_place: task 2 reached the table entry through envelope-checked reverse, turn and forward segments without changing the grasp
[INFO] [1787836579.354829327] [six_angels_material_sorting_client]: controller=executing_stage task=2 attempt=1 stage=align_for_place score=80: task 2 attempt 1 stage=align_for_place
[INFO] [1787836581.404504743] [six_angels_material_sorting_client]: progress task=2 stage=align_for_place: task 2 moving box to table clearance height; slide_target=0.413, slide_err=0.349, left_err=0.018, right_err=0.018, cmd_err=0.330, slide_vel=0.075, max_vel=0.075
[INFO] [1787836583.404469195] [six_angels_material_sorting_client]: progress task=2 stage=align_for_place: task 2 moving box to table clearance height; slide_target=0.413, slide_err=0.227, left_err=0.018, right_err=0.018, cmd_err=0.210, slide_vel=0.072, max_vel=0.072
[INFO] [1787836583.405703169] [six_angels_material_sorting_client]: CONTROL_LOOP_HEALTH samples=400/5324 interval_p95=55.52ms interval_p99=60.19ms execution_p95=12.14ms interval_misses=14 execution_misses=18
[INFO] [1787836585.404888235] [six_angels_material_sorting_client]: progress task=2 stage=align_for_place: task 2 moving box to table clearance height; slide_target=0.413, slide_err=0.109, left_err=0.018, right_err=0.018, cmd_err=0.090, slide_vel=0.040, max_vel=0.040
[INFO] [1787836587.404662858] [six_angels_material_sorting_client]: progress task=2 stage=align_for_place: task 2 moving box to table clearance height; slide_target=0.413, slide_err=0.005, left_err=0.018, right_err=0.018, cmd_err=0.000, slide_vel=0.023, max_vel=0.023
[INFO] [1787836588.454773246] [six_angels_material_sorting_client]: CONTROL_LOOP_HEALTH samples=400/5425 interval_p95=55.10ms interval_p99=57.06ms execution_p95=11.22ms interval_misses=14 execution_misses=18
[INFO] [1787836589.455126480] [six_angels_material_sorting_client]: progress task=2 stage=align_for_place: task 2 advancing straight from table entry to the exact saved origin; advancing straight; remaining=0.216 m; minimum carried-envelope clearance=0.200 m (right_shoulder to east_wall)
[INFO] [1787836591.455381392] [six_angels_material_sorting_client]: progress task=2 stage=align_for_place: task 2 advancing straight from table entry to the exact saved origin; advancing straight; remaining=0.107 m; minimum carried-envelope clearance=0.200 m (right_shoulder to east_wall)
[INFO] [1787836593.455702033] [six_angels_material_sorting_client]: CONTROL_LOOP_HEALTH samples=400/5525 interval_p95=50.26ms interval_p99=55.03ms execution_p95=2.44ms interval_misses=14 execution_misses=18
[INFO] [1787836593.505345477] [six_angels_material_sorting_client]: progress task=2 stage=align_for_place: task 2 advancing straight from table entry to the exact saved origin; advancing straight; remaining=0.052 m; minimum carried-envelope clearance=0.200 m (right_shoulder to east_wall)
[INFO] [1787836595.306612344] [six_angels_material_sorting_client]: controller=executing_stage task=2 attempt=1 stage=place score=80: task 2 entering place: task 2 aligned held box over task 1's original table coordinate
[INFO] [1787836595.354656046] [six_angels_material_sorting_client]: controller=executing_stage task=2 attempt=1 stage=place score=80: task 2 attempt 1 stage=place
[INFO] [1787836597.404653912] [six_angels_material_sorting_client]: progress task=2 stage=place: task 2 lowering box compliantly onto original table point; slide_target=0.456, slide_err=0.001, left_err=0.018, right_err=0.018, cmd_err=0.000, slide_vel=0.012, max_vel=0.012; compliant_place_phase=fast_approach, remaining_mm=12.0, step_mm=2.0, completion=None; placement_effort=active, slide_ratio=0.00, left_wrist_ratio=0.00, right_wrist_ratio=0.00, left_arm_max=0.00, right_arm_max=0.00, candidate=False, confirmed=False
[INFO] [1787836598.505163531] [six_angels_material_sorting_client]: CONTROL_LOOP_HEALTH samples=400/5626 interval_p95=50.17ms interval_p99=50.83ms execution_p95=2.42ms interval_misses=14 execution_misses=18
[INFO] [1787836599.404610345] [six_angels_material_sorting_client]: progress task=2 stage=place: task 2 lowering box compliantly onto original table point; slide_target=0.460, slide_err=0.004, left_err=0.018, right_err=0.018, cmd_err=0.000, slide_vel=0.003, max_vel=0.003; compliant_place_phase=fine_descent, remaining_mm=8.0, step_mm=2.0, completion=None; placement_effort=active, slide_ratio=157.91, left_wrist_ratio=0.00, right_wrist_ratio=0.00, left_arm_max=0.06, right_arm_max=0.06, candidate=False, confirmed=False
[INFO] [1787836601.454673001] [six_angels_material_sorting_client]: progress task=2 stage=place: task 2 spreading both arms for table release; target_base=(0.77, -0.015, 0.834); arm_tol=0.030, slide_err=0.003, left_err=0.005, right_err=0.004, cmd_err=0.000, max_vel=0.017
[INFO] [1787836602.105416897] [six_angels_material_sorting_client]: controller=executing_stage task=2 attempt=1 stage=verify_place score=80: task 2 entering verify_place: task 2 opened both arms and released at task 1's original point
[INFO] [1787836602.154729083] [six_angels_material_sorting_client]: controller=executing_stage task=2 attempt=1 stage=verify_place score=80: task 2 attempt 1 stage=verify_place
[INFO] [1787836603.154840959] [six_angels_material_sorting_client]: controller=executing_stage task=2 attempt=1 stage=return_to_end score=80: task 2 entering return_to_end: task 2 table placement settled; handing result to referee
[INFO] [1787836603.265148173] [six_angels_material_sorting_client]: controller=executing_stage task=2 attempt=1 stage=return_to_end score=80: task 2 attempt 1 stage=return_to_end
[INFO] [1787836603.305199305] [six_angels_material_sorting_client]: scheduler candidate action=task2:return_to_end:stand:left source=rl reason=accepted costmap_v=389
[INFO] [1787836603.523803202] [six_angels_material_sorting_client]: CONTROL_LOOP_HEALTH samples=400/5726 interval_p95=50.18ms interval_p99=51.21ms execution_p95=2.42ms interval_misses=14 execution_misses=19
[INFO] [1787836605.261369826] [six_angels_material_sorting_client]: progress task=2 stage=return_to_end: task 2 retreating straight; remaining=0.221 m after table release
[INFO] [1787836607.216849440] [six_angels_material_sorting_client]: progress task=2 stage=return_to_end: task 2 retreating straight; remaining=0.092 m after table release
[INFO] [1787836608.606307268] [six_angels_material_sorting_client]: CONTROL_LOOP_HEALTH samples=400/5827 interval_p95=51.30ms interval_p99=59.87ms execution_p95=2.42ms interval_misses=14 execution_misses=20
[INFO] [1787836609.254439708] [six_angels_material_sorting_client]: progress task=2 stage=return_to_end: task 2 retreating straight; remaining=0.033 m after table release
[INFO] [1787836610.255126112] [six_angels_material_sorting_client]: scheduler candidate action=task2:return_to_end:stand:right source=rl reason=accepted costmap_v=414
[INFO] [1787836611.304977552] [six_angels_material_sorting_client]: progress task=2 stage=return_to_end: task 2 retracting arms after table retreat; transport retract; slide_err=0.001, left_err=0.008, right_err=0.005, cmd_err=0.000, max_vel=0.590
[INFO] [1787836613.363709216] [six_angels_material_sorting_client]: progress task=2 stage=return_to_end: task 2 returning to the end zone; goal=(-0.62, 0.55, 1.57); nav_status=navigating; NAV_TEL phase=transfer status=navigating segment=nav_end x=-0.200 y=1.090 yaw=2.003 dist=0.684 yaw_err=-0.432 cmd=(0.000,0.550) clear=0.300 footprint=transit_stowed path=0.673 planned_straight=0.684 detour=0.983
[INFO] [1787836613.605676307] [six_angels_material_sorting_client]: CONTROL_LOOP_HEALTH samples=400/5927 interval_p95=55.58ms interval_p99=60.09ms execution_p95=2.63ms interval_misses=14 execution_misses=20
[INFO] [1787836615.405195275] [six_angels_material_sorting_client]: progress task=2 stage=return_to_end: task 2 returning to the end zone; goal=(-0.62, 0.55, 1.57); nav_status=navigating; NAV_TEL phase=transfer status=navigating segment=nav_end x=-0.199 y=1.089 yaw=2.714 dist=0.684 yaw_err=-1.143 cmd=(0.000,0.550) clear=0.250 footprint=transit_stowed path=0.673 planned_straight=0.684 detour=0.983
[INFO] [1787836617.405578258] [six_angels_material_sorting_client]: progress task=2 stage=return_to_end: task 2 returning to the end zone; goal=(-0.62, 0.55, 1.57); nav_status=navigating; NAV_TEL phase=transfer status=navigating segment=nav_end x=-0.198 y=1.089 yaw=-2.864 dist=0.684 yaw_err=-1.849 cmd=(0.000,0.550) clear=0.300 footprint=transit_stowed path=0.673 planned_straight=0.684 detour=0.983
[INFO] [1787836618.606000693] [six_angels_material_sorting_client]: CONTROL_LOOP_HEALTH samples=400/6028 interval_p95=56.47ms interval_p99=60.09ms execution_p95=2.64ms interval_misses=14 execution_misses=20
[INFO] [1787836619.455231777] [six_angels_material_sorting_client]: progress task=2 stage=return_to_end: task 2 returning to the end zone; goal=(-0.62, 0.55, 1.57); nav_status=navigating; NAV_TEL phase=transfer status=navigating segment=nav_end x=-0.264 y=1.022 yaw=-2.293 dist=0.591 yaw_err=-2.419 cmd=(0.180,0.093) clear=0.350 footprint=transit_stowed path=0.673 planned_straight=0.684 detour=0.983
[INFO] [1787836621.505450924] [six_angels_material_sorting_client]: progress task=2 stage=return_to_end: task 2 returning to the end zone; goal=(-0.62, 0.55, 1.57); nav_status=navigating; NAV_TEL phase=transfer status=navigating segment=nav_end x=-0.416 y=0.838 yaw=-2.254 dist=0.353 yaw_err=-2.458 cmd=(0.180,-0.017) clear=0.500 footprint=transit_stowed path=0.673 planned_straight=0.684 detour=0.983
[INFO] [1787836623.568854865] [six_angels_material_sorting_client]: progress task=2 stage=return_to_end: task 2 returning to the end zone; goal=(-0.62, 0.55, 1.57); nav_status=final_positioning; NAV_TEL phase=transfer status=final_positioning segment=nav_end x=-0.548 y=0.678 yaw=-2.241 dist=0.147 yaw_err=-2.472 cmd=(0.099,0.315) clear=0.350 footprint=transit_stowed path=0.673 planned_straight=0.684 detour=0.983
[INFO] [1787836623.605660113] [six_angels_material_sorting_client]: CONTROL_LOOP_HEALTH samples=400/6128 interval_p95=56.20ms interval_p99=59.85ms execution_p95=2.72ms interval_misses=14 execution_misses=20
[INFO] [1787836625.604827512] [six_angels_material_sorting_client]: progress task=2 stage=return_to_end: task 2 returning to the end zone; goal=(-0.62, 0.55, 1.57); nav_status=final_aligning; NAV_TEL phase=transfer status=final_aligning segment=nav_end x=-0.589 y=0.614 yaw=-2.283 dist=0.071 yaw_err=-2.430 cmd=(0.000,-0.500) clear=0.300 footprint=transit_stowed path=0.673 planned_straight=0.684 detour=0.983
[INFO] [1787836627.605292886] [six_angels_material_sorting_client]: progress task=2 stage=return_to_end: task 2 returning to the end zone; goal=(-0.62, 0.55, 1.57); nav_status=final_aligning; NAV_TEL phase=transfer status=final_aligning segment=nav_end x=-0.589 y=0.614 yaw=-2.983 dist=0.071 yaw_err=-1.729 cmd=(0.000,-0.500) clear=0.400 footprint=transit_stowed path=0.673 planned_straight=0.684 detour=0.983
[INFO] [1787836628.655058697] [six_angels_material_sorting_client]: CONTROL_LOOP_HEALTH samples=400/6229 interval_p95=54.86ms interval_p99=57.15ms execution_p95=2.69ms interval_misses=14 execution_misses=20
[INFO] [1787836629.654782367] [six_angels_material_sorting_client]: progress task=2 stage=return_to_end: task 2 returning to the end zone; goal=(-0.62, 0.55, 1.57); nav_status=final_aligning; NAV_TEL phase=transfer status=final_aligning segment=nav_end x=-0.588 y=0.614 yaw=2.647 dist=0.071 yaw_err=-1.076 cmd=(0.000,-0.500) clear=0.350 footprint=transit_stowed path=0.673 planned_straight=0.684 detour=0.983
[INFO] [1787836631.666825233] [six_angels_material_sorting_client]: progress task=2 stage=return_to_end: task 2 returning to the end zone; goal=(-0.62, 0.55, 1.57); nav_status=final_aligning; NAV_TEL phase=transfer status=final_aligning segment=nav_end x=-0.588 y=0.614 yaw=1.973 dist=0.071 yaw_err=-0.402 cmd=(0.000,-0.500) clear=0.350 footprint=transit_stowed path=0.673 planned_straight=0.684 detour=0.983
[INFO] [1787836632.865066670] [six_angels_material_sorting_client]: controller=waiting_for_referee task=2 attempt=1 stage=- score=100: task 2 local sequence completed; waiting for Server referee: task 2 returned to the end zone; local sequence complete
[INFO] [1787836632.904454365] [six_angels_material_sorting_client]: controller=starting_task task=3 attempt=1 stage=navigate_to_pick score=100: referee advanced to task 3; starting attempt 1
[INFO] [1787836632.953543781] [six_angels_material_sorting_client]: task detection epoch retains pink RGB-D history
[INFO] [1787836632.955458502] [six_angels_material_sorting_client]: controller=executing_stage task=3 attempt=1 stage=navigate_to_pick score=100: task 3 entering navigate_to_pick
[INFO] [1787836633.050926179] [six_angels_material_sorting_client]: controller=executing_stage task=3 attempt=1 stage=navigate_to_pick score=100: task 3 attempt 1 stage=navigate_to_pick
[INFO] [1787836633.255930824] [six_angels_material_sorting_client]: scheduler candidate action=task3:navigate_to_pick:stand:left source=rl reason=accepted costmap_v=465
[INFO] [1787836633.713935056] [six_angels_material_sorting_client]: CONTROL_LOOP_HEALTH samples=400/6329 interval_p95=52.80ms interval_p99=57.03ms execution_p95=2.72ms interval_misses=15 execution_misses=21
[INFO] [1787836635.172772942] [six_angels_material_sorting_client]: progress task=3 stage=navigate_to_pick: task 3 navigating to top-box pink pick stand; nav_status=navigating
[INFO] [1787836637.085549341] [six_angels_material_sorting_client]: progress task=3 stage=navigate_to_pick: task 3 navigating to top-box pink pick stand; nav_status=navigating
[INFO] [1787836638.935340601] [six_angels_material_sorting_client]: CONTROL_LOOP_HEALTH samples=400/6427 interval_p95=54.80ms interval_p99=60.67ms execution_p95=8.49ms interval_misses=17 execution_misses=22
[INFO] [1787836639.094561243] [six_angels_material_sorting_client]: progress task=3 stage=navigate_to_pick: task 3 navigating to top-box pink pick stand; nav_status=navigating
[INFO] [1787836641.231513492] [six_angels_material_sorting_client]: progress task=3 stage=navigate_to_pick: task 3 navigating to top-box pink pick stand; nav_status=final_aligning
[INFO] [1787836642.035376581] [six_angels_material_sorting_client]: controller=executing_stage task=3 attempt=1 stage=acquire_target score=100: task 3 entering acquire_target: task 3 reached the detected pink top-box pick stand; NAV_GOAL_REACHED segment=nav_table
[INFO] [1787836642.191633808] [six_angels_material_sorting_client]: controller=executing_stage task=3 attempt=1 stage=acquire_target score=100: task 3 attempt 1 stage=acquire_target
[INFO] [1787836642.454607845] [six_angels_material_sorting_client]: controller=executing_stage task=3 attempt=1 stage=align_for_pick score=100: task 3 entering align_for_pick: task 3 reused the stable top-box center collected during navigation: center=(-0.529, 2.256, 1.006), orientation=yaw90
[INFO] [1787836642.504450609] [six_angels_material_sorting_client]: controller=executing_stage task=3 attempt=1 stage=align_for_pick score=100: task 3 attempt 1 stage=align_for_pick
[INFO] [1787836643.704962734] [six_angels_material_sorting_client]: CONTROL_LOOP_HEALTH samples=400/6516 interval_p95=55.16ms interval_p99=116.17ms execution_p95=13.45ms interval_misses=21 execution_misses=25
[INFO] [1787836644.554208019] [six_angels_material_sorting_client]: progress task=3 stage=align_for_pick: task 1 moving both open arms to pregrasp; target_base=(0.717, 0.018, 1.006); arm_tol=0.030, slide_err=0.004, left_err=0.002, right_err=0.002, cmd_err=0.000, max_vel=0.004
[INFO] [1787836644.855142089] [six_angels_material_sorting_client]: controller=executing_stage task=3 attempt=1 stage=grasp score=100: task 3 entering grasp: task 1 both open arms reached the non-contact pregrasp pose
[INFO] [1787836644.904534645] [six_angels_material_sorting_client]: controller=executing_stage task=3 attempt=1 stage=grasp score=100: task 3 attempt 1 stage=grasp
[INFO] [1787836646.957044262] [six_angels_material_sorting_client]: progress task=3 stage=grasp: task 1 continuously advancing the compliant contact search; speed=2.0 mm/s, offset=0.1/16.0 mm, surface_clearance=9.9 mm; compliance=active; left[contact=False, aligned=False, angle=0.2deg, effort_delta=1.72, effort_threshold=0.35, firm=True, firm_latched=False, velocity=0.001]; right[contact=False, aligned=False, angle=0.1deg, effort_delta=1.68, effort_threshold=0.35, firm=True, firm_latched=False, velocity=0.001]
[INFO] [1787836648.706884188] [six_angels_material_sorting_client]: CONTROL_LOOP_HEALTH samples=400/6616 interval_p95=55.16ms interval_p99=116.17ms execution_p95=13.35ms interval_misses=21 execution_misses=25
[INFO] [1787836648.956613012] [six_angels_material_sorting_client]: progress task=3 stage=grasp: task 1 continuously applying locked-wrist preload; offset=1.7/2.6 mm; compliance=active; left[contact=True, aligned=True, angle=1.8deg, effort_delta=0.02, effort_threshold=0.35, firm=False, firm_latched=False, velocity=0.000]; right[contact=True, aligned=True, angle=2.2deg, effort_delta=0.06, effort_threshold=0.35, firm=False, firm_latched=False, velocity=0.001]
[INFO] [1787836650.406035606] [six_angels_material_sorting_client]: controller=executing_stage task=3 attempt=1 stage=lift score=100: task 3 entering lift: task 1 bilateral compliant grasp settled with locked wrists and 2.6 mm bounded preload; compliance=active; left[contact=True, aligned=True, angle=1.8deg, effort_delta=0.01, effort_threshold=0.35, firm=False, firm_latched=False, velocity=0.000]; right[contact=True, aligned=True, angle=2.2deg, effort_delta=0.05, effort_threshold=0.35, firm=False, firm_latched=False, velocity=0.000]
[INFO] [1787836650.454602555] [six_angels_material_sorting_client]: controller=executing_stage task=3 attempt=1 stage=lift score=100: task 3 attempt 1 stage=lift
[INFO] [1787836652.504866804] [six_angels_material_sorting_client]: progress task=3 stage=lift: task 3 raising the spine while preserving arm preload; bounded_contact=False; lift=0.150m, slide_target=0.146, slide_err=0.055, left_err=0.016, right_err=0.016, cmd_err=0.027, max_vel=0.158
[INFO] [1787836653.754812716] [six_angels_material_sorting_client]: CONTROL_LOOP_HEALTH samples=400/6717 interval_p95=55.15ms interval_p99=116.17ms execution_p95=13.27ms interval_misses=21 execution_misses=25
[INFO] [1787836654.255157868] [six_angels_material_sorting_client]: controller=executing_stage task=3 attempt=1 stage=transport score=100: task 3 entering transport: task 3 accepted the completed 0.15 m lift with bounded held-box contact motion; lift=0.150m, slide_target=0.146, slide_err=0.009, left_err=0.016, right_err=0.016, cmd_err=0.000, max_vel=0.006
[INFO] [1787836654.376672077] [six_angels_material_sorting_client]: controller=executing_stage task=3 attempt=1 stage=transport score=100: task 3 attempt 1 stage=transport
[INFO] [1787836654.406193681] [six_angels_material_sorting_client]: scheduler candidate action=task3:transport:stand:right source=rl reason=accepted costmap_v=484
[INFO] [1787836656.320328106] [six_angels_material_sorting_client]: progress task=3 stage=transport: task 3 holding the top-box and retreating from table; retreating straight; remaining=0.217 m
[INFO] [1787836658.354521275] [six_angels_material_sorting_client]: progress task=3 stage=transport: task 3 holding the top-box and retreating from table; retreating straight; remaining=0.085 m
[INFO] [1787836658.757661749] [six_angels_material_sorting_client]: CONTROL_LOOP_HEALTH samples=400/6817 interval_p95=55.03ms interval_p99=75.00ms execution_p95=4.86ms interval_misses=22 execution_misses=26
[INFO] [1787836660.404638965] [six_angels_material_sorting_client]: progress task=3 stage=transport: task 3 holding the top-box and retreating from table; retreating straight; remaining=0.027 m
[INFO] [1787836662.454262518] [six_angels_material_sorting_client]: progress task=3 stage=transport: task 3 turning counter-clockwise toward the shelf before translation; yaw_error=1.284
[INFO] [1787836663.804495054] [six_angels_material_sorting_client]: CONTROL_LOOP_HEALTH samples=400/6918 interval_p95=50.31ms interval_p99=58.83ms execution_p95=3.87ms interval_misses=22 execution_misses=26
[INFO] [1787836664.454931494] [six_angels_material_sorting_client]: progress task=3 stage=transport: task 3 turning counter-clockwise toward the shelf before translation; yaw_error=0.801
[INFO] [1787836666.454700904] [six_angels_material_sorting_client]: progress task=3 stage=transport: task 3 turning counter-clockwise toward the shelf before translation; yaw_error=0.336
[INFO] [1787836668.504186458] [six_angels_material_sorting_client]: progress task=3 stage=transport: task 1 advancing shelfward with the safe west-facing heading; advancing straight; remaining=0.450 m
[INFO] [1787836668.805329517] [six_angels_material_sorting_client]: CONTROL_LOOP_HEALTH samples=400/7018 interval_p95=50.38ms interval_p99=58.83ms execution_p95=3.58ms interval_misses=22 execution_misses=26
[INFO] [1787836670.504500975] [six_angels_material_sorting_client]: progress task=3 stage=transport: task 1 advancing shelfward with the safe west-facing heading; advancing straight; remaining=0.332 m
[INFO] [1787836672.508850813] [six_angels_material_sorting_client]: progress task=3 stage=transport: task 1 advancing shelfward with the safe west-facing heading; advancing straight; remaining=0.204 m
[INFO] [1787836673.854617511] [six_angels_material_sorting_client]: CONTROL_LOOP_HEALTH samples=400/7119 interval_p95=50.71ms interval_p99=58.83ms execution_p95=1.59ms interval_misses=22 execution_misses=26
[INFO] [1787836674.554096549] [six_angels_material_sorting_client]: progress task=3 stage=transport: task 1 advancing shelfward with the safe west-facing heading; advancing straight; remaining=0.098 m
[INFO] [1787836676.554792785] [six_angels_material_sorting_client]: progress task=3 stage=transport: task 1 advancing shelfward with the safe west-facing heading; advancing straight; remaining=0.045 m
[INFO] [1787836678.604133501] [six_angels_material_sorting_client]: progress task=3 stage=transport: task 3 moving laterally at the safe shelf-front clearance; lateral alignment rotating toward shelf-front direction; yaw_err=1.538
[INFO] [1787836678.904609793] [six_angels_material_sorting_client]: CONTROL_LOOP_HEALTH samples=400/7220 interval_p95=50.25ms interval_p99=51.04ms execution_p95=1.45ms interval_misses=22 execution_misses=26
[INFO] [1787836680.604318380] [six_angels_material_sorting_client]: progress task=3 stage=transport: task 3 moving laterally at the safe shelf-front clearance; lateral alignment rotating toward shelf-front direction; yaw_err=1.084
[INFO] [1787836682.604894327] [six_angels_material_sorting_client]: progress task=3 stage=transport: task 3 moving laterally at the safe shelf-front clearance; lateral alignment rotating toward shelf-front direction; yaw_err=0.623
[INFO] [1787836683.954339398] [six_angels_material_sorting_client]: CONTROL_LOOP_HEALTH samples=400/7321 interval_p95=50.27ms interval_p99=51.03ms execution_p95=1.65ms interval_misses=22 execution_misses=26
[INFO] [1787836684.693317440] [six_angels_material_sorting_client]: progress task=3 stage=transport: task 3 moving laterally at the safe shelf-front clearance; lateral alignment rotating toward shelf-front direction; yaw_err=0.157
[INFO] [1787836686.704566475] [six_angels_material_sorting_client]: progress task=3 stage=transport: task 3 moving laterally at the safe shelf-front clearance; lateral alignment driving along shelf front; y_err=-0.343, x_err=-0.009
[INFO] [1787836688.780355830] [six_angels_material_sorting_client]: progress task=3 stage=transport: task 3 moving laterally at the safe shelf-front clearance; lateral alignment driving along shelf front; y_err=-0.220, x_err=-0.007
[INFO] [1787836688.955688173] [six_angels_material_sorting_client]: CONTROL_LOOP_HEALTH samples=400/7421 interval_p95=50.26ms interval_p99=50.92ms execution_p95=1.66ms interval_misses=22 execution_misses=26
[INFO] [1787836690.804283333] [six_angels_material_sorting_client]: progress task=3 stage=transport: task 3 moving laterally at the safe shelf-front clearance; lateral alignment driving along shelf front; y_err=-0.106, x_err=-0.007
[INFO] [1787836692.804322484] [six_angels_material_sorting_client]: progress task=3 stage=transport: task 3 moving laterally at the safe shelf-front clearance; lateral alignment driving along shelf front; y_err=-0.048, x_err=-0.006
[INFO] [1787836694.004604493] [six_angels_material_sorting_client]: CONTROL_LOOP_HEALTH samples=400/7522 interval_p95=50.23ms interval_p99=50.78ms execution_p95=1.67ms interval_misses=22 execution_misses=26
[INFO] [1787836694.854374147] [six_angels_material_sorting_client]: progress task=3 stage=transport: task 3 moving laterally at the safe shelf-front clearance; lateral alignment restoring shelf-facing yaw; yaw_err=-1.490
[INFO] [1787836696.904448901] [six_angels_material_sorting_client]: progress task=3 stage=transport: task 3 moving laterally at the safe shelf-front clearance; lateral alignment restoring shelf-facing yaw; yaw_err=-0.996
[INFO] [1787836698.920550492] [six_angels_material_sorting_client]: progress task=3 stage=transport: task 3 moving laterally at the safe shelf-front clearance; lateral alignment restoring shelf-facing yaw; yaw_err=-0.527
[INFO] [1787836699.004741036] [six_angels_material_sorting_client]: CONTROL_LOOP_HEALTH samples=400/7622 interval_p95=50.23ms interval_p99=50.47ms execution_p95=1.71ms interval_misses=22 execution_misses=26
[INFO] [1787836700.954080918] [six_angels_material_sorting_client]: progress task=3 stage=transport: task 3 moving laterally at the safe shelf-front clearance; lateral alignment restoring shelf-facing yaw; yaw_err=-0.100
[INFO] [1787836701.404954737] [six_angels_material_sorting_client]: controller=executing_stage task=3 attempt=1 stage=align_for_place score=140: task 3 entering align_for_place: task 1 reached the safe shelf pre-place stand with the carried center still 0.75 m in front of the shelf
[INFO] [1787836701.454628471] [six_angels_material_sorting_client]: controller=executing_stage task=3 attempt=1 stage=align_for_place score=140: task 3 attempt 1 stage=align_for_place
[INFO] [1787836703.504753784] [six_angels_material_sorting_client]: progress task=3 stage=align_for_place: task 1 moving held top-box to task-3 shelf clearance height; slide_target=0.026, slide_err=0.023, left_err=0.016, right_err=0.016, cmd_err=0.000, slide_vel=0.098, max_vel=0.102
[INFO] [1787836704.004771650] [six_angels_material_sorting_client]: CONTROL_LOOP_HEALTH samples=400/7722 interval_p95=50.21ms interval_p99=50.46ms execution_p95=1.78ms interval_misses=22 execution_misses=26
[INFO] [1787836705.504389898] [six_angels_material_sorting_client]: progress task=3 stage=align_for_place: task 3 aligning outside shelf for packaging-box left placement; lateral alignment rotating toward shelf-front direction; yaw_err=1.450
[INFO] [1787836707.554300653] [six_angels_material_sorting_client]: progress task=3 stage=align_for_place: task 3 aligning outside shelf for packaging-box left placement; lateral alignment rotating toward shelf-front direction; yaw_err=0.983
[INFO] [1787836709.054629128] [six_angels_material_sorting_client]: CONTROL_LOOP_HEALTH samples=400/7823 interval_p95=50.21ms interval_p99=50.46ms execution_p95=1.79ms interval_misses=22 execution_misses=26
[INFO] [1787836709.605088584] [six_angels_material_sorting_client]: progress task=3 stage=align_for_place: task 3 aligning outside shelf for packaging-box left placement; lateral alignment rotating toward shelf-front direction; yaw_err=0.487
[INFO] [1787836711.604476309] [six_angels_material_sorting_client]: progress task=3 stage=align_for_place: task 3 aligning outside shelf for packaging-box left placement; lateral alignment rotating toward shelf-front direction; yaw_err=0.069
[INFO] [1787836713.654286196] [six_angels_material_sorting_client]: progress task=3 stage=align_for_place: task 3 aligning outside shelf for packaging-box left placement; lateral alignment driving along shelf front; y_err=-0.144, x_err=-0.005
[INFO] [1787836714.054772064] [six_angels_material_sorting_client]: CONTROL_LOOP_HEALTH samples=400/7923 interval_p95=50.19ms interval_p99=50.49ms execution_p95=1.78ms interval_misses=22 execution_misses=26
[INFO] [1787836715.703986142] [six_angels_material_sorting_client]: progress task=3 stage=align_for_place: task 3 aligning outside shelf for packaging-box left placement; lateral alignment driving along shelf front; y_err=-0.064, x_err=-0.004
[INFO] [1787836717.703943675] [six_angels_material_sorting_client]: progress task=3 stage=align_for_place: task 3 aligning outside shelf for packaging-box left placement; lateral alignment driving along shelf front; y_err=-0.019, x_err=-0.004
[INFO] [1787836719.104537224] [six_angels_material_sorting_client]: CONTROL_LOOP_HEALTH samples=400/8024 interval_p95=50.20ms interval_p99=50.61ms execution_p95=1.73ms interval_misses=22 execution_misses=26
[INFO] [1787836719.704141857] [six_angels_material_sorting_client]: progress task=3 stage=align_for_place: task 3 aligning outside shelf for packaging-box left placement; lateral alignment restoring shelf-facing yaw; yaw_err=-1.153
[INFO] [1787836721.754294452] [six_angels_material_sorting_client]: progress task=3 stage=align_for_place: task 3 aligning outside shelf for packaging-box left placement; lateral alignment restoring shelf-facing yaw; yaw_err=-0.641
[INFO] [1787836723.804500207] [six_angels_material_sorting_client]: progress task=3 stage=align_for_place: task 3 aligning outside shelf for packaging-box left placement; lateral alignment restoring shelf-facing yaw; yaw_err=-0.167
[INFO] [1787836724.104619722] [six_angels_material_sorting_client]: CONTROL_LOOP_HEALTH samples=400/8124 interval_p95=50.20ms interval_p99=50.49ms execution_p95=1.52ms interval_misses=22 execution_misses=26
[INFO] [1787836725.804320061] [six_angels_material_sorting_client]: progress task=3 stage=align_for_place: task 1 advancing to the shallow task-3 insertion stand; advancing straight; remaining=0.585 m
[INFO] [1787836727.854216838] [six_angels_material_sorting_client]: progress task=3 stage=align_for_place: task 1 advancing to the shallow task-3 insertion stand; advancing straight; remaining=0.455 m
[INFO] [1787836729.154703683] [six_angels_material_sorting_client]: CONTROL_LOOP_HEALTH samples=400/8225 interval_p95=50.20ms interval_p99=50.67ms execution_p95=1.47ms interval_misses=22 execution_misses=26
[INFO] [1787836729.854390701] [six_angels_material_sorting_client]: progress task=3 stage=align_for_place: task 1 advancing to the shallow task-3 insertion stand; advancing straight; remaining=0.329 m
[INFO] [1787836731.854536764] [six_angels_material_sorting_client]: progress task=3 stage=align_for_place: task 1 advancing to the shallow task-3 insertion stand; advancing straight; remaining=0.200 m
[INFO] [1787836733.854540148] [six_angels_material_sorting_client]: progress task=3 stage=align_for_place: task 1 advancing to the shallow task-3 insertion stand; advancing straight; remaining=0.095 m
[INFO] [1787836734.154656793] [six_angels_material_sorting_client]: CONTROL_LOOP_HEALTH samples=400/8325 interval_p95=50.20ms interval_p99=50.67ms execution_p95=1.33ms interval_misses=22 execution_misses=26
[INFO] [1787836735.904571134] [six_angels_material_sorting_client]: progress task=3 stage=align_for_place: task 1 advancing to the shallow task-3 insertion stand; advancing straight; remaining=0.041 m
[INFO] [1787836737.956795410] [six_angels_material_sorting_client]: progress task=3 stage=align_for_place: task 3 advancing the base an additional 0.15 m before release; advancing straight; remaining=0.112 m
[INFO] [1787836739.155074751] [six_angels_material_sorting_client]: CONTROL_LOOP_HEALTH samples=400/8425 interval_p95=50.20ms interval_p99=51.15ms execution_p95=1.57ms interval_misses=22 execution_misses=26
[INFO] [1787836740.004520408] [six_angels_material_sorting_client]: progress task=3 stage=align_for_place: task 3 advancing the base an additional 0.15 m before release; advancing straight; remaining=0.059 m
[INFO] [1787836742.054399666] [six_angels_material_sorting_client]: progress task=3 stage=align_for_place: task 3 advancing the base an additional 0.15 m before release; advancing straight; remaining=0.030 m
[INFO] [1787836743.304951719] [six_angels_material_sorting_client]: controller=executing_stage task=3 attempt=1 stage=place score=140: task 3 entering place: task 3 reached the direct base-release position without arm insertion; extra advance=0.15 m
[INFO] [1787836743.354704113] [six_angels_material_sorting_client]: controller=executing_stage task=3 attempt=1 stage=place score=140: task 3 attempt 1 stage=place
[INFO] [1787836744.204644978] [six_angels_material_sorting_client]: CONTROL_LOOP_HEALTH samples=400/8526 interval_p95=50.23ms interval_p99=51.39ms execution_p95=1.74ms interval_misses=22 execution_misses=26
[INFO] [1787836745.404609291] [six_angels_material_sorting_client]: progress task=3 stage=place: task 1 lowering task-3 box compliantly onto the shelf board; slide_target=0.134, slide_err=0.027, left_err=0.016, right_err=0.016, cmd_err=0.009, slide_vel=0.039, max_vel=0.039; compliant_place_phase=fast_approach, remaining_mm=21.0, step_mm=2.0, completion=None; placement_effort=active, slide_ratio=0.00, left_wrist_ratio=0.00, right_wrist_ratio=0.00, left_arm_max=0.00, right_arm_max=0.00, candidate=False, confirmed=False
[INFO] [1787836747.404709215] [six_angels_material_sorting_client]: progress task=3 stage=place: task 1 lowering task-3 box compliantly onto the shelf board; slide_target=0.136, slide_err=0.003, left_err=0.016, right_err=0.016, cmd_err=0.000, slide_vel=0.006, max_vel=0.006; compliant_place_phase=fine_descent, remaining_mm=10.0, step_mm=2.0, completion=None; placement_effort=active, slide_ratio=0.00, left_wrist_ratio=0.00, right_wrist_ratio=0.00, left_arm_max=0.00, right_arm_max=0.00, candidate=False, confirmed=False
[INFO] [1787836749.205296786] [six_angels_material_sorting_client]: CONTROL_LOOP_HEALTH samples=400/8626 interval_p95=50.23ms interval_p99=51.00ms execution_p95=1.82ms interval_misses=22 execution_misses=26
[INFO] [1787836749.454614483] [six_angels_material_sorting_client]: progress task=3 stage=place: task 3 spreading both arms locally to release; target_base=(0.717, 0.014, 1.164); arm_tol=0.030, slide_err=0.007, left_err=0.030, right_err=0.031, cmd_err=0.025, max_vel=0.046
[INFO] [1787836750.805464300] [six_angels_material_sorting_client]: controller=executing_stage task=3 attempt=1 stage=verify_place score=140: task 3 entering verify_place: task 3 released the box from the achieved insertion pose without world-frame IK recomputation
[INFO] [1787836750.854937295] [six_angels_material_sorting_client]: controller=executing_stage task=3 attempt=1 stage=verify_place score=140: task 3 attempt 1 stage=verify_place
[INFO] [1787836751.904984310] [six_angels_material_sorting_client]: controller=executing_stage task=3 attempt=1 stage=return_to_end score=140: task 3 entering return_to_end: task 1 shelf placement settled; handing result to referee
[INFO] [1787836752.044092582] [six_angels_material_sorting_client]: controller=executing_stage task=3 attempt=1 stage=return_to_end score=140: task 3 attempt 1 stage=return_to_end
[INFO] [1787836752.056124312] [six_angels_material_sorting_client]: scheduler candidate action=task3:return_to_end:stand:left source=rl reason=accepted costmap_v=553
[INFO] [1787836754.041375371] [six_angels_material_sorting_client]: progress task=3 stage=return_to_end: task 3 retreating the base 0.40 m after release; retreating straight; remaining=0.267 m
[INFO] [1787836754.286023940] [six_angels_material_sorting_client]: CONTROL_LOOP_HEALTH samples=400/8727 interval_p95=50.42ms interval_p99=57.67ms execution_p95=1.95ms interval_misses=23 execution_misses=27
[INFO] [1787836756.054589021] [six_angels_material_sorting_client]: progress task=3 stage=return_to_end: task 3 retreating the base 0.40 m after release; retreating straight; remaining=0.118 m
[INFO] [1787836758.166071145] [six_angels_material_sorting_client]: progress task=3 stage=return_to_end: task 3 retreating the base 0.40 m after release; retreating straight; remaining=0.043 m
[INFO] [1787836759.320444814] [six_angels_material_sorting_client]: CONTROL_LOOP_HEALTH samples=400/8828 interval_p95=55.00ms interval_p99=59.11ms execution_p95=1.97ms interval_misses=23 execution_misses=28
[INFO] [1787836760.117110943] [six_angels_material_sorting_client]: progress task=3 stage=return_to_end: task 3 compacting open arms to half-width 0.065 m; target_base=(0.717, 0.014, 1.164); arm_tol=0.030, slide_err=0.009, left_err=0.038, right_err=0.039, cmd_err=0.014, max_vel=0.254
[INFO] [1787836762.120523842] [six_angels_material_sorting_client]: progress task=3 stage=return_to_end: task 3 pushing the released box farther into the shelf by 0.38 m; advancing straight; remaining=0.334 m
[INFO] [1787836764.154526130] [six_angels_material_sorting_client]: progress task=3 stage=return_to_end: task 3 pushing the released box farther into the shelf by 0.38 m; advancing straight; remaining=0.202 m
[INFO] [1787836764.354779909] [six_angels_material_sorting_client]: CONTROL_LOOP_HEALTH samples=400/8929 interval_p95=56.54ms interval_p99=59.41ms execution_p95=2.03ms interval_misses=23 execution_misses=28
[INFO] [1787836766.223159326] [six_angels_material_sorting_client]: progress task=3 stage=return_to_end: task 3 pushing the released box farther into the shelf by 0.38 m; advancing straight; remaining=0.097 m
[INFO] [1787836768.205078142] [six_angels_material_sorting_client]: progress task=3 stage=return_to_end: task 3 pushing the released box farther into the shelf by 0.38 m; advancing straight; remaining=0.046 m
[INFO] [1787836769.404620858] [six_angels_material_sorting_client]: CONTROL_LOOP_HEALTH samples=400/9030 interval_p95=57.74ms interval_p99=59.97ms execution_p95=2.08ms interval_misses=24 execution_misses=29
[INFO] [1787836770.253997286] [six_angels_material_sorting_client]: progress task=3 stage=return_to_end: task 3 retreating after the post-release push; retreating straight; remaining=0.436 m
[INFO] [1787836772.276721890] [six_angels_material_sorting_client]: progress task=3 stage=return_to_end: task 3 retreating after the post-release push; retreating straight; remaining=0.284 m
[INFO] [1787836774.361866996] [six_angels_material_sorting_client]: progress task=3 stage=return_to_end: task 3 retreating after the post-release push; retreating straight; remaining=0.127 m
[INFO] [1787836774.405286721] [six_angels_material_sorting_client]: CONTROL_LOOP_HEALTH samples=400/9130 interval_p95=57.74ms interval_p99=60.18ms execution_p95=1.87ms interval_misses=24 execution_misses=30
[INFO] [1787836776.362041882] [six_angels_material_sorting_client]: progress task=3 stage=return_to_end: task 3 retreating after the post-release push; retreating straight; remaining=0.049 m
[INFO] [1787836778.404600758] [six_angels_material_sorting_client]: progress task=3 stage=return_to_end: task 3 retracting both arms after the post-release push; transport retract; slide_err=0.010, left_err=0.810, right_err=0.816, cmd_err=0.700, max_vel=1.122
[INFO] [1787836779.405308558] [six_angels_material_sorting_client]: CONTROL_LOOP_HEALTH samples=400/9230 interval_p95=56.94ms interval_p99=59.97ms execution_p95=1.87ms interval_misses=24 execution_misses=30
[INFO] [1787836780.410699235] [six_angels_material_sorting_client]: progress task=3 stage=return_to_end: task 3 raising the retracted arms to maximum transport height; slide_target=-0.040, slide_err=0.126, left_err=0.002, right_err=0.002, cmd_err=0.098, slide_vel=0.049, max_vel=0.049
[INFO] [1787836782.462065128] [six_angels_material_sorting_client]: progress task=3 stage=return_to_end: task 3 raising the retracted arms to maximum transport height; slide_target=-0.040, slide_err=0.017, left_err=0.003, right_err=0.003, cmd_err=0.000, slide_vel=0.024, max_vel=0.024
[INFO] [1787836784.411860124] [six_angels_material_sorting_client]: CONTROL_LOOP_HEALTH samples=400/9330 interval_p95=56.05ms interval_p99=59.85ms execution_p95=2.21ms interval_misses=24 execution_misses=30
[INFO] [1787836784.505659430] [six_angels_material_sorting_client]: progress task=3 stage=return_to_end: task 1 returning to the end zone; goal=(-0.78, 0.55, 1.57); nav_status=navigating; NAV_TEL phase=transfer status=navigating segment=nav_end x=-1.279 y=0.560 yaw=2.858 dist=0.499 yaw_err=-1.287 cmd=(0.000,-0.550) clear=0.350 footprint=transit_stowed path=0.500 planned_straight=0.499 detour=1.002
[INFO] [1787836786.505699927] [six_angels_material_sorting_client]: progress task=3 stage=return_to_end: task 1 returning to the end zone; goal=(-0.78, 0.55, 1.57); nav_status=navigating; NAV_TEL phase=transfer status=navigating segment=nav_end x=-1.278 y=0.560 yaw=2.100 dist=0.498 yaw_err=-0.529 cmd=(0.000,-0.550) clear=0.300 footprint=transit_stowed path=0.500 planned_straight=0.499 detour=1.002
[INFO] [1787836788.555377731] [six_angels_material_sorting_client]: progress task=3 stage=return_to_end: task 1 returning to the end zone; goal=(-0.78, 0.55, 1.57); nav_status=navigating; NAV_TEL phase=transfer status=navigating segment=nav_end x=-1.278 y=0.559 yaw=1.315 dist=0.498 yaw_err=0.256 cmd=(0.000,-0.550) clear=0.300 footprint=transit_stowed path=0.500 planned_straight=0.499 detour=1.002
[INFO] [1787836789.459909034] [six_angels_material_sorting_client]: CONTROL_LOOP_HEALTH samples=400/9431 interval_p95=55.15ms interval_p99=57.97ms execution_p95=2.37ms interval_misses=24 execution_misses=30
[INFO] [1787836790.555401141] [six_angels_material_sorting_client]: progress task=3 stage=return_to_end: task 1 returning to the end zone; goal=(-0.78, 0.55, 1.57); nav_status=navigating; NAV_TEL phase=transfer status=navigating segment=nav_end x=-1.278 y=0.558 yaw=0.551 dist=0.498 yaw_err=1.020 cmd=(0.000,-0.550) clear=0.300 footprint=transit_stowed path=0.500 planned_straight=0.499 detour=1.002
[INFO] [1787836792.605041097] [six_angels_material_sorting_client]: progress task=3 stage=return_to_end: task 1 returning to the end zone; goal=(-0.78, 0.55, 1.57); nav_status=navigating; NAV_TEL phase=transfer status=navigating segment=nav_end x=-1.150 y=0.575 yaw=0.059 dist=0.370 yaw_err=1.512 cmd=(0.180,-0.094) clear=0.400 footprint=transit_stowed path=0.500 planned_straight=0.499 detour=1.002
[INFO] [1787836794.505307195] [six_angels_material_sorting_client]: CONTROL_LOOP_HEALTH samples=400/9532 interval_p95=53.92ms interval_p99=56.34ms execution_p95=2.40ms interval_misses=24 execution_misses=30
[INFO] [1787836794.619191107] [six_angels_material_sorting_client]: progress task=3 stage=return_to_end: task 1 returning to the end zone; goal=(-0.78, 0.55, 1.57); nav_status=final_positioning; NAV_TEL phase=transfer status=final_positioning segment=nav_end x=-0.926 y=0.579 yaw=-0.031 dist=0.149 yaw_err=1.602 cmd=(0.099,-0.326) clear=0.400 footprint=transit_stowed path=0.500 planned_straight=0.499 detour=1.002
[INFO] [1787836796.605198195] [six_angels_material_sorting_client]: progress task=3 stage=return_to_end: task 1 returning to the end zone; goal=(-0.78, 0.55, 1.57); nav_status=final_aligning; NAV_TEL phase=transfer status=final_aligning segment=nav_end x=-0.846 y=0.568 yaw=0.000 dist=0.069 yaw_err=1.570 cmd=(0.000,0.500) clear=0.400 footprint=transit_stowed path=0.500 planned_straight=0.499 detour=1.002
[INFO] [1787836798.605547646] [six_angels_material_sorting_client]: progress task=3 stage=return_to_end: task 1 returning to the end zone; goal=(-0.78, 0.55, 1.57); nav_status=final_aligning; NAV_TEL phase=transfer status=final_aligning segment=nav_end x=-0.847 y=0.568 yaw=0.673 dist=0.069 yaw_err=0.898 cmd=(0.000,0.500) clear=0.300 footprint=transit_stowed path=0.500 planned_straight=0.499 detour=1.002
[INFO] [1787836799.514743230] [six_angels_material_sorting_client]: CONTROL_LOOP_HEALTH samples=400/9632 interval_p95=52.25ms interval_p99=54.70ms execution_p95=2.45ms interval_misses=24 execution_misses=30
[INFO] [1787836800.654919964] [six_angels_material_sorting_client]: progress task=3 stage=return_to_end: task 1 returning to the end zone; goal=(-0.78, 0.55, 1.57); nav_status=final_aligning; NAV_TEL phase=transfer status=final_aligning segment=nav_end x=-0.847 y=0.567 yaw=1.388 dist=0.069 yaw_err=0.183 cmd=(0.000,0.365) clear=0.350 footprint=transit_stowed path=0.500 planned_straight=0.499 detour=1.002
[INFO] [1787836801.205535140] [six_angels_material_sorting_client]: controller=finished task=3 attempt=1 stage=- score=160: referee terminal cleanup completed
