checking Client module consistency...
/workspace/baseline/examples/material_sorting/shelf/state_tracker.py:127: UserWarning: layout.scene.shelf_opening_yaw missing; fallback DEFAULT_SHELF_OPENING_YAW=0.0
  self.geometry = geometry or load_shelf_geometry()
/workspace/baseline/examples/material_sorting/perception/shelf_empty_confirm.py:90: UserWarning: layout.scene.shelf_opening_yaw missing; fallback DEFAULT_SHELF_OPENING_YAW=0.0
  self.geometry = geometry or load_shelf_geometry()
/usr/local/lib/python3.10/dist-packages/matplotlib/projections/__init__.py:63: UserWarning: Unable to import Axes3D. This may be due to multiple versions of Matplotlib being installed (e.g. as a system package and as a pip package). As a result, the 3D projection is not available.
  warnings.warn("Unable to import Axes3D. This may be due to multiple versions of "
[INFO] [1787829083.575886933] [six_angels_material_sorting_client]: scheduler RL overlay enabled; policy_mode=rl_shadow
[INFO] [1787829083.589084071] [six_angels_material_sorting_client]: client started; waiting for instruction, odometry and joint states; execution_mode=task123_full; scheduler=v2
[INFO] [1787829083.589759444] [six_angels_material_sorting_client]: scheduler_policy=rl_shadow; event_log=/workspace/artifacts/scheduler_v2_multiseed_20260914.jsonl; measured_carry_guard=False
[INFO] [1787829083.590380486] [six_angels_material_sorting_client]: runtime_health=odom_max_age=0.750s, joint_max_age=0.750s, stale_grace=2.000s, control_period=0.050s
[WARN] [1787829083.590995048] [six_angels_material_sorting_client]: scheduler v2 is active: task plans and command/resource guards are enforced
[INFO] [1787829083.591632111] [six_angels_material_sorting_client]: semantic audit disabled
[WARN] [1787829083.592247473] [six_angels_material_sorting_client]: task123_full enables integrated task-1/task-2 execution and task-3 top-box pick, measured packaging-box left placement, and safe return; task transitions remain referee-driven
[INFO] [1787829083.639822426] [six_angels_material_sorting_client]: waiting for: instructions
[INFO] [1787829083.820418526] [six_angels_material_sorting_client]: instructions accepted: T1=pink->shelf_point, T2=yellow->table_point, T3=brown->shelf_prop_side
[INFO] [1787829086.074070027] [material_box_detect]: material_box_detect up; backend=yolo; checkpoint=/workspace/baseline/examples/material_sorting/perception/checkpoints/best.pt; conf=0.65; center_compensation_scale=0.70; detection_log_period=0.0s
[INFO] [1787829088.140354638] [six_angels_material_sorting_client]: client inputs ready; starting three-task competition controller
[INFO] [1787829088.145377227] [six_angels_material_sorting_client]: controller=starting_task task=1 attempt=1 stage=navigate_to_pick score=0: starting task 1 attempt 1
[INFO] [1787829088.191542204] [six_angels_material_sorting_client]: controller=executing_stage task=1 attempt=1 stage=navigate_to_pick score=0: task 1 entering navigate_to_pick
[INFO] [1787829088.289386579] [six_angels_material_sorting_client]: controller=executing_stage task=1 attempt=1 stage=navigate_to_pick score=0: task 1 attempt 1 stage=navigate_to_pick
[INFO] [1787829088.517362777] [six_angels_material_sorting_client]: scheduler candidate action=task1:navigate_to_pick:stand:left source=heuristic reason=rl_shadow_isolated:submitted costmap_v=1
[INFO] [1787829088.710647028] [six_angels_material_sorting_client]: CONTROL_LOOP_HEALTH samples=100/100 interval_p95=50.25ms interval_p99=126.69ms execution_p95=2.92ms interval_misses=1 execution_misses=2
[INFO] [1787829090.285632698] [six_angels_material_sorting_client]: progress task=1 stage=navigate_to_pick: task 1 navigating to pick stand (-0.26, 1.55); nav_status=navigating; NAV_TEL phase=task1_pick status=navigating segment=nav_table x=-0.700 y=0.550 yaw=1.031 dist=1.093 yaw_err=0.540 cmd=(0.000,-0.650) clear=0.250 footprint=transit_stowed path=1.450 planned_straight=1.092 detour=1.327
[INFO] [1787829092.379519913] [six_angels_material_sorting_client]: progress task=1 stage=navigate_to_pick: task 1 navigating to pick stand (-0.26, 1.55); nav_status=navigating; NAV_TEL phase=task1_pick status=navigating segment=nav_table x=-0.701 y=0.549 yaw=0.313 dist=1.094 yaw_err=1.258 cmd=(0.200,-0.382) clear=0.300 footprint=transit_stowed path=1.450 planned_straight=1.092 detour=1.327
[INFO] [1787829093.705120460] [six_angels_material_sorting_client]: CONTROL_LOOP_HEALTH samples=199/199 interval_p95=59.07ms interval_p99=126.69ms execution_p95=2.92ms interval_misses=2 execution_misses=3
[INFO] [1787829094.293419922] [six_angels_material_sorting_client]: progress task=1 stage=navigate_to_pick: task 1 navigating to pick stand (-0.26, 1.55); nav_status=navigating; NAV_TEL phase=task1_pick status=navigating segment=nav_table x=-0.510 y=0.574 yaw=0.083 dist=1.007 yaw_err=1.488 cmd=(0.200,0.234) clear=0.400 footprint=transit_stowed path=1.450 planned_straight=1.092 detour=1.327
[INFO] [1787829096.475709552] [six_angels_material_sorting_client]: progress task=1 stage=navigate_to_pick: task 1 navigating to pick stand (-0.26, 1.55); nav_status=navigating; NAV_TEL phase=task1_pick status=navigating segment=nav_table x=-0.340 y=0.625 yaw=0.633 dist=0.928 yaw_err=0.937 cmd=(0.186,0.641) clear=0.350 footprint=transit_stowed path=1.450 planned_straight=1.092 detour=1.327
[INFO] [1787829098.459466790] [six_angels_material_sorting_client]: progress task=1 stage=navigate_to_pick: task 1 navigating to pick stand (-0.26, 1.55); nav_status=navigating; NAV_TEL phase=task1_pick status=navigating segment=nav_table x=-0.234 y=0.775 yaw=1.251 dist=0.775 yaw_err=0.320 cmd=(0.200,0.489) clear=0.350 footprint=transit_stowed path=1.450 planned_straight=1.092 detour=1.327
[INFO] [1787829098.772603164] [six_angels_material_sorting_client]: CONTROL_LOOP_HEALTH samples=298/298 interval_p95=59.09ms interval_p99=126.69ms execution_p95=2.97ms interval_misses=4 execution_misses=5
[INFO] [1787829100.389054348] [six_angels_material_sorting_client]: progress task=1 stage=navigate_to_pick: task 1 navigating to pick stand (-0.26, 1.55); nav_status=navigating; NAV_TEL phase=task1_pick status=navigating segment=nav_table x=-0.209 y=0.969 yaw=1.571 dist=0.583 yaw_err=0.000 cmd=(0.200,0.073) clear=0.350 footprint=transit_stowed path=1.450 planned_straight=1.092 detour=1.327
[INFO] [1787829102.391330582] [six_angels_material_sorting_client]: progress task=1 stage=navigate_to_pick: task 1 navigating to pick stand (-0.26, 1.55); nav_status=navigating; NAV_TEL phase=task1_pick status=navigating segment=nav_table x=-0.215 y=1.162 yaw=1.614 dist=0.390 yaw_err=-0.043 cmd=(0.200,0.011) clear=0.350 footprint=transit_stowed path=1.450 planned_straight=1.092 detour=1.327
[INFO] [1787829103.741445443] [six_angels_material_sorting_client]: CONTROL_LOOP_HEALTH samples=399/399 interval_p95=59.51ms interval_p99=121.62ms execution_p95=2.97ms interval_misses=4 execution_misses=5
[INFO] [1787829104.391454702] [six_angels_material_sorting_client]: progress task=1 stage=navigate_to_pick: task 1 navigating to pick stand (-0.26, 1.55); nav_status=navigating; NAV_TEL phase=task1_pick status=navigating segment=nav_table x=-0.223 y=1.333 yaw=1.620 dist=0.220 yaw_err=-0.049 cmd=(0.194,0.002) clear=0.350 footprint=transit_stowed path=1.450 planned_straight=1.092 detour=1.327
[INFO] [1787829106.443816892] [six_angels_material_sorting_client]: progress task=1 stage=navigate_to_pick: task 1 navigating to pick stand (-0.26, 1.55); nav_status=final_positioning; NAV_TEL phase=task1_pick status=final_positioning segment=nav_table x=-0.232 y=1.449 yaw=1.759 dist=0.105 yaw_err=-0.188 cmd=(0.084,0.163) clear=0.200 footprint=transit_stowed path=1.450 planned_straight=1.092 detour=1.327
[INFO] [1787829108.490952537] [six_angels_material_sorting_client]: progress task=1 stage=navigate_to_pick: task 1 navigating to pick stand (-0.26, 1.55); nav_status=final_aligning; NAV_TEL phase=task1_pick status=final_aligning segment=nav_table x=-0.239 y=1.482 yaw=1.651 dist=0.071 yaw_err=-0.080 cmd=(0.000,-0.160) clear=0.200 footprint=transit_stowed path=1.450 planned_straight=1.092 detour=1.327
[INFO] [1787829108.791202393] [six_angels_material_sorting_client]: CONTROL_LOOP_HEALTH samples=400/500 interval_p95=59.09ms interval_p99=68.07ms execution_p95=2.79ms interval_misses=4 execution_misses=5
[INFO] [1787829108.941585237] [six_angels_material_sorting_client]: controller=executing_stage task=1 attempt=1 stage=acquire_target score=0: task 1 entering acquire_target: task 1 reached the detected table-side pick stand; stopping before arm motion; NAV_GOAL_REACHED segment=nav_table
[INFO] [1787829108.990676081] [six_angels_material_sorting_client]: controller=executing_stage task=1 attempt=1 stage=acquire_target score=0: task 1 attempt 1 stage=acquire_target
[INFO] [1787829109.040714058] [six_angels_material_sorting_client]: controller=executing_stage task=1 attempt=1 stage=align_for_pick score=0: task 1 entering align_for_pick: task 1 target locked for open pregrasp at (-0.185, 2.2, 0.834); orientation=yaw0; source=rgbd_cuboid
[INFO] [1787829109.090266994] [six_angels_material_sorting_client]: controller=executing_stage task=1 attempt=1 stage=align_for_pick score=0: task 1 attempt 1 stage=align_for_pick
[INFO] [1787829111.090922874] [six_angels_material_sorting_client]: progress task=1 stage=align_for_pick: task 1 moving both open arms to pregrasp; target_base=(0.715, -0.082, 0.834); arm_tol=0.030, slide_err=0.001, left_err=0.008, right_err=0.005, cmd_err=0.000, max_vel=0.553
[INFO] [1787829111.991622160] [six_angels_material_sorting_client]: controller=executing_stage task=1 attempt=1 stage=grasp score=0: task 1 entering grasp: task 1 both open arms reached the non-contact pregrasp pose
[INFO] [1787829112.040889825] [six_angels_material_sorting_client]: controller=executing_stage task=1 attempt=1 stage=grasp score=0: task 1 attempt 1 stage=grasp
[INFO] [1787829113.791689459] [six_angels_material_sorting_client]: CONTROL_LOOP_HEALTH samples=400/600 interval_p95=55.30ms interval_p99=60.60ms execution_p95=2.63ms interval_misses=4 execution_misses=5
[INFO] [1787829114.041347320] [six_angels_material_sorting_client]: progress task=1 stage=grasp: task 1 settling at the compliant contact start pose; compliance=active; left[contact=False, aligned=False, angle=0.8deg, effort_delta=1.76, effort_threshold=0.35, firm=True, firm_latched=False, velocity=0.000]; right[contact=False, aligned=False, angle=0.5deg, effort_delta=1.81, effort_threshold=0.35, firm=True, firm_latched=False, velocity=0.000]; target_base=(0.715, -0.079, 0.834); arm_tol=0.240, slide_err=0.007, left_err=0.016, right_err=0.016, cmd_err=0.000, max_vel=0.002; compliance=active; left[contact=False, aligned=False, angle=0.8deg, effort_delta=1.76, effort_threshold=0.35, firm=True, firm_latched=False, velocity=0.000]; right[contact=False, aligned=False, angle=0.5deg, effort_delta=1.81, effort_threshold=0.35, firm=True, firm_latched=False, velocity=0.000]
[INFO] [1787829116.093266832] [six_angels_material_sorting_client]: progress task=1 stage=grasp: task 1 continuously applying locked-wrist preload; offset=1.4/2.7 mm; compliance=active; left[contact=True, aligned=True, angle=2.8deg, effort_delta=0.08, effort_threshold=0.35, firm=False, firm_latched=False, velocity=0.001]; right[contact=True, aligned=True, angle=1.5deg, effort_delta=0.06, effort_threshold=0.35, firm=False, firm_latched=False, velocity=0.001]
[INFO] [1787829118.092056251] [six_angels_material_sorting_client]: controller=executing_stage task=1 attempt=1 stage=lift score=0: task 1 entering lift: task 1 bilateral compliant grasp settled with locked wrists and 2.7 mm bounded preload; compliance=active; left[contact=True, aligned=True, angle=2.8deg, effort_delta=0.04, effort_threshold=0.35, firm=False, firm_latched=False, velocity=0.000]; right[contact=True, aligned=True, angle=1.5deg, effort_delta=0.01, effort_threshold=0.35, firm=False, firm_latched=False, velocity=0.000]
[INFO] [1787829118.141054233] [six_angels_material_sorting_client]: controller=executing_stage task=1 attempt=1 stage=lift score=0: task 1 attempt 1 stage=lift
[INFO] [1787829118.841093461] [six_angels_material_sorting_client]: CONTROL_LOOP_HEALTH samples=400/701 interval_p95=50.74ms interval_p99=60.24ms execution_p95=4.24ms interval_misses=4 execution_misses=5
[INFO] [1787829120.190757644] [six_angels_material_sorting_client]: progress task=1 stage=lift: task 1 raising the spine while preserving arm preload; lift=0.150m, slide_target=0.318, slide_err=0.054, left_err=0.017, right_err=0.017, cmd_err=0.027, max_vel=0.101
[INFO] [1787829122.191330868] [six_angels_material_sorting_client]: progress task=1 stage=lift: task 1 raising the spine while preserving arm preload; lift=0.150m, slide_target=0.318, slide_err=0.010, left_err=0.017, right_err=0.017, cmd_err=0.000, max_vel=0.008
[INFO] [1787829122.442495176] [six_angels_material_sorting_client]: controller=executing_stage task=1 attempt=1 stage=transport score=0: task 1 entering transport: task 1 lifted the held box 0.150 m; holding before transport
[INFO] [1787829122.502661276] [six_angels_material_sorting_client]: controller=executing_stage task=1 attempt=1 stage=transport score=0: task 1 attempt 1 stage=transport
[INFO] [1787829122.891391565] [material_box_detect]: started task-stage shelf empty confirmation
[INFO] [1787829123.900685150] [six_angels_material_sorting_client]: CONTROL_LOOP_HEALTH samples=400/802 interval_p95=50.20ms interval_p99=50.93ms execution_p95=4.18ms interval_misses=4 execution_misses=5
[INFO] [1787829124.292557117] [six_angels_material_sorting_client]: scheduler candidate action=task1:transport:stand:right source=heuristic reason=rl_shadow_isolated:inference_result_stale costmap_v=56
[INFO] [1787829124.540733783] [six_angels_material_sorting_client]: progress task=1 stage=transport: task 1 holding lifted box and retreating straight; remaining=0.611 m
[INFO] [1787829125.141658909] [six_angels_material_sorting_client]: scheduler candidate action=task1:transport:stand:left source=heuristic reason=rl_shadow_isolated:submitted costmap_v=59
[INFO] [1787829126.597830891] [six_angels_material_sorting_client]: progress task=1 stage=transport: task 1 holding lifted box and retreating straight; remaining=0.496 m
[INFO] [1787829128.689560793] [six_angels_material_sorting_client]: progress task=1 stage=transport: task 1 holding lifted box and retreating straight; remaining=0.376 m
[INFO] [1787829128.899717362] [six_angels_material_sorting_client]: CONTROL_LOOP_HEALTH samples=400/902 interval_p95=51.18ms interval_p99=57.12ms execution_p95=4.24ms interval_misses=4 execution_misses=5
[INFO] [1787829130.649183300] [six_angels_material_sorting_client]: progress task=1 stage=transport: task 1 holding lifted box and retreating straight; remaining=0.265 m
[INFO] [1787829132.690538736] [six_angels_material_sorting_client]: progress task=1 stage=transport: task 1 holding lifted box and retreating straight; remaining=0.139 m
[INFO] [1787829133.935043797] [six_angels_material_sorting_client]: CONTROL_LOOP_HEALTH samples=400/1002 interval_p95=55.10ms interval_p99=60.61ms execution_p95=4.18ms interval_misses=4 execution_misses=5
[INFO] [1787829134.746503147] [six_angels_material_sorting_client]: progress task=1 stage=transport: task 1 holding lifted box and retreating straight; remaining=0.065 m
[INFO] [1787829136.748352736] [six_angels_material_sorting_client]: progress task=1 stage=transport: task 1 holding lifted box and retreating straight; remaining=0.026 m
[INFO] [1787829138.764556309] [six_angels_material_sorting_client]: progress task=1 stage=transport: task 1 moving directly to the safe shelf pre-place stand; goal=(-1.00, 0.62, 3.14); nav_status=navigating; NAV_TEL phase=transfer status=navigating segment=nav_shelf x=-0.218 y=0.790 yaw=1.921 dist=0.800 yaw_err=1.220 cmd=(0.000,0.550) clear=0.300 footprint=transit_carry path=0.900 planned_straight=0.801 detour=1.124; shelf_frames=7; shelf_state=collecting
[INFO] [1787829138.972606974] [six_angels_material_sorting_client]: CONTROL_LOOP_HEALTH samples=400/1102 interval_p95=56.00ms interval_p99=60.61ms execution_p95=18.30ms interval_misses=4 execution_misses=5
[INFO] [1787829140.816709341] [six_angels_material_sorting_client]: progress task=1 stage=transport: task 1 moving directly to the safe shelf pre-place stand; goal=(-1.00, 0.62, 3.14); nav_status=navigating; NAV_TEL phase=transfer status=navigating segment=nav_shelf x=-0.218 y=0.790 yaw=2.480 dist=0.800 yaw_err=0.661 cmd=(0.000,0.550) clear=0.250 footprint=transit_carry path=0.900 planned_straight=0.801 detour=1.124; shelf_frames=7; shelf_state=collecting
[INFO] [1787829142.784161487] [six_angels_material_sorting_client]: progress task=1 stage=transport: task 1 moving directly to the safe shelf pre-place stand; goal=(-1.00, 0.62, 3.14); nav_status=navigating; NAV_TEL phase=transfer status=navigating segment=nav_shelf x=-0.217 y=0.790 yaw=3.061 dist=0.800 yaw_err=0.081 cmd=(0.000,0.550) clear=0.350 footprint=transit_carry path=0.900 planned_straight=0.801 detour=1.124; shelf_frames=7; shelf_state=collecting
[INFO] [1787829143.955655742] [six_angels_material_sorting_client]: CONTROL_LOOP_HEALTH samples=400/1203 interval_p95=58.61ms interval_p99=61.09ms execution_p95=31.93ms interval_misses=5 execution_misses=6
[INFO] [1787829144.804678811] [six_angels_material_sorting_client]: progress task=1 stage=transport: task 1 moving directly to the safe shelf pre-place stand; goal=(-1.00, 0.62, 3.14); nav_status=navigating; NAV_TEL phase=transfer status=navigating segment=nav_shelf x=-0.235 y=0.780 yaw=-2.628 dist=0.781 yaw_err=-0.514 cmd=(0.198,0.165) clear=0.300 footprint=transit_carry path=0.900 planned_straight=0.801 detour=1.124; shelf_frames=7; shelf_state=collecting
[INFO] [1787829145.851197101] [six_angels_material_sorting_client]: scheduler candidate action=task1:transport:stand:right source=heuristic reason=rl_shadow_isolated:accepted costmap_v=133
[INFO] [1787829146.905667684] [six_angels_material_sorting_client]: progress task=1 stage=transport: task 1 moving directly to the safe shelf pre-place stand; goal=(-1.00, 0.62, 3.14); nav_status=navigating; NAV_TEL phase=transfer status=navigating segment=nav_shelf x=-0.427 y=0.668 yaw=-2.729 dist=0.575 yaw_err=-0.412 cmd=(0.220,-0.411) clear=0.250 footprint=transit_carry path=0.608 planned_straight=0.605 detour=1.004; shelf_frames=7; shelf_state=collecting
[INFO] [1787829147.749539246] [six_angels_material_sorting_client]: scheduler candidate action=task1:transport:stand:center source=heuristic reason=rl_shadow_isolated:accepted costmap_v=135
[INFO] [1787829148.599103905] [six_angels_material_sorting_client]: scheduler candidate action=task1:transport:stand:left source=heuristic reason=rl_shadow_isolated:submitted costmap_v=138
[INFO] [1787829148.862802532] [six_angels_material_sorting_client]: progress task=1 stage=transport: task 1 moving directly to the safe shelf pre-place stand; goal=(-1.00, 0.62, 3.14); nav_status=navigating; NAV_TEL phase=transfer status=navigating segment=nav_shelf x=-0.660 y=0.620 yaw=-3.090 dist=0.340 yaw_err=-0.051 cmd=(0.220,-0.100) clear=0.350 footprint=transit_carry path=0.608 planned_straight=0.605 detour=1.004; shelf_frames=7; shelf_state=ready
[INFO] [1787829148.998807464] [six_angels_material_sorting_client]: CONTROL_LOOP_HEALTH samples=400/1304 interval_p95=58.75ms interval_p99=60.82ms execution_p95=32.00ms interval_misses=5 execution_misses=7
[INFO] [1787829150.895769813] [six_angels_material_sorting_client]: progress task=1 stage=transport: task 1 moving directly to the safe shelf pre-place stand; goal=(-1.00, 0.62, 3.14); nav_status=final_positioning; NAV_TEL phase=transfer status=final_positioning segment=nav_shelf x=-0.850 y=0.617 yaw=3.125 dist=0.150 yaw_err=0.016 cmd=(0.100,-0.020) clear=0.400 footprint=transit_carry path=0.608 planned_straight=0.605 detour=1.004; shelf_frames=7; shelf_state=ready
[INFO] [1787829152.963380167] [six_angels_material_sorting_client]: progress task=1 stage=transport: task 1 moving directly to the safe shelf pre-place stand; goal=(-1.00, 0.62, 3.14); nav_status=final_positioning; NAV_TEL phase=transfer status=final_positioning segment=nav_shelf x=-0.945 y=0.620 yaw=3.113 dist=0.055 yaw_err=0.029 cmd=(0.044,-0.002) clear=0.400 footprint=transit_carry path=0.608 planned_straight=0.605 detour=1.004; shelf_frames=7; shelf_state=ready
[INFO] [1787829153.215759300] [six_angels_material_sorting_client]: controller=executing_stage task=1 attempt=1 stage=align_for_place score=30: task 1 entering align_for_place: task 1 reached the target-aligned safe shelf pre-place stand by direct A* with the carried center still 0.75 m in front of the shelf
[INFO] [1787829153.241194786] [six_angels_material_sorting_client]: controller=executing_stage task=1 attempt=1 stage=align_for_place score=30: task 1 attempt 1 stage=align_for_place
[INFO] [1787829154.041084521] [six_angels_material_sorting_client]: CONTROL_LOOP_HEALTH samples=400/1405 interval_p95=58.61ms interval_p99=60.82ms execution_p95=32.00ms interval_misses=5 execution_misses=7
[INFO] [1787829155.291229483] [six_angels_material_sorting_client]: progress task=1 stage=align_for_place: task 1 moving held box to shelf clearance height; slide_target=0.410, slide_err=0.004, left_err=0.017, right_err=0.017, cmd_err=0.000, slide_vel=0.021, max_vel=0.021
[INFO] [1787829157.340432642] [six_angels_material_sorting_client]: progress task=1 stage=align_for_place: task 1 aligning laterally outside the shelf; lateral alignment rotating toward shelf-front direction; yaw_err=-1.401
[INFO] [1787829159.090981053] [six_angels_material_sorting_client]: CONTROL_LOOP_HEALTH samples=400/1506 interval_p95=56.96ms interval_p99=60.65ms execution_p95=31.54ms interval_misses=5 execution_misses=7
[INFO] [1787829159.340818992] [six_angels_material_sorting_client]: progress task=1 stage=align_for_place: task 1 aligning laterally outside the shelf; lateral alignment rotating toward shelf-front direction; yaw_err=-0.979
[INFO] [1787829161.390885075] [six_angels_material_sorting_client]: progress task=1 stage=align_for_place: task 1 aligning laterally outside the shelf; lateral alignment rotating toward shelf-front direction; yaw_err=-0.554
[INFO] [1787829163.440947433] [six_angels_material_sorting_client]: progress task=1 stage=align_for_place: task 1 aligning laterally outside the shelf; lateral alignment rotating toward shelf-front direction; yaw_err=-0.152
[INFO] [1787829164.090890568] [six_angels_material_sorting_client]: CONTROL_LOOP_HEALTH samples=400/1606 interval_p95=54.97ms interval_p99=59.98ms execution_p95=16.75ms interval_misses=5 execution_misses=7
[INFO] [1787829165.490880876] [six_angels_material_sorting_client]: progress task=1 stage=align_for_place: task 1 aligning laterally outside the shelf; lateral alignment driving along shelf front; y_err=0.061, x_err=-0.042
[INFO] [1787829167.540584563] [six_angels_material_sorting_client]: progress task=1 stage=align_for_place: task 1 aligning laterally outside the shelf; lateral alignment driving along shelf front; y_err=0.026, x_err=-0.041
[INFO] [1787829169.140957212] [six_angels_material_sorting_client]: CONTROL_LOOP_HEALTH samples=400/1707 interval_p95=50.20ms interval_p99=56.83ms execution_p95=8.38ms interval_misses=5 execution_misses=7
[INFO] [1787829169.590953118] [six_angels_material_sorting_client]: progress task=1 stage=align_for_place: task 1 aligning laterally outside the shelf; lateral alignment restoring shelf-facing yaw; yaw_err=1.294
[INFO] [1787829171.590989552] [six_angels_material_sorting_client]: progress task=1 stage=align_for_place: task 1 aligning laterally outside the shelf; lateral alignment restoring shelf-facing yaw; yaw_err=0.910
[INFO] [1787829173.640756356] [six_angels_material_sorting_client]: progress task=1 stage=align_for_place: task 1 aligning laterally outside the shelf; lateral alignment restoring shelf-facing yaw; yaw_err=0.516
[INFO] [1787829174.190533176] [six_angels_material_sorting_client]: CONTROL_LOOP_HEALTH samples=400/1808 interval_p95=50.15ms interval_p99=50.42ms execution_p95=1.50ms interval_misses=5 execution_misses=7
[INFO] [1787829175.690395905] [six_angels_material_sorting_client]: progress task=1 stage=align_for_place: task 1 aligning laterally outside the shelf; lateral alignment restoring shelf-facing yaw; yaw_err=0.109
[INFO] [1787829177.690428227] [six_angels_material_sorting_client]: progress task=1 stage=align_for_place: task 1 entering the recognized empty shelf layer; advancing straight; remaining=0.882 m
[INFO] [1787829179.190594709] [six_angels_material_sorting_client]: CONTROL_LOOP_HEALTH samples=400/1908 interval_p95=50.15ms interval_p99=50.55ms execution_p95=1.45ms interval_misses=5 execution_misses=7
[INFO] [1787829179.740425369] [six_angels_material_sorting_client]: progress task=1 stage=align_for_place: task 1 entering the recognized empty shelf layer; advancing straight; remaining=0.775 m
[INFO] [1787829181.740499363] [six_angels_material_sorting_client]: progress task=1 stage=align_for_place: task 1 entering the recognized empty shelf layer; advancing straight; remaining=0.663 m
[INFO] [1787829183.790580727] [six_angels_material_sorting_client]: progress task=1 stage=align_for_place: task 1 entering the recognized empty shelf layer; advancing straight; remaining=0.544 m
[INFO] [1787829184.190927179] [six_angels_material_sorting_client]: CONTROL_LOOP_HEALTH samples=400/2008 interval_p95=50.15ms interval_p99=50.83ms execution_p95=1.36ms interval_misses=5 execution_misses=7
[INFO] [1787829185.790805714] [six_angels_material_sorting_client]: progress task=1 stage=align_for_place: task 1 entering the recognized empty shelf layer; advancing straight; remaining=0.432 m
[INFO] [1787829187.840524510] [six_angels_material_sorting_client]: progress task=1 stage=align_for_place: task 1 entering the recognized empty shelf layer; advancing straight; remaining=0.311 m
[INFO] [1787829189.191206494] [six_angels_material_sorting_client]: CONTROL_LOOP_HEALTH samples=400/2108 interval_p95=50.17ms interval_p99=50.83ms execution_p95=1.49ms interval_misses=5 execution_misses=7
[INFO] [1787829189.841041741] [six_angels_material_sorting_client]: progress task=1 stage=align_for_place: task 1 entering the recognized empty shelf layer; advancing straight; remaining=0.196 m
[INFO] [1787829191.890849069] [six_angels_material_sorting_client]: progress task=1 stage=align_for_place: task 1 entering the recognized empty shelf layer; advancing straight; remaining=0.098 m
[INFO] [1787829193.891058932] [six_angels_material_sorting_client]: progress task=1 stage=align_for_place: task 1 entering the recognized empty shelf layer; advancing straight; remaining=0.050 m
[INFO] [1787829194.240651915] [six_angels_material_sorting_client]: CONTROL_LOOP_HEALTH samples=400/2209 interval_p95=50.17ms interval_p99=50.63ms execution_p95=1.49ms interval_misses=5 execution_misses=7
[INFO] [1787829195.641781724] [six_angels_material_sorting_client]: controller=executing_stage task=1 attempt=1 stage=place score=30: task 1 entering place: task 1 entered only the recognized empty shelf layer L2; confidence=0.59
[INFO] [1787829195.691903836] [six_angels_material_sorting_client]: controller=executing_stage task=1 attempt=1 stage=place score=30: task 1 attempt 1 stage=place
[INFO] [1787829196.138316541] [material_box_detect]: stopped task-stage shelf empty confirmation
[INFO] [1787829197.740783002] [six_angels_material_sorting_client]: progress task=1 stage=place: task 1 lowering box compliantly onto shelf board; slide_target=0.453, slide_err=0.001, left_err=0.017, right_err=0.017, cmd_err=0.000, slide_vel=0.015, max_vel=0.015; compliant_place_phase=fast_approach, remaining_mm=12.0, step_mm=2.0, completion=None; placement_effort=active, slide_ratio=0.00, left_wrist_ratio=0.00, right_wrist_ratio=0.00, left_arm_max=0.00, right_arm_max=0.00, candidate=False, confirmed=False
[INFO] [1787829199.241129564] [six_angels_material_sorting_client]: CONTROL_LOOP_HEALTH samples=400/2309 interval_p95=50.17ms interval_p99=50.45ms execution_p95=1.72ms interval_misses=5 execution_misses=7
[INFO] [1787829199.740761556] [six_angels_material_sorting_client]: progress task=1 stage=place: task 1 lowering box compliantly onto shelf board; slide_target=0.457, slide_err=0.003, left_err=0.017, right_err=0.017, cmd_err=0.000, slide_vel=0.006, max_vel=0.006; compliant_place_phase=fine_descent, remaining_mm=8.0, step_mm=2.0, completion=None; placement_effort=active, slide_ratio=231.80, left_wrist_ratio=0.00, right_wrist_ratio=0.00, left_arm_max=0.07, right_arm_max=0.06, candidate=False, confirmed=False
[INFO] [1787829201.790913088] [six_angels_material_sorting_client]: progress task=1 stage=place: task 1 lowering box compliantly onto shelf board; slide_target=0.461, slide_err=0.005, left_err=0.017, right_err=0.017, cmd_err=0.000, slide_vel=0.003, max_vel=0.003; placement_effort=active, slide_ratio=226.16, left_wrist_ratio=0.27, right_wrist_ratio=0.10, left_arm_max=2.14, right_arm_max=2.17, candidate=True, confirmed=False
[INFO] [1787829203.491653914] [six_angels_material_sorting_client]: controller=executing_stage task=1 attempt=1 stage=verify_place score=30: task 1 entering verify_place: task 1 gently unloaded preload and opened both arms on the empty shelf layer
[INFO] [1787829203.540795422] [six_angels_material_sorting_client]: controller=executing_stage task=1 attempt=1 stage=verify_place score=30: task 1 attempt 1 stage=verify_place
[INFO] [1787829204.290670889] [six_angels_material_sorting_client]: CONTROL_LOOP_HEALTH samples=400/2410 interval_p95=50.14ms interval_p99=50.44ms execution_p95=1.88ms interval_misses=5 execution_misses=7
[INFO] [1787829204.541198273] [six_angels_material_sorting_client]: controller=executing_stage task=1 attempt=1 stage=return_to_end score=30: task 1 entering return_to_end: task 1 shelf placement settled; handing result to referee
[INFO] [1787829204.687498493] [six_angels_material_sorting_client]: controller=executing_stage task=1 attempt=1 stage=return_to_end score=30: task 1 attempt 1 stage=return_to_end
[INFO] [1787829204.693084470] [six_angels_material_sorting_client]: scheduler candidate action=task1:return_to_end:stand:left source=heuristic reason=rl_shadow_isolated:submitted costmap_v=156
[INFO] [1787829206.670969328] [six_angels_material_sorting_client]: progress task=1 stage=return_to_end: task 1 retreating straight; remaining=0.202 m after release
[INFO] [1787829208.632614302] [six_angels_material_sorting_client]: progress task=1 stage=return_to_end: task 1 retreating straight; remaining=0.089 m after release
[INFO] [1787829209.290977545] [six_angels_material_sorting_client]: CONTROL_LOOP_HEALTH samples=400/2510 interval_p95=50.27ms interval_p99=60.17ms execution_p95=2.00ms interval_misses=7 execution_misses=9
[INFO] [1787829210.671973051] [six_angels_material_sorting_client]: progress task=1 stage=return_to_end: task 1 retreating straight; remaining=0.033 m after release
[INFO] [1787829212.690783531] [six_angels_material_sorting_client]: progress task=1 stage=return_to_end: task 1 retracting arms after shelf retreat; transport retract; slide_err=0.002, left_err=0.060, right_err=0.026, cmd_err=0.030, max_vel=5.962
[INFO] [1787829214.292549734] [six_angels_material_sorting_client]: CONTROL_LOOP_HEALTH samples=400/2610 interval_p95=55.27ms interval_p99=60.83ms execution_p95=2.39ms interval_misses=7 execution_misses=9
[INFO] [1787829214.732296661] [six_angels_material_sorting_client]: progress task=1 stage=return_to_end: task 1 returning to the end zone; goal=(-0.78, 0.55, 1.57); nav_status=navigating; NAV_TEL phase=transfer status=navigating segment=nav_end x=-1.591 y=0.725 yaw=-2.943 dist=0.830 yaw_err=-1.770 cmd=(0.000,0.550) clear=0.500 footprint=transit_stowed path=0.814 planned_straight=0.830 detour=0.981
[INFO] [1787829216.742446158] [six_angels_material_sorting_client]: progress task=1 stage=return_to_end: task 1 returning to the end zone; goal=(-0.78, 0.55, 1.57); nav_status=navigating; NAV_TEL phase=transfer status=navigating segment=nav_end x=-1.590 y=0.726 yaw=-2.335 dist=0.829 yaw_err=-2.377 cmd=(0.000,0.550) clear=0.400 footprint=transit_stowed path=0.814 planned_straight=0.830 detour=0.981
[INFO] [1787829218.771685972] [six_angels_material_sorting_client]: progress task=1 stage=return_to_end: task 1 returning to the end zone; goal=(-0.78, 0.55, 1.57); nav_status=navigating; NAV_TEL phase=transfer status=navigating segment=nav_end x=-1.590 y=0.726 yaw=-1.755 dist=0.829 yaw_err=-2.958 cmd=(0.000,0.550) clear=0.400 footprint=transit_stowed path=0.814 planned_straight=0.830 detour=0.981
[INFO] [1787829219.333767909] [six_angels_material_sorting_client]: CONTROL_LOOP_HEALTH samples=400/2710 interval_p95=57.63ms interval_p99=60.83ms execution_p95=2.79ms interval_misses=7 execution_misses=9
[INFO] [1787829220.792392216] [six_angels_material_sorting_client]: progress task=1 stage=return_to_end: task 1 returning to the end zone; goal=(-0.78, 0.55, 1.57); nav_status=navigating; NAV_TEL phase=transfer status=navigating segment=nav_end x=-1.590 y=0.727 yaw=-1.135 dist=0.829 yaw_err=2.706 cmd=(0.000,0.550) clear=0.400 footprint=transit_stowed path=0.814 planned_straight=0.830 detour=0.981
[INFO] [1787829222.841601768] [six_angels_material_sorting_client]: progress task=1 stage=return_to_end: task 1 returning to the end zone; goal=(-0.78, 0.55, 1.57); nav_status=navigating; NAV_TEL phase=transfer status=navigating segment=nav_end x=-1.590 y=0.727 yaw=-0.566 dist=0.830 yaw_err=2.137 cmd=(0.000,0.550) clear=0.450 footprint=transit_stowed path=0.814 planned_straight=0.830 detour=0.981
[INFO] [1787829224.407974978] [six_angels_material_sorting_client]: CONTROL_LOOP_HEALTH samples=400/2811 interval_p95=57.82ms interval_p99=60.83ms execution_p95=3.03ms interval_misses=7 execution_misses=9
[INFO] [1787829224.842149934] [six_angels_material_sorting_client]: progress task=1 stage=return_to_end: task 1 returning to the end zone; goal=(-0.78, 0.55, 1.57); nav_status=navigating; NAV_TEL phase=transfer status=navigating segment=nav_end x=-1.481 y=0.696 yaw=-0.216 dist=0.716 yaw_err=1.787 cmd=(0.180,0.094) clear=0.500 footprint=transit_stowed path=0.814 planned_straight=0.830 detour=0.981
[INFO] [1787829226.895523072] [six_angels_material_sorting_client]: progress task=1 stage=return_to_end: task 1 returning to the end zone; goal=(-0.78, 0.55, 1.57); nav_status=navigating; NAV_TEL phase=transfer status=navigating segment=nav_end x=-1.302 y=0.663 yaw=-0.162 dist=0.534 yaw_err=1.733 cmd=(0.180,0.004) clear=0.450 footprint=transit_stowed path=0.814 planned_straight=0.830 detour=0.981
[INFO] [1787829228.942010227] [six_angels_material_sorting_client]: progress task=1 stage=return_to_end: task 1 returning to the end zone; goal=(-0.78, 0.55, 1.57); nav_status=navigating; NAV_TEL phase=transfer status=navigating segment=nav_end x=-1.103 y=0.630 yaw=-0.168 dist=0.333 yaw_err=1.738 cmd=(0.180,-0.006) clear=0.400 footprint=transit_stowed path=0.814 planned_straight=0.830 detour=0.981
[INFO] [1787829229.369749065] [six_angels_material_sorting_client]: CONTROL_LOOP_HEALTH samples=400/2911 interval_p95=57.54ms interval_p99=60.47ms execution_p95=3.08ms interval_misses=7 execution_misses=9
[INFO] [1787829230.992013079] [six_angels_material_sorting_client]: progress task=1 stage=return_to_end: task 1 returning to the end zone; goal=(-0.78, 0.55, 1.57); nav_status=final_positioning; NAV_TEL phase=transfer status=final_positioning segment=nav_end x=-0.932 y=0.601 yaw=-0.177 dist=0.161 yaw_err=1.747 cmd=(0.099,-0.252) clear=0.400 footprint=transit_stowed path=0.814 planned_straight=0.830 detour=0.981
[INFO] [1787829233.053907195] [six_angels_material_sorting_client]: progress task=1 stage=return_to_end: task 1 returning to the end zone; goal=(-0.78, 0.55, 1.57); nav_status=final_aligning; NAV_TEL phase=transfer status=final_aligning segment=nav_end x=-0.845 y=0.577 yaw=-0.318 dist=0.070 yaw_err=1.889 cmd=(0.000,0.500) clear=0.350 footprint=transit_stowed path=0.814 planned_straight=0.830 detour=0.981
[INFO] [1787829234.403348760] [six_angels_material_sorting_client]: CONTROL_LOOP_HEALTH samples=400/3012 interval_p95=57.09ms interval_p99=60.21ms execution_p95=3.08ms interval_misses=7 execution_misses=9
[INFO] [1787829235.091292982] [six_angels_material_sorting_client]: progress task=1 stage=return_to_end: task 1 returning to the end zone; goal=(-0.78, 0.55, 1.57); nav_status=final_aligning; NAV_TEL phase=transfer status=final_aligning segment=nav_end x=-0.844 y=0.576 yaw=0.223 dist=0.069 yaw_err=1.348 cmd=(0.000,0.500) clear=0.350 footprint=transit_stowed path=0.814 planned_straight=0.830 detour=0.981
[INFO] [1787829237.141609817] [six_angels_material_sorting_client]: progress task=1 stage=return_to_end: task 1 returning to the end zone; goal=(-0.78, 0.55, 1.57); nav_status=final_aligning; NAV_TEL phase=transfer status=final_aligning segment=nav_end x=-0.844 y=0.576 yaw=0.746 dist=0.069 yaw_err=0.824 cmd=(0.000,0.500) clear=0.300 footprint=transit_stowed path=0.814 planned_straight=0.830 detour=0.981
[INFO] [1787829239.191301437] [six_angels_material_sorting_client]: progress task=1 stage=return_to_end: task 1 returning to the end zone; goal=(-0.78, 0.55, 1.57); nav_status=final_aligning; NAV_TEL phase=transfer status=final_aligning segment=nav_end x=-0.844 y=0.576 yaw=1.302 dist=0.069 yaw_err=0.269 cmd=(0.000,0.500) clear=0.350 footprint=transit_stowed path=0.814 planned_straight=0.830 detour=0.981
[INFO] [1787829239.391872848] [six_angels_material_sorting_client]: CONTROL_LOOP_HEALTH samples=400/3112 interval_p95=55.00ms interval_p99=60.12ms execution_p95=2.82ms interval_misses=7 execution_misses=9
[INFO] [1787829240.291909616] [six_angels_material_sorting_client]: controller=waiting_for_referee task=1 attempt=1 stage=- score=40: task 1 local sequence completed; waiting for Server referee: task 1 returned to the end zone; local sequence complete
[INFO] [1787829240.340364316] [six_angels_material_sorting_client]: controller=starting_task task=2 attempt=1 stage=navigate_to_pick score=40: referee advanced to task 2; starting attempt 1
[INFO] [1787829240.390868193] [six_angels_material_sorting_client]: controller=executing_stage task=2 attempt=1 stage=navigate_to_pick score=40: task 2 entering navigate_to_pick
[INFO] [1787829240.468136032] [six_angels_material_sorting_client]: controller=executing_stage task=2 attempt=1 stage=navigate_to_pick score=40: task 2 attempt 1 stage=navigate_to_pick
[INFO] [1787829240.550744308] [six_angels_material_sorting_client]: scheduler candidate action=task2:navigate_to_pick:stand:center source=heuristic reason=rl_shadow_isolated:submitted costmap_v=208
[INFO] [1787829242.497350888] [six_angels_material_sorting_client]: progress task=2 stage=navigate_to_pick: task 2 navigating to the yellow shelf box; goal=(-1.50, 0.76, 3.14); nav_status=navigating; NAV_TEL phase=transfer status=navigating segment=nav_shelf x=-0.855 y=0.659 yaw=1.872 dist=0.653 yaw_err=1.270 cmd=(0.100,0.398) clear=0.400 footprint=transit_stowed path=0.850 planned_straight=0.681 detour=1.248
[INFO] [1787829244.438503130] [six_angels_material_sorting_client]: CONTROL_LOOP_HEALTH samples=400/3212 interval_p95=50.76ms interval_p99=55.29ms execution_p95=2.75ms interval_misses=7 execution_misses=9
[INFO] [1787829244.541193697] [six_angels_material_sorting_client]: progress task=2 stage=navigate_to_pick: task 2 navigating to the yellow shelf box; goal=(-1.50, 0.76, 3.14); nav_status=navigating; NAV_TEL phase=transfer status=navigating segment=nav_shelf x=-0.913 y=0.754 yaw=2.378 dist=0.587 yaw_err=0.763 cmd=(0.147,0.550) clear=0.500 footprint=transit_stowed path=0.850 planned_straight=0.681 detour=1.248
[INFO] [1787829246.541064648] [six_angels_material_sorting_client]: progress task=2 stage=navigate_to_pick: task 2 navigating to the yellow shelf box; goal=(-1.50, 0.76, 3.14); nav_status=navigating; NAV_TEL phase=transfer status=navigating segment=nav_shelf x=-1.062 y=0.827 yaw=2.971 dist=0.443 yaw_err=0.170 cmd=(0.180,0.454) clear=0.600 footprint=transit_stowed path=0.850 planned_straight=0.681 detour=1.248
[INFO] [1787829248.541366528] [six_angels_material_sorting_client]: progress task=2 stage=navigate_to_pick: task 2 navigating to the yellow shelf box; goal=(-1.50, 0.76, 3.14); nav_status=navigating; NAV_TEL phase=transfer status=navigating segment=nav_shelf x=-1.222 y=0.827 yaw=-3.028 dist=0.285 yaw_err=-0.114 cmd=(0.180,0.099) clear=0.650 footprint=transit_stowed path=0.850 planned_straight=0.681 detour=1.248
[INFO] [1787829249.441613252] [six_angels_material_sorting_client]: CONTROL_LOOP_HEALTH samples=400/3313 interval_p95=50.26ms interval_p99=54.39ms execution_p95=2.66ms interval_misses=7 execution_misses=9
[INFO] [1787829250.541233336] [six_angels_material_sorting_client]: progress task=2 stage=navigate_to_pick: task 2 navigating to the yellow shelf box; goal=(-1.50, 0.76, 3.14); nav_status=final_positioning; NAV_TEL phase=transfer status=final_positioning segment=nav_shelf x=-1.372 y=0.804 yaw=-2.910 dist=0.135 yaw_err=-0.232 cmd=(0.100,0.181) clear=0.600 footprint=transit_stowed path=0.850 planned_straight=0.681 detour=1.248
[INFO] [1787829252.541616213] [six_angels_material_sorting_client]: progress task=2 stage=navigate_to_pick: task 2 navigating to the yellow shelf box; goal=(-1.50, 0.76, 3.14); nav_status=final_aligning; NAV_TEL phase=transfer status=final_aligning segment=nav_shelf x=-1.447 y=0.781 yaw=-2.801 dist=0.056 yaw_err=-0.341 cmd=(0.000,-0.500) clear=0.550 footprint=transit_stowed path=0.850 planned_straight=0.681 detour=1.248
[INFO] [1787829254.193255293] [six_angels_material_sorting_client]: controller=executing_stage task=2 attempt=1 stage=acquire_target score=40: task 2 entering acquire_target: task 2 reached the far shelf arm-staging stand for yellow
[INFO] [1787829254.241085389] [six_angels_material_sorting_client]: controller=executing_stage task=2 attempt=1 stage=acquire_target score=40: task 2 attempt 1 stage=acquire_target
[INFO] [1787829254.290976381] [six_angels_material_sorting_client]: controller=executing_stage task=2 attempt=1 stage=align_for_pick score=40: task 2 entering align_for_pick: task 2 validated the yellow shelf layer; coarse target=(-2.669, 0.761, 1.168); full RGB-D object centre will be locked after camera settling
[INFO] [1787829254.340863513] [six_angels_material_sorting_client]: controller=executing_stage task=2 attempt=1 stage=align_for_pick score=40: task 2 attempt 1 stage=align_for_pick
[INFO] [1787829254.491312463] [six_angels_material_sorting_client]: CONTROL_LOOP_HEALTH samples=400/3414 interval_p95=50.22ms interval_p99=54.39ms execution_p95=2.53ms interval_misses=7 execution_misses=9
[INFO] [1787829256.340706016] [six_angels_material_sorting_client]: progress task=2 stage=align_for_pick: task 2 moving the retracted arms to the target shelf layer; slide_target=0.133, slide_err=0.002, left_err=0.003, right_err=0.003, cmd_err=0.000, slide_vel=0.008, max_vel=0.008
[INFO] [1787829258.340507738] [six_angels_material_sorting_client]: progress task=2 stage=align_for_pick: task 2 holding outside the shelf and collecting fresh target-centre frames; center_samples=3/7 quality=mask_cloud_cuboid rejected=0
[INFO] [1787829259.540770398] [six_angels_material_sorting_client]: CONTROL_LOOP_HEALTH samples=400/3515 interval_p95=50.22ms interval_p99=54.39ms execution_p95=2.35ms interval_misses=7 execution_misses=9
[INFO] [1787829260.341084169] [six_angels_material_sorting_client]: progress task=2 stage=align_for_pick: task 2 advancing straight toward the locked object centre; advancing straight; remaining=0.376 m
[INFO] [1787829262.390555488] [six_angels_material_sorting_client]: progress task=2 stage=align_for_pick: task 2 advancing straight toward the locked object centre; advancing straight; remaining=0.276 m
[INFO] [1787829264.440896867] [six_angels_material_sorting_client]: progress task=2 stage=align_for_pick: task 2 advancing straight toward the locked object centre; advancing straight; remaining=0.168 m
[INFO] [1787829264.540827269] [six_angels_material_sorting_client]: CONTROL_LOOP_HEALTH samples=400/3615 interval_p95=50.16ms interval_p99=50.50ms execution_p95=2.13ms interval_misses=7 execution_misses=9
[INFO] [1787829266.490669202] [six_angels_material_sorting_client]: progress task=2 stage=align_for_pick: task 2 advancing straight toward the locked object centre; advancing straight; remaining=0.094 m
[INFO] [1787829268.540667846] [six_angels_material_sorting_client]: progress task=2 stage=align_for_pick: task 2 advancing straight toward the locked object centre; advancing straight; remaining=0.050 m
[INFO] [1787829269.540878119] [six_angels_material_sorting_client]: CONTROL_LOOP_HEALTH samples=400/3715 interval_p95=50.17ms interval_p99=50.50ms execution_p95=2.00ms interval_misses=7 execution_misses=9
[INFO] [1787829270.541519840] [six_angels_material_sorting_client]: progress task=2 stage=align_for_pick: task 2 advancing straight toward the locked object centre; advancing straight; remaining=0.016 m
[INFO] [1787829272.591029399] [six_angels_material_sorting_client]: progress task=2 stage=align_for_pick: task 2 correcting final base drift before shelf pregrasp; lateral alignment rotating toward shelf-front direction; yaw_err=-1.208
[INFO] [1787829274.590544496] [six_angels_material_sorting_client]: CONTROL_LOOP_HEALTH samples=400/3816 interval_p95=50.20ms interval_p99=50.39ms execution_p95=1.56ms interval_misses=7 execution_misses=9
[INFO] [1787829274.640952797] [six_angels_material_sorting_client]: progress task=2 stage=align_for_pick: task 2 correcting final base drift before shelf pregrasp; lateral alignment rotating toward shelf-front direction; yaw_err=-0.810
[INFO] [1787829276.690612002] [six_angels_material_sorting_client]: progress task=2 stage=align_for_pick: task 2 correcting final base drift before shelf pregrasp; lateral alignment rotating toward shelf-front direction; yaw_err=-0.415
[INFO] [1787829278.740552947] [six_angels_material_sorting_client]: progress task=2 stage=align_for_pick: task 2 correcting final base drift before shelf pregrasp; lateral alignment rotating toward shelf-front direction; yaw_err=-0.088
[INFO] [1787829279.591283205] [six_angels_material_sorting_client]: CONTROL_LOOP_HEALTH samples=400/3916 interval_p95=50.20ms interval_p99=50.28ms execution_p95=1.49ms interval_misses=7 execution_misses=9
[INFO] [1787829280.740594631] [six_angels_material_sorting_client]: progress task=2 stage=align_for_pick: task 2 correcting final base drift before shelf pregrasp; lateral alignment rotating toward shelf-front direction; yaw_err=-0.016
[INFO] [1787829282.740665484] [six_angels_material_sorting_client]: progress task=2 stage=align_for_pick: task 2 correcting final base drift before shelf pregrasp; lateral alignment restoring shelf-facing yaw; yaw_err=1.399
[INFO] [1787829284.640960100] [six_angels_material_sorting_client]: CONTROL_LOOP_HEALTH samples=400/4017 interval_p95=50.20ms interval_p99=50.38ms execution_p95=1.44ms interval_misses=7 execution_misses=9
[INFO] [1787829284.790456333] [six_angels_material_sorting_client]: progress task=2 stage=align_for_pick: task 2 correcting final base drift before shelf pregrasp; lateral alignment restoring shelf-facing yaw; yaw_err=1.032
[INFO] [1787829286.791134786] [six_angels_material_sorting_client]: progress task=2 stage=align_for_pick: task 2 correcting final base drift before shelf pregrasp; lateral alignment restoring shelf-facing yaw; yaw_err=0.664
[INFO] [1787829288.840585841] [six_angels_material_sorting_client]: progress task=2 stage=align_for_pick: task 2 correcting final base drift before shelf pregrasp; lateral alignment restoring shelf-facing yaw; yaw_err=0.239
[INFO] [1787829289.691416116] [six_angels_material_sorting_client]: CONTROL_LOOP_HEALTH samples=400/4118 interval_p95=50.21ms interval_p99=50.38ms execution_p95=1.55ms interval_misses=7 execution_misses=9
[INFO] [1787829290.841397952] [six_angels_material_sorting_client]: progress task=2 stage=align_for_pick: task 2 correcting final base drift before shelf pregrasp; lateral alignment restoring shelf-facing yaw; yaw_err=0.037
[INFO] [1787829292.890823925] [six_angels_material_sorting_client]: progress task=2 stage=align_for_pick: task 2 fine-aligning arms around the shelf box; task 1 moving both open arms to pregrasp; target_base=(0.763, 0.007, 1.173); arm_tol=0.030, slide_err=0.014, left_err=0.542, right_err=0.545, cmd_err=0.439, max_vel=3.760
[INFO] [1787829294.241406361] [six_angels_material_sorting_client]: controller=executing_stage task=2 attempt=1 stage=grasp score=40: task 2 entering grasp: task 2 both open arms reached the shelf-box pregrasp pose after the safe straight approach
[INFO] [1787829294.290827096] [six_angels_material_sorting_client]: controller=executing_stage task=2 attempt=1 stage=grasp score=40: task 2 attempt 1 stage=grasp
[INFO] [1787829294.740839859] [six_angels_material_sorting_client]: CONTROL_LOOP_HEALTH samples=400/4219 interval_p95=50.20ms interval_p99=50.38ms execution_p95=1.67ms interval_misses=7 execution_misses=9
[INFO] [1787829296.290953655] [six_angels_material_sorting_client]: progress task=2 stage=grasp: task 1 settling at the compliant contact start pose; compliance=active; left[contact=False, aligned=False, angle=1.1deg, effort_delta=1.72, effort_threshold=0.35, firm=True, firm_latched=False, velocity=0.000]; right[contact=False, aligned=False, angle=1.1deg, effort_delta=1.72, effort_threshold=0.35, firm=True, firm_latched=False, velocity=0.000]; target_base=(0.763, 0.006, 1.173); arm_tol=0.240, slide_err=0.007, left_err=0.016, right_err=0.016, cmd_err=0.000, max_vel=0.002; compliance=active; left[contact=False, aligned=False, angle=1.1deg, effort_delta=1.72, effort_threshold=0.35, firm=True, firm_latched=False, velocity=0.000]; right[contact=False, aligned=False, angle=1.1deg, effort_delta=1.72, effort_threshold=0.35, firm=True, firm_latched=False, velocity=0.000]
[INFO] [1787829298.293209219] [six_angels_material_sorting_client]: progress task=2 stage=grasp: task 1 continuously applying locked-wrist preload; offset=1.3/2.6 mm; compliance=active; left[contact=True, aligned=True, angle=3.0deg, effort_delta=0.05, effort_threshold=0.35, firm=False, firm_latched=False, velocity=0.000]; right[contact=True, aligned=True, angle=3.3deg, effort_delta=0.18, effort_threshold=0.35, firm=False, firm_latched=False, velocity=0.000]
[INFO] [1787829299.741166430] [six_angels_material_sorting_client]: CONTROL_LOOP_HEALTH samples=400/4319 interval_p95=50.20ms interval_p99=50.44ms execution_p95=4.08ms interval_misses=7 execution_misses=9
[INFO] [1787829300.191941169] [six_angels_material_sorting_client]: controller=executing_stage task=2 attempt=1 stage=lift score=40: task 2 entering lift: task 1 bilateral compliant grasp settled with locked wrists and 2.6 mm bounded preload; compliance=active; left[contact=True, aligned=True, angle=3.0deg, effort_delta=0.01, effort_threshold=0.35, firm=False, firm_latched=False, velocity=0.000]; right[contact=True, aligned=True, angle=3.3deg, effort_delta=0.13, effort_threshold=0.35, firm=False, firm_latched=False, velocity=0.000]
[INFO] [1787829300.241178913] [six_angels_material_sorting_client]: controller=executing_stage task=2 attempt=1 stage=lift score=40: task 2 attempt 1 stage=lift
[INFO] [1787829302.241314320] [six_angels_material_sorting_client]: progress task=2 stage=lift: task 1 raising the spine while preserving arm preload; lift=0.080m, slide_target=0.049, slide_err=0.016, left_err=0.017, right_err=0.017, cmd_err=0.000, max_vel=0.021
[INFO] [1787829303.441946495] [six_angels_material_sorting_client]: controller=executing_stage task=2 attempt=1 stage=transport score=40: task 2 entering transport: task 1 lifted the held box 0.080 m; holding before transport
[INFO] [1787829303.702514615] [six_angels_material_sorting_client]: controller=executing_stage task=2 attempt=1 stage=transport score=40: task 2 attempt 1 stage=transport
[INFO] [1787829304.804313677] [six_angels_material_sorting_client]: CONTROL_LOOP_HEALTH samples=400/4416 interval_p95=50.25ms interval_p99=54.90ms execution_p95=4.09ms interval_misses=8 execution_misses=10
[INFO] [1787829305.601720729] [six_angels_material_sorting_client]: progress task=2 stage=transport: task 2 holding the shelf box and retreating straight; remaining=0.509 m
[INFO] [1787829307.601984978] [six_angels_material_sorting_client]: progress task=2 stage=transport: task 2 holding the shelf box and retreating straight; remaining=0.388 m
[INFO] [1787829309.597288051] [six_angels_material_sorting_client]: progress task=2 stage=transport: task 2 holding the shelf box and retreating straight; remaining=0.272 m
[INFO] [1787829309.844041077] [six_angels_material_sorting_client]: CONTROL_LOOP_HEALTH samples=400/4516 interval_p95=55.12ms interval_p99=59.94ms execution_p95=4.16ms interval_misses=9 execution_misses=13
[INFO] [1787829311.722244320] [six_angels_material_sorting_client]: progress task=2 stage=transport: task 2 holding the shelf box and retreating straight; remaining=0.140 m
[INFO] [1787829313.708525016] [six_angels_material_sorting_client]: progress task=2 stage=transport: task 2 holding the shelf box and retreating straight; remaining=0.072 m
[INFO] [1787829315.024102806] [six_angels_material_sorting_client]: CONTROL_LOOP_HEALTH samples=400/4616 interval_p95=57.42ms interval_p99=60.35ms execution_p95=4.21ms interval_misses=10 execution_misses=15
[INFO] [1787829315.690958570] [six_angels_material_sorting_client]: progress task=2 stage=transport: task 2 holding the shelf box and retreating straight; remaining=0.030 m
[INFO] [1787829317.867748425] [six_angels_material_sorting_client]: progress task=2 stage=transport: task 2 raising the held box to maximum transport height; slide_target=-0.040, slide_err=0.040, left_err=0.017, right_err=0.017, cmd_err=0.010, slide_vel=0.137, max_vel=0.137
[INFO] [1787829319.791408959] [six_angels_material_sorting_client]: progress task=2 stage=transport: task 2 preserving the shelf grasp while reversing toward table column x=-0.181; retreating straight; remaining=1.087 m; minimum carried-envelope clearance=0.280 m (carried_box to shelf)
[INFO] [1787829319.842018854] [six_angels_material_sorting_client]: CONTROL_LOOP_HEALTH samples=400/4713 interval_p95=59.48ms interval_p99=105.97ms execution_p95=2.32ms interval_misses=12 execution_misses=16
[INFO] [1787829321.945856506] [six_angels_material_sorting_client]: progress task=2 stage=transport: task 2 preserving the shelf grasp while reversing toward table column x=-0.181; retreating straight; remaining=0.961 m; minimum carried-envelope clearance=0.406 m (carried_box to shelf)
[INFO] [1787829323.846342313] [six_angels_material_sorting_client]: progress task=2 stage=transport: task 2 preserving the shelf grasp while reversing toward table column x=-0.181; retreating straight; remaining=0.836 m; minimum carried-envelope clearance=0.456 m (left_shoulder to south_wall)
[INFO] [1787829324.927104157] [six_angels_material_sorting_client]: CONTROL_LOOP_HEALTH samples=400/4811 interval_p95=60.04ms interval_p99=105.97ms execution_p95=2.70ms interval_misses=13 execution_misses=18
[INFO] [1787829325.841250932] [six_angels_material_sorting_client]: progress task=2 stage=transport: task 2 preserving the shelf grasp while reversing toward table column x=-0.181; retreating straight; remaining=0.706 m; minimum carried-envelope clearance=0.456 m (left_shoulder to south_wall)
[INFO] [1787829328.003550288] [six_angels_material_sorting_client]: progress task=2 stage=transport: task 2 preserving the shelf grasp while reversing toward table column x=-0.181; retreating straight; remaining=0.581 m; minimum carried-envelope clearance=0.456 m (left_shoulder to south_wall)
[INFO] [1787829329.862865198] [six_angels_material_sorting_client]: CONTROL_LOOP_HEALTH samples=400/4910 interval_p95=60.11ms interval_p99=115.76ms execution_p95=2.83ms interval_misses=15 execution_misses=19
[INFO] [1787829329.892213792] [six_angels_material_sorting_client]: progress task=2 stage=transport: task 2 preserving the shelf grasp while reversing toward table column x=-0.181; retreating straight; remaining=0.451 m; minimum carried-envelope clearance=0.456 m (left_shoulder to south_wall)
[INFO] [1787829331.891699513] [six_angels_material_sorting_client]: progress task=2 stage=transport: task 2 preserving the shelf grasp while reversing toward table column x=-0.181; retreating straight; remaining=0.321 m; minimum carried-envelope clearance=0.456 m (left_shoulder to south_wall)
[INFO] [1787829333.992800012] [six_angels_material_sorting_client]: progress task=2 stage=transport: task 2 preserving the shelf grasp while reversing toward table column x=-0.181; retreating straight; remaining=0.196 m; minimum carried-envelope clearance=0.456 m (left_shoulder to south_wall)
[INFO] [1787829334.900412377] [six_angels_material_sorting_client]: CONTROL_LOOP_HEALTH samples=400/5010 interval_p95=60.11ms interval_p99=104.93ms execution_p95=2.88ms interval_misses=16 execution_misses=20
[INFO] [1787829336.006440322] [six_angels_material_sorting_client]: progress task=2 stage=transport: task 2 preserving the shelf grasp while reversing toward table column x=-0.181; retreating straight; remaining=0.089 m; minimum carried-envelope clearance=0.443 m (base to east_wall)
[INFO] [1787829338.053995748] [six_angels_material_sorting_client]: progress task=2 stage=transport: task 2 preserving the shelf grasp while reversing toward table column x=-0.181; retreating straight; remaining=0.038 m; minimum carried-envelope clearance=0.407 m (base to east_wall)
[INFO] [1787829339.997879681] [six_angels_material_sorting_client]: CONTROL_LOOP_HEALTH samples=400/5108 interval_p95=60.02ms interval_p99=104.93ms execution_p95=7.36ms interval_misses=18 execution_misses=22
[INFO] [1787829340.007657129] [six_angels_material_sorting_client]: progress task=2 stage=transport: task 2 preserving the shelf grasp while turning north; goal=(-0.20, 0.79, 1.57); nav_status=final_aligning; NAV_TEL phase=transfer status=final_aligning segment=nav_table x=-0.190 y=0.786 yaw=3.011 dist=0.005 yaw_err=-1.440 cmd=(0.000,-0.500) clear=0.300 footprint=transit_carry path=0.000 planned_straight=0.000 detour=1.000; minimum carried-envelope clearance=0.378 m (right_shoulder to east_wall)
[INFO] [1787829342.077796718] [six_angels_material_sorting_client]: progress task=2 stage=transport: task 2 preserving the shelf grasp while turning north; goal=(-0.20, 0.79, 1.57); nav_status=final_aligning; NAV_TEL phase=transfer status=final_aligning segment=nav_table x=-0.190 y=0.786 yaw=2.403 dist=0.005 yaw_err=-0.832 cmd=(0.000,-0.500) clear=0.200 footprint=transit_carry path=0.000 planned_straight=0.000 detour=1.000; minimum carried-envelope clearance=0.245 m (right_shoulder to east_wall)
[INFO] [1787829344.096826483] [six_angels_material_sorting_client]: progress task=2 stage=transport: task 2 preserving the shelf grasp while turning north; goal=(-0.20, 0.79, 1.57); nav_status=final_aligning; NAV_TEL phase=transfer status=final_aligning segment=nav_table x=-0.189 y=0.785 yaw=1.856 dist=0.006 yaw_err=-0.286 cmd=(0.000,-0.500) clear=0.250 footprint=transit_carry path=0.000 planned_straight=0.000 detour=1.000; minimum carried-envelope clearance=0.182 m (right_shoulder to east_wall)
[INFO] [1787829344.947289784] [six_angels_material_sorting_client]: CONTROL_LOOP_HEALTH samples=400/5208 interval_p95=59.38ms interval_p99=104.93ms execution_p95=13.10ms interval_misses=19 execution_misses=22
[INFO] [1787829346.176952029] [six_angels_material_sorting_client]: progress task=2 stage=transport: task 2 carrying the unchanged shelf grasp north toward table entry y=1.186; advancing straight; remaining=0.367 m; minimum carried-envelope clearance=0.193 m (right_shoulder to east_wall)
[INFO] [1787829348.123475860] [six_angels_material_sorting_client]: progress task=2 stage=transport: task 2 carrying the unchanged shelf grasp north toward table entry y=1.186; advancing straight; remaining=0.271 m; minimum carried-envelope clearance=0.193 m (right_shoulder to east_wall)
[INFO] [1787829348.991987834] [six_angels_material_sorting_client]: scheduler candidate action=task2:transport:stand:left source=heuristic reason=rl_shadow_isolated:submitted costmap_v=266
[INFO] [1787829350.008867911] [six_angels_material_sorting_client]: CONTROL_LOOP_HEALTH samples=400/5309 interval_p95=59.34ms interval_p99=84.05ms execution_p95=13.18ms interval_misses=20 execution_misses=23
[INFO] [1787829350.116704043] [six_angels_material_sorting_client]: progress task=2 stage=transport: task 2 carrying the unchanged shelf grasp north toward table entry y=1.186; advancing straight; remaining=0.178 m; minimum carried-envelope clearance=0.193 m (right_shoulder to east_wall)
[INFO] [1787829350.142738296] [six_angels_material_sorting_client]: scheduler candidate action=task2:transport:stand:center source=heuristic reason=rl_shadow_isolated:inference_result_stale costmap_v=270
[INFO] [1787829352.142242906] [six_angels_material_sorting_client]: progress task=2 stage=transport: task 2 carrying the unchanged shelf grasp north toward table entry y=1.186; advancing straight; remaining=0.101 m; minimum carried-envelope clearance=0.193 m (right_shoulder to east_wall)
[INFO] [1787829354.153929421] [six_angels_material_sorting_client]: progress task=2 stage=transport: task 2 carrying the unchanged shelf grasp north toward table entry y=1.186; advancing straight; remaining=0.060 m; minimum carried-envelope clearance=0.193 m (right_shoulder to east_wall)
[INFO] [1787829355.003733690] [six_angels_material_sorting_client]: CONTROL_LOOP_HEALTH samples=400/5409 interval_p95=58.94ms interval_p99=61.63ms execution_p95=13.25ms interval_misses=20 execution_misses=23
[INFO] [1787829356.186530424] [six_angels_material_sorting_client]: progress task=2 stage=transport: task 2 carrying the unchanged shelf grasp north toward table entry y=1.186; advancing straight; remaining=0.029 m; minimum carried-envelope clearance=0.193 m (right_shoulder to east_wall)
[INFO] [1787829357.043554479] [six_angels_material_sorting_client]: controller=executing_stage task=2 attempt=1 stage=align_for_place score=80: task 2 entering align_for_place: task 2 reached the table entry through envelope-checked reverse, turn and forward segments without changing the grasp
[INFO] [1787829357.091465352] [six_angels_material_sorting_client]: controller=executing_stage task=2 attempt=1 stage=align_for_place score=80: task 2 attempt 1 stage=align_for_place
[INFO] [1787829359.091150920] [six_angels_material_sorting_client]: progress task=2 stage=align_for_place: task 2 moving box to table clearance height; slide_target=0.413, slide_err=0.348, left_err=0.017, right_err=0.017, cmd_err=0.333, slide_vel=0.040, max_vel=0.040
[INFO] [1787829360.040986816] [six_angels_material_sorting_client]: CONTROL_LOOP_HEALTH samples=400/5510 interval_p95=57.19ms interval_p99=60.55ms execution_p95=13.10ms interval_misses=20 execution_misses=23
[INFO] [1787829361.091265139] [six_angels_material_sorting_client]: progress task=2 stage=align_for_place: task 2 moving box to table clearance height; slide_target=0.413, slide_err=0.231, left_err=0.017, right_err=0.017, cmd_err=0.213, slide_vel=0.074, max_vel=0.074
[INFO] [1787829363.140693685] [six_angels_material_sorting_client]: progress task=2 stage=align_for_place: task 2 moving box to table clearance height; slide_target=0.413, slide_err=0.108, left_err=0.017, right_err=0.017, cmd_err=0.090, slide_vel=0.138, max_vel=0.138
[INFO] [1787829365.090909827] [six_angels_material_sorting_client]: CONTROL_LOOP_HEALTH samples=400/5611 interval_p95=55.17ms interval_p99=60.14ms execution_p95=2.90ms interval_misses=20 execution_misses=23
[INFO] [1787829365.190775023] [six_angels_material_sorting_client]: progress task=2 stage=align_for_place: task 2 moving box to table clearance height; slide_target=0.413, slide_err=0.004, left_err=0.017, right_err=0.017, cmd_err=0.000, slide_vel=0.021, max_vel=0.021
[INFO] [1787829367.191613325] [six_angels_material_sorting_client]: progress task=2 stage=align_for_place: task 2 advancing straight from table entry to the exact saved origin; advancing straight; remaining=0.238 m; minimum carried-envelope clearance=0.193 m (right_shoulder to east_wall)
[INFO] [1787829369.241695173] [six_angels_material_sorting_client]: progress task=2 stage=align_for_place: task 2 advancing straight from table entry to the exact saved origin; advancing straight; remaining=0.134 m; minimum carried-envelope clearance=0.193 m (right_shoulder to east_wall)
[INFO] [1787829370.091650182] [six_angels_material_sorting_client]: CONTROL_LOOP_HEALTH samples=400/5711 interval_p95=50.99ms interval_p99=56.21ms execution_p95=2.82ms interval_misses=20 execution_misses=23
[INFO] [1787829371.291363121] [six_angels_material_sorting_client]: progress task=2 stage=align_for_place: task 2 advancing straight from table entry to the exact saved origin; advancing straight; remaining=0.066 m; minimum carried-envelope clearance=0.193 m (right_shoulder to east_wall)
[INFO] [1787829373.291780373] [six_angels_material_sorting_client]: progress task=2 stage=align_for_place: task 2 advancing straight from table entry to the exact saved origin; advancing straight; remaining=0.025 m; minimum carried-envelope clearance=0.193 m (right_shoulder to east_wall)
[INFO] [1787829373.792359256] [six_angels_material_sorting_client]: controller=executing_stage task=2 attempt=1 stage=place score=80: task 2 entering place: task 2 aligned held box over task 1's original table coordinate
[INFO] [1787829373.840778829] [six_angels_material_sorting_client]: controller=executing_stage task=2 attempt=1 stage=place score=80: task 2 attempt 1 stage=place
[INFO] [1787829375.141086422] [six_angels_material_sorting_client]: CONTROL_LOOP_HEALTH samples=400/5812 interval_p95=50.23ms interval_p99=51.33ms execution_p95=2.73ms interval_misses=20 execution_misses=23
[INFO] [1787829375.841063549] [six_angels_material_sorting_client]: progress task=2 stage=place: task 2 lowering box compliantly onto original table point; slide_target=0.456, slide_err=0.000, left_err=0.017, right_err=0.017, cmd_err=0.000, slide_vel=0.012, max_vel=0.012; compliant_place_phase=fast_approach, remaining_mm=12.0, step_mm=2.0, completion=None; placement_effort=active, slide_ratio=0.00, left_wrist_ratio=0.00, right_wrist_ratio=0.00, left_arm_max=0.00, right_arm_max=0.00, candidate=False, confirmed=False
[INFO] [1787829377.890788705] [six_angels_material_sorting_client]: progress task=2 stage=place: task 2 lowering box compliantly onto original table point; slide_target=0.460, slide_err=0.004, left_err=0.017, right_err=0.017, cmd_err=0.000, slide_vel=0.004, max_vel=0.004; compliant_place_phase=fine_descent, remaining_mm=8.0, step_mm=2.0, completion=None; placement_effort=active, slide_ratio=198.35, left_wrist_ratio=0.34, right_wrist_ratio=0.48, left_arm_max=3.93, right_arm_max=5.15, candidate=False, confirmed=False
[INFO] [1787829379.691628972] [six_angels_material_sorting_client]: controller=executing_stage task=2 attempt=1 stage=verify_place score=80: task 2 entering verify_place: task 2 opened both arms and released at task 1's original point
[INFO] [1787829379.741063647] [six_angels_material_sorting_client]: controller=executing_stage task=2 attempt=1 stage=verify_place score=80: task 2 attempt 1 stage=verify_place
[INFO] [1787829380.190888544] [six_angels_material_sorting_client]: CONTROL_LOOP_HEALTH samples=400/5913 interval_p95=50.21ms interval_p99=50.80ms execution_p95=2.51ms interval_misses=20 execution_misses=23
[INFO] [1787829380.791139061] [six_angels_material_sorting_client]: controller=executing_stage task=2 attempt=1 stage=return_to_end score=80: task 2 entering return_to_end: task 2 table placement settled; handing result to referee
[INFO] [1787829380.908949962] [six_angels_material_sorting_client]: controller=executing_stage task=2 attempt=1 stage=return_to_end score=80: task 2 attempt 1 stage=return_to_end
[INFO] [1787829380.912421871] [six_angels_material_sorting_client]: scheduler candidate action=task2:return_to_end:stand:right source=heuristic reason=rl_shadow_isolated:submitted costmap_v=296
[INFO] [1787829382.891048240] [six_angels_material_sorting_client]: progress task=2 stage=return_to_end: task 2 retreating straight; remaining=0.217 m after table release
[INFO] [1787829384.890701377] [six_angels_material_sorting_client]: progress task=2 stage=return_to_end: task 2 retreating straight; remaining=0.092 m after table release
[INFO] [1787829385.190986823] [six_angels_material_sorting_client]: CONTROL_LOOP_HEALTH samples=400/6013 interval_p95=50.54ms interval_p99=58.69ms execution_p95=2.54ms interval_misses=20 execution_misses=24
[INFO] [1787829386.952489413] [six_angels_material_sorting_client]: progress task=2 stage=return_to_end: task 2 retreating straight; remaining=0.036 m after table release
[INFO] [1787829388.946370196] [six_angels_material_sorting_client]: progress task=2 stage=return_to_end: task 2 retracting arms after table retreat; transport retract; slide_err=0.002, left_err=0.225, right_err=0.221, cmd_err=0.185, max_vel=6.226
[INFO] [1787829390.191943277] [six_angels_material_sorting_client]: CONTROL_LOOP_HEALTH samples=400/6113 interval_p95=55.14ms interval_p99=58.69ms execution_p95=2.47ms interval_misses=20 execution_misses=24
[INFO] [1787829390.991685719] [six_angels_material_sorting_client]: progress task=2 stage=return_to_end: task 2 returning to the end zone; goal=(-0.62, 0.55, 1.57); nav_status=navigating; NAV_TEL phase=transfer status=navigating segment=nav_end x=-0.193 y=1.084 yaw=1.833 dist=0.684 yaw_err=-0.262 cmd=(0.000,0.550) clear=0.300 footprint=transit_stowed path=0.673 planned_straight=0.684 detour=0.984
[INFO] [1787829393.041313934] [six_angels_material_sorting_client]: progress task=2 stage=return_to_end: task 2 returning to the end zone; goal=(-0.62, 0.55, 1.57); nav_status=navigating; NAV_TEL phase=transfer status=navigating segment=nav_end x=-0.193 y=1.083 yaw=2.527 dist=0.683 yaw_err=-0.956 cmd=(0.000,0.550) clear=0.250 footprint=transit_stowed path=0.673 planned_straight=0.684 detour=0.984
[INFO] [1787829395.042940691] [six_angels_material_sorting_client]: progress task=2 stage=return_to_end: task 2 returning to the end zone; goal=(-0.62, 0.55, 1.57); nav_status=navigating; NAV_TEL phase=transfer status=navigating segment=nav_end x=-0.192 y=1.083 yaw=-3.084 dist=0.684 yaw_err=-1.628 cmd=(0.000,0.550) clear=0.300 footprint=transit_stowed path=0.673 planned_straight=0.684 detour=0.984
[INFO] [1787829395.191931022] [six_angels_material_sorting_client]: CONTROL_LOOP_HEALTH samples=400/6213 interval_p95=56.18ms interval_p99=59.71ms execution_p95=2.54ms interval_misses=20 execution_misses=24
[INFO] [1787829397.047253715] [six_angels_material_sorting_client]: progress task=2 stage=return_to_end: task 2 returning to the end zone; goal=(-0.62, 0.55, 1.57); nav_status=navigating; NAV_TEL phase=transfer status=navigating segment=nav_end x=-0.198 y=1.078 yaw=-2.446 dist=0.676 yaw_err=-2.266 cmd=(0.180,0.272) clear=0.250 footprint=transit_stowed path=0.673 planned_straight=0.684 detour=0.984
[INFO] [1787829399.091375008] [six_angels_material_sorting_client]: progress task=2 stage=return_to_end: task 2 returning to the end zone; goal=(-0.62, 0.55, 1.57); nav_status=navigating; NAV_TEL phase=transfer status=navigating segment=nav_end x=-0.348 y=0.916 yaw=-2.266 dist=0.456 yaw_err=-2.447 cmd=(0.180,0.007) clear=0.400 footprint=transit_stowed path=0.673 planned_straight=0.684 detour=0.984
[INFO] [1787829400.241705355] [six_angels_material_sorting_client]: CONTROL_LOOP_HEALTH samples=400/6314 interval_p95=56.18ms interval_p99=59.71ms execution_p95=2.67ms interval_misses=20 execution_misses=24
[INFO] [1787829401.091175933] [six_angels_material_sorting_client]: progress task=2 stage=return_to_end: task 2 returning to the end zone; goal=(-0.62, 0.55, 1.57); nav_status=navigating; NAV_TEL phase=transfer status=navigating segment=nav_end x=-0.491 y=0.745 yaw=-2.271 dist=0.234 yaw_err=-2.442 cmd=(0.179,-0.004) clear=0.400 footprint=transit_stowed path=0.673 planned_straight=0.684 detour=0.984
[INFO] [1787829403.141291723] [six_angels_material_sorting_client]: progress task=2 stage=return_to_end: task 2 returning to the end zone; goal=(-0.62, 0.55, 1.57); nav_status=final_positioning; NAV_TEL phase=transfer status=final_positioning segment=nav_end x=-0.583 y=0.625 yaw=-2.084 dist=0.084 yaw_err=-2.628 cmd=(0.067,0.107) clear=0.300 footprint=transit_stowed path=0.673 planned_straight=0.684 detour=0.984
[INFO] [1787829405.202456854] [six_angels_material_sorting_client]: progress task=2 stage=return_to_end: task 2 returning to the end zone; goal=(-0.62, 0.55, 1.57); nav_status=final_aligning; NAV_TEL phase=transfer status=final_aligning segment=nav_end x=-0.589 y=0.614 yaw=-2.644 dist=0.071 yaw_err=-2.069 cmd=(0.000,-0.500) clear=0.350 footprint=transit_stowed path=0.673 planned_straight=0.684 detour=0.984
[INFO] [1787829405.291253851] [six_angels_material_sorting_client]: CONTROL_LOOP_HEALTH samples=400/6415 interval_p95=55.26ms interval_p99=57.91ms execution_p95=2.72ms interval_misses=20 execution_misses=24
[INFO] [1787829407.192477136] [six_angels_material_sorting_client]: progress task=2 stage=return_to_end: task 2 returning to the end zone; goal=(-0.62, 0.55, 1.57); nav_status=final_aligning; NAV_TEL phase=transfer status=final_aligning segment=nav_end x=-0.588 y=0.614 yaw=2.985 dist=0.071 yaw_err=-1.414 cmd=(0.000,-0.500) clear=0.400 footprint=transit_stowed path=0.673 planned_straight=0.684 detour=0.984
[INFO] [1787829409.241516436] [six_angels_material_sorting_client]: progress task=2 stage=return_to_end: task 2 returning to the end zone; goal=(-0.62, 0.55, 1.57); nav_status=final_aligning; NAV_TEL phase=transfer status=final_aligning segment=nav_end x=-0.588 y=0.614 yaw=2.353 dist=0.071 yaw_err=-0.782 cmd=(0.000,-0.500) clear=0.350 footprint=transit_stowed path=0.673 planned_straight=0.684 detour=0.984
[INFO] [1787829410.291313580] [six_angels_material_sorting_client]: CONTROL_LOOP_HEALTH samples=400/6515 interval_p95=54.05ms interval_p99=57.91ms execution_p95=2.72ms interval_misses=20 execution_misses=24
[INFO] [1787829411.241420497] [six_angels_material_sorting_client]: progress task=2 stage=return_to_end: task 2 returning to the end zone; goal=(-0.62, 0.55, 1.57); nav_status=final_aligning; NAV_TEL phase=transfer status=final_aligning segment=nav_end x=-0.588 y=0.613 yaw=1.745 dist=0.071 yaw_err=-0.174 cmd=(0.000,-0.348) clear=0.400 footprint=transit_stowed path=0.673 planned_straight=0.684 detour=0.984
[INFO] [1787829411.791788629] [six_angels_material_sorting_client]: controller=waiting_for_referee task=2 attempt=1 stage=- score=100: task 2 local sequence completed; waiting for Server referee: task 2 returned to the end zone; local sequence complete
[INFO] [1787829411.840729709] [six_angels_material_sorting_client]: controller=starting_task task=3 attempt=1 stage=navigate_to_pick score=100: referee advanced to task 3; starting attempt 1
[INFO] [1787829411.889905910] [six_angels_material_sorting_client]: task detection epoch retains brown RGB-D history
[INFO] [1787829411.892025916] [six_angels_material_sorting_client]: controller=executing_stage task=3 attempt=1 stage=navigate_to_pick score=100: task 3 entering navigate_to_pick
[INFO] [1787829411.985466984] [six_angels_material_sorting_client]: controller=executing_stage task=3 attempt=1 stage=navigate_to_pick score=100: task 3 attempt 1 stage=navigate_to_pick
[INFO] [1787829412.159695167] [six_angels_material_sorting_client]: scheduler candidate action=task3:navigate_to_pick:stand:left source=heuristic reason=rl_shadow_isolated:inference_result_stale costmap_v=375
[INFO] [1787829414.011500942] [six_angels_material_sorting_client]: progress task=3 stage=navigate_to_pick: task 3 navigating to top-box brown pick stand; nav_status=navigating
[INFO] [1787829415.294387073] [six_angels_material_sorting_client]: CONTROL_LOOP_HEALTH samples=400/6614 interval_p95=53.88ms interval_p99=55.09ms execution_p95=3.09ms interval_misses=22 execution_misses=26
[INFO] [1787829416.055021408] [six_angels_material_sorting_client]: progress task=3 stage=navigate_to_pick: task 3 navigating to top-box brown pick stand; nav_status=navigating
[INFO] [1787829418.311910818] [six_angels_material_sorting_client]: progress task=3 stage=navigate_to_pick: task 3 navigating to top-box brown pick stand; nav_status=navigating
[INFO] [1787829420.213807481] [six_angels_material_sorting_client]: progress task=3 stage=navigate_to_pick: task 3 navigating to top-box brown pick stand; nav_status=final_positioning
[INFO] [1787829420.554410550] [six_angels_material_sorting_client]: CONTROL_LOOP_HEALTH samples=400/6707 interval_p95=55.08ms interval_p99=60.84ms execution_p95=3.56ms interval_misses=24 execution_misses=29
[INFO] [1787829421.391790708] [six_angels_material_sorting_client]: controller=executing_stage task=3 attempt=1 stage=acquire_target score=100: task 3 entering acquire_target: task 3 reached the detected brown top-box pick stand; NAV_GOAL_REACHED segment=nav_table
[INFO] [1787829421.441728150] [six_angels_material_sorting_client]: controller=executing_stage task=3 attempt=1 stage=acquire_target score=100: task 3 attempt 1 stage=acquire_target
[INFO] [1787829421.741591430] [six_angels_material_sorting_client]: controller=executing_stage task=3 attempt=1 stage=align_for_pick score=100: task 3 entering align_for_pick: task 3 reused the stable top-box center collected during navigation: center=(-0.527, 2.256, 1.009), orientation=yaw90
[INFO] [1787829421.791081281] [six_angels_material_sorting_client]: controller=executing_stage task=3 attempt=1 stage=align_for_pick score=100: task 3 attempt 1 stage=align_for_pick
[INFO] [1787829423.790763237] [six_angels_material_sorting_client]: progress task=3 stage=align_for_pick: task 1 moving both open arms to pregrasp; target_base=(0.715, 0.019, 1.009); arm_tol=0.030, slide_err=0.000, left_err=0.002, right_err=0.002, cmd_err=0.000, max_vel=0.013
[INFO] [1787829424.541210112] [six_angels_material_sorting_client]: controller=executing_stage task=3 attempt=1 stage=grasp score=100: task 3 entering grasp: task 1 both open arms reached the non-contact pregrasp pose
[INFO] [1787829424.590984012] [six_angels_material_sorting_client]: controller=executing_stage task=3 attempt=1 stage=grasp score=100: task 3 attempt 1 stage=grasp
[INFO] [1787829425.341378035] [six_angels_material_sorting_client]: CONTROL_LOOP_HEALTH samples=400/6804 interval_p95=55.14ms interval_p99=76.20ms execution_p95=3.73ms interval_misses=25 execution_misses=29
[INFO] [1787829426.591371729] [six_angels_material_sorting_client]: progress task=3 stage=grasp: task 1 starting continuous compliant inward motion; compliance=active; left[contact=False, aligned=False, angle=0.2deg, effort_delta=1.68, effort_threshold=0.35, firm=True, firm_latched=False, velocity=0.001]; right[contact=False, aligned=False, angle=0.1deg, effort_delta=1.65, effort_threshold=0.35, firm=True, firm_latched=False, velocity=0.001]
[INFO] [1787829428.644238614] [six_angels_material_sorting_client]: progress task=3 stage=grasp: task 1 continuously applying locked-wrist preload; offset=1.7/2.7 mm; compliance=active; left[contact=True, aligned=True, angle=1.8deg, effort_delta=0.11, effort_threshold=0.35, firm=False, firm_latched=False, velocity=0.001]; right[contact=True, aligned=True, angle=2.2deg, effort_delta=0.15, effort_threshold=0.35, firm=False, firm_latched=False, velocity=0.002]
[INFO] [1787829430.242502831] [six_angels_material_sorting_client]: controller=executing_stage task=3 attempt=1 stage=lift score=100: task 3 entering lift: task 1 bilateral compliant grasp settled with locked wrists and 2.7 mm bounded preload; compliance=active; left[contact=True, aligned=True, angle=1.8deg, effort_delta=0.08, effort_threshold=0.35, firm=False, firm_latched=False, velocity=0.000]; right[contact=True, aligned=True, angle=2.2deg, effort_delta=0.14, effort_threshold=0.35, firm=False, firm_latched=False, velocity=0.001]
[INFO] [1787829430.291022418] [six_angels_material_sorting_client]: controller=executing_stage task=3 attempt=1 stage=lift score=100: task 3 attempt 1 stage=lift
[INFO] [1787829430.342903114] [six_angels_material_sorting_client]: CONTROL_LOOP_HEALTH samples=400/6904 interval_p95=55.14ms interval_p99=76.20ms execution_p95=5.03ms interval_misses=25 execution_misses=29
[INFO] [1787829432.340826690] [six_angels_material_sorting_client]: progress task=3 stage=lift: task 3 raising the spine while preserving arm preload; bounded_contact=False; lift=0.150m, slide_target=0.142, slide_err=0.057, left_err=0.016, right_err=0.016, cmd_err=0.027, max_vel=0.062
[INFO] [1787829434.191465954] [six_angels_material_sorting_client]: controller=executing_stage task=3 attempt=1 stage=transport score=100: task 3 entering transport: task 3 accepted the completed 0.15 m lift with bounded held-box contact motion; lift=0.150m, slide_target=0.142, slide_err=0.009, left_err=0.016, right_err=0.016, cmd_err=0.000, max_vel=0.006
[INFO] [1787829434.312512330] [six_angels_material_sorting_client]: controller=executing_stage task=3 attempt=1 stage=transport score=100: task 3 attempt 1 stage=transport
[INFO] [1787829434.317342362] [six_angels_material_sorting_client]: scheduler candidate action=task3:transport:stand:right source=heuristic reason=rl_shadow_isolated:submitted costmap_v=393
[INFO] [1787829435.414880185] [six_angels_material_sorting_client]: CONTROL_LOOP_HEALTH samples=400/7005 interval_p95=55.18ms interval_p99=60.84ms execution_p95=4.92ms interval_misses=25 execution_misses=30
[INFO] [1787829436.257997013] [six_angels_material_sorting_client]: progress task=3 stage=transport: task 3 holding the top-box and retreating from table; retreating straight; remaining=0.225 m
[INFO] [1787829438.290596284] [six_angels_material_sorting_client]: progress task=3 stage=transport: task 3 holding the top-box and retreating from table; retreating straight; remaining=0.100 m
[INFO] [1787829440.290476653] [six_angels_material_sorting_client]: progress task=3 stage=transport: task 3 holding the top-box and retreating from table; retreating straight; remaining=0.040 m
[INFO] [1787829440.443443500] [six_angels_material_sorting_client]: CONTROL_LOOP_HEALTH samples=400/7106 interval_p95=53.38ms interval_p99=56.30ms execution_p95=4.50ms interval_misses=25 execution_misses=30
[INFO] [1787829442.344870754] [six_angels_material_sorting_client]: progress task=3 stage=transport: task 3 turning counter-clockwise toward the shelf before translation; yaw_error=1.442
[INFO] [1787829444.344573206] [six_angels_material_sorting_client]: progress task=3 stage=transport: task 3 turning counter-clockwise toward the shelf before translation; yaw_error=1.004
[INFO] [1787829445.533124732] [six_angels_material_sorting_client]: CONTROL_LOOP_HEALTH samples=400/7207 interval_p95=51.27ms interval_p99=56.18ms execution_p95=4.57ms interval_misses=25 execution_misses=30
[INFO] [1787829446.390298608] [six_angels_material_sorting_client]: progress task=3 stage=transport: task 3 turning counter-clockwise toward the shelf before translation; yaw_error=0.548
[INFO] [1787829448.440626234] [six_angels_material_sorting_client]: progress task=3 stage=transport: task 3 turning counter-clockwise toward the shelf before translation; yaw_error=0.133
[INFO] [1787829450.440812812] [six_angels_material_sorting_client]: progress task=3 stage=transport: task 1 advancing shelfward with the safe west-facing heading; advancing straight; remaining=0.406 m
[INFO] [1787829450.490817541] [six_angels_material_sorting_client]: CONTROL_LOOP_HEALTH samples=400/7307 interval_p95=51.40ms interval_p99=56.30ms execution_p95=1.77ms interval_misses=25 execution_misses=30
[INFO] [1787829452.491120721] [six_angels_material_sorting_client]: progress task=3 stage=transport: task 1 advancing shelfward with the safe west-facing heading; advancing straight; remaining=0.283 m
[INFO] [1787829454.542718325] [six_angels_material_sorting_client]: progress task=3 stage=transport: task 1 advancing shelfward with the safe west-facing heading; advancing straight; remaining=0.159 m
[INFO] [1787829455.490859149] [six_angels_material_sorting_client]: CONTROL_LOOP_HEALTH samples=400/7407 interval_p95=51.63ms interval_p99=56.18ms execution_p95=1.56ms interval_misses=25 execution_misses=30
[INFO] [1787829456.540472442] [six_angels_material_sorting_client]: progress task=3 stage=transport: task 1 advancing shelfward with the safe west-facing heading; advancing straight; remaining=0.076 m
[INFO] [1787829458.541012589] [six_angels_material_sorting_client]: progress task=3 stage=transport: task 1 advancing shelfward with the safe west-facing heading; advancing straight; remaining=0.031 m
[INFO] [1787829460.540838456] [six_angels_material_sorting_client]: CONTROL_LOOP_HEALTH samples=400/7508 interval_p95=50.96ms interval_p99=54.09ms execution_p95=1.56ms interval_misses=25 execution_misses=30
[INFO] [1787829460.590543463] [six_angels_material_sorting_client]: progress task=3 stage=transport: task 3 moving laterally at the safe shelf-front clearance; lateral alignment rotating toward shelf-front direction; yaw_err=1.386
[INFO] [1787829462.643080557] [six_angels_material_sorting_client]: progress task=3 stage=transport: task 3 moving laterally at the safe shelf-front clearance; lateral alignment rotating toward shelf-front direction; yaw_err=0.926
[INFO] [1787829464.640734512] [six_angels_material_sorting_client]: progress task=3 stage=transport: task 3 moving laterally at the safe shelf-front clearance; lateral alignment rotating toward shelf-front direction; yaw_err=0.465
[INFO] [1787829465.541184297] [six_angels_material_sorting_client]: CONTROL_LOOP_HEALTH samples=400/7608 interval_p95=50.50ms interval_p99=54.09ms execution_p95=1.55ms interval_misses=25 execution_misses=30
[INFO] [1787829466.690615083] [six_angels_material_sorting_client]: progress task=3 stage=transport: task 3 moving laterally at the safe shelf-front clearance; lateral alignment rotating toward shelf-front direction; yaw_err=0.073
[INFO] [1787829468.740550296] [six_angels_material_sorting_client]: progress task=3 stage=transport: task 3 moving laterally at the safe shelf-front clearance; lateral alignment driving along shelf front; y_err=-0.315, x_err=-0.009
[INFO] [1787829470.618565964] [six_angels_material_sorting_client]: CONTROL_LOOP_HEALTH samples=400/7709 interval_p95=50.29ms interval_p99=52.65ms execution_p95=1.56ms interval_misses=25 execution_misses=30
[INFO] [1787829470.740568224] [six_angels_material_sorting_client]: progress task=3 stage=transport: task 3 moving laterally at the safe shelf-front clearance; lateral alignment driving along shelf front; y_err=-0.205, x_err=-0.008
[INFO] [1787829472.790527110] [six_angels_material_sorting_client]: progress task=3 stage=transport: task 3 moving laterally at the safe shelf-front clearance; lateral alignment driving along shelf front; y_err=-0.101, x_err=-0.007
[INFO] [1787829474.790564203] [six_angels_material_sorting_client]: progress task=3 stage=transport: task 3 moving laterally at the safe shelf-front clearance; lateral alignment driving along shelf front; y_err=-0.047, x_err=-0.007
[INFO] [1787829475.640570542] [six_angels_material_sorting_client]: CONTROL_LOOP_HEALTH samples=400/7810 interval_p95=50.21ms interval_p99=50.58ms execution_p95=1.48ms interval_misses=25 execution_misses=30
[INFO] [1787829476.840557504] [six_angels_material_sorting_client]: progress task=3 stage=transport: task 3 moving laterally at the safe shelf-front clearance; lateral alignment restoring shelf-facing yaw; yaw_err=-1.490
[INFO] [1787829478.907429939] [six_angels_material_sorting_client]: progress task=3 stage=transport: task 3 moving laterally at the safe shelf-front clearance; lateral alignment restoring shelf-facing yaw; yaw_err=-1.053
[INFO] [1787829480.641279398] [six_angels_material_sorting_client]: CONTROL_LOOP_HEALTH samples=400/7910 interval_p95=50.21ms interval_p99=50.69ms execution_p95=1.49ms interval_misses=25 execution_misses=30
[INFO] [1787829480.940584012] [six_angels_material_sorting_client]: progress task=3 stage=transport: task 3 moving laterally at the safe shelf-front clearance; lateral alignment restoring shelf-facing yaw; yaw_err=-0.575
[INFO] [1787829482.940669954] [six_angels_material_sorting_client]: progress task=3 stage=transport: task 3 moving laterally at the safe shelf-front clearance; lateral alignment restoring shelf-facing yaw; yaw_err=-0.139
[INFO] [1787829483.691099669] [six_angels_material_sorting_client]: controller=executing_stage task=3 attempt=1 stage=align_for_place score=140: task 3 entering align_for_place: task 1 reached the safe shelf pre-place stand with the carried center still 0.75 m in front of the shelf
[INFO] [1787829483.740923275] [six_angels_material_sorting_client]: controller=executing_stage task=3 attempt=1 stage=align_for_place score=140: task 3 attempt 1 stage=align_for_place
[INFO] [1787829485.641259575] [six_angels_material_sorting_client]: CONTROL_LOOP_HEALTH samples=400/8010 interval_p95=50.23ms interval_p99=50.70ms execution_p95=1.52ms interval_misses=25 execution_misses=30
[INFO] [1787829485.791407312] [six_angels_material_sorting_client]: progress task=3 stage=align_for_place: task 1 moving held top-box to task-3 shelf clearance height; slide_target=0.684, slide_err=0.436, left_err=0.016, right_err=0.016, cmd_err=0.418, slide_vel=0.037, max_vel=0.037
[INFO] [1787829487.841916112] [six_angels_material_sorting_client]: progress task=3 stage=align_for_place: task 1 moving held top-box to task-3 shelf clearance height; slide_target=0.684, slide_err=0.314, left_err=0.016, right_err=0.016, cmd_err=0.295, slide_vel=0.066, max_vel=0.066
[INFO] [1787829489.890872690] [six_angels_material_sorting_client]: progress task=3 stage=align_for_place: task 1 moving held top-box to task-3 shelf clearance height; slide_target=0.684, slide_err=0.193, left_err=0.016, right_err=0.016, cmd_err=0.172, slide_vel=0.141, max_vel=0.141
[INFO] [1787829490.690995081] [six_angels_material_sorting_client]: CONTROL_LOOP_HEALTH samples=400/8111 interval_p95=50.23ms interval_p99=50.72ms execution_p95=1.73ms interval_misses=25 execution_misses=30
[INFO] [1787829491.940908543] [six_angels_material_sorting_client]: progress task=3 stage=align_for_place: task 1 moving held top-box to task-3 shelf clearance height; slide_target=0.684, slide_err=0.066, left_err=0.016, right_err=0.016, cmd_err=0.049, slide_vel=0.100, max_vel=0.100
[INFO] [1787829493.990719658] [six_angels_material_sorting_client]: progress task=3 stage=align_for_place: task 1 moving held top-box to task-3 shelf clearance height; slide_target=0.684, slide_err=0.002, left_err=0.016, right_err=0.016, cmd_err=0.000, slide_vel=0.008, max_vel=0.008
[INFO] [1787829495.691571226] [six_angels_material_sorting_client]: CONTROL_LOOP_HEALTH samples=400/8211 interval_p95=50.23ms interval_p99=50.72ms execution_p95=1.73ms interval_misses=25 execution_misses=30
[INFO] [1787829495.991758384] [six_angels_material_sorting_client]: progress task=3 stage=align_for_place: task 3 aligning outside shelf for packaging-box left placement; lateral alignment rotating toward shelf-front direction; yaw_err=1.209
[INFO] [1787829498.040568611] [six_angels_material_sorting_client]: progress task=3 stage=align_for_place: task 3 aligning outside shelf for packaging-box left placement; lateral alignment rotating toward shelf-front direction; yaw_err=0.771
[INFO] [1787829500.040730259] [six_angels_material_sorting_client]: progress task=3 stage=align_for_place: task 3 aligning outside shelf for packaging-box left placement; lateral alignment rotating toward shelf-front direction; yaw_err=0.329
[INFO] [1787829500.741013537] [six_angels_material_sorting_client]: CONTROL_LOOP_HEALTH samples=400/8312 interval_p95=50.23ms interval_p99=50.65ms execution_p95=2.01ms interval_misses=25 execution_misses=30
[INFO] [1787829502.090207263] [six_angels_material_sorting_client]: progress task=3 stage=align_for_place: task 3 aligning outside shelf for packaging-box left placement; lateral alignment driving along shelf front; y_err=-0.239, x_err=-0.007
[INFO] [1787829504.140278430] [six_angels_material_sorting_client]: progress task=3 stage=align_for_place: task 3 aligning outside shelf for packaging-box left placement; lateral alignment driving along shelf front; y_err=-0.132, x_err=-0.005
[INFO] [1787829505.790810503] [six_angels_material_sorting_client]: CONTROL_LOOP_HEALTH samples=400/8413 interval_p95=50.22ms interval_p99=50.62ms execution_p95=1.88ms interval_misses=25 execution_misses=30
[INFO] [1787829506.140645297] [six_angels_material_sorting_client]: progress task=3 stage=align_for_place: task 3 aligning outside shelf for packaging-box left placement; lateral alignment driving along shelf front; y_err=-0.066, x_err=-0.004
[INFO] [1787829508.140887077] [six_angels_material_sorting_client]: progress task=3 stage=align_for_place: task 3 aligning outside shelf for packaging-box left placement; lateral alignment driving along shelf front; y_err=-0.023, x_err=-0.004
[INFO] [1787829510.190680331] [six_angels_material_sorting_client]: progress task=3 stage=align_for_place: task 3 aligning outside shelf for packaging-box left placement; lateral alignment restoring shelf-facing yaw; yaw_err=-1.266
[INFO] [1787829510.791621292] [six_angels_material_sorting_client]: CONTROL_LOOP_HEALTH samples=400/8513 interval_p95=50.22ms interval_p99=50.47ms execution_p95=1.81ms interval_misses=25 execution_misses=30
[INFO] [1787829512.240616849] [six_angels_material_sorting_client]: progress task=3 stage=align_for_place: task 3 aligning outside shelf for packaging-box left placement; lateral alignment restoring shelf-facing yaw; yaw_err=-0.817
[INFO] [1787829514.240945958] [six_angels_material_sorting_client]: progress task=3 stage=align_for_place: task 3 aligning outside shelf for packaging-box left placement; lateral alignment restoring shelf-facing yaw; yaw_err=-0.362
[INFO] [1787829515.840939437] [six_angels_material_sorting_client]: CONTROL_LOOP_HEALTH samples=400/8614 interval_p95=50.23ms interval_p99=50.47ms execution_p95=1.76ms interval_misses=25 execution_misses=30
[INFO] [1787829516.290814271] [six_angels_material_sorting_client]: progress task=3 stage=align_for_place: task 1 advancing to the shallow task-3 insertion stand; advancing straight; remaining=0.635 m
[INFO] [1787829518.340706657] [six_angels_material_sorting_client]: progress task=3 stage=align_for_place: task 1 advancing to the shallow task-3 insertion stand; advancing straight; remaining=0.520 m
[INFO] [1787829520.390228634] [six_angels_material_sorting_client]: progress task=3 stage=align_for_place: task 1 advancing to the shallow task-3 insertion stand; advancing straight; remaining=0.402 m
[INFO] [1787829520.890595968] [six_angels_material_sorting_client]: CONTROL_LOOP_HEALTH samples=400/8715 interval_p95=50.22ms interval_p99=50.42ms execution_p95=1.52ms interval_misses=25 execution_misses=30
[INFO] [1787829522.390559524] [six_angels_material_sorting_client]: progress task=3 stage=align_for_place: task 1 advancing to the shallow task-3 insertion stand; advancing straight; remaining=0.285 m
[INFO] [1787829524.440603047] [six_angels_material_sorting_client]: progress task=3 stage=align_for_place: task 1 advancing to the shallow task-3 insertion stand; advancing straight; remaining=0.165 m
[INFO] [1787829525.940546984] [six_angels_material_sorting_client]: CONTROL_LOOP_HEALTH samples=400/8816 interval_p95=50.22ms interval_p99=50.47ms execution_p95=1.52ms interval_misses=25 execution_misses=30
[INFO] [1787829526.440551372] [six_angels_material_sorting_client]: progress task=3 stage=align_for_place: task 1 advancing to the shallow task-3 insertion stand; advancing straight; remaining=0.081 m
[INFO] [1787829528.440570430] [six_angels_material_sorting_client]: progress task=3 stage=align_for_place: task 1 advancing to the shallow task-3 insertion stand; advancing straight; remaining=0.036 m
[INFO] [1787829530.490571482] [six_angels_material_sorting_client]: progress task=3 stage=align_for_place: task 3 advancing the base an additional 0.15 m before release; advancing straight; remaining=0.110 m
[INFO] [1787829530.941065586] [six_angels_material_sorting_client]: CONTROL_LOOP_HEALTH samples=400/8916 interval_p95=50.23ms interval_p99=50.47ms execution_p95=1.53ms interval_misses=25 execution_misses=30
[INFO] [1787829532.540474297] [six_angels_material_sorting_client]: progress task=3 stage=align_for_place: task 3 advancing the base an additional 0.15 m before release; advancing straight; remaining=0.052 m
[INFO] [1787829534.540494474] [six_angels_material_sorting_client]: progress task=3 stage=align_for_place: task 3 advancing the base an additional 0.15 m before release; advancing straight; remaining=0.018 m
[INFO] [1787829535.941234805] [six_angels_material_sorting_client]: CONTROL_LOOP_HEALTH samples=400/9016 interval_p95=50.22ms interval_p99=50.86ms execution_p95=1.42ms interval_misses=25 execution_misses=30
[INFO] [1787829536.392432666] [six_angels_material_sorting_client]: controller=executing_stage task=3 attempt=1 stage=place score=140: task 3 entering place: task 3 reached the direct base-release position without arm insertion; extra advance=0.15 m
[INFO] [1787829536.440790243] [six_angels_material_sorting_client]: controller=executing_stage task=3 attempt=1 stage=place score=140: task 3 attempt 1 stage=place
[INFO] [1787829538.441526078] [six_angels_material_sorting_client]: progress task=3 stage=place: task 1 lowering task-3 box compliantly onto the shelf board; slide_target=0.792, slide_err=0.033, left_err=0.016, right_err=0.016, cmd_err=0.015, slide_vel=0.040, max_vel=0.040; compliant_place_phase=fast_approach, remaining_mm=27.0, step_mm=2.0, completion=None; placement_effort=active, slide_ratio=0.00, left_wrist_ratio=0.00, right_wrist_ratio=0.00, left_arm_max=0.00, right_arm_max=0.00, candidate=False, confirmed=False
[INFO] [1787829540.490865074] [six_angels_material_sorting_client]: progress task=3 stage=place: task 1 lowering task-3 box compliantly onto the shelf board; slide_target=0.794, slide_err=0.002, left_err=0.016, right_err=0.017, cmd_err=0.000, slide_vel=0.007, max_vel=0.007; compliant_place_phase=fine_descent, remaining_mm=10.0, step_mm=2.0, completion=None; placement_effort=active, slide_ratio=0.00, left_wrist_ratio=0.00, right_wrist_ratio=0.00, left_arm_max=0.00, right_arm_max=0.00, candidate=False, confirmed=False
[INFO] [1787829540.991110191] [six_angels_material_sorting_client]: CONTROL_LOOP_HEALTH samples=400/9117 interval_p95=50.22ms interval_p99=51.05ms execution_p95=1.71ms interval_misses=25 execution_misses=30
[INFO] [1787829542.490760214] [six_angels_material_sorting_client]: progress task=3 stage=place: task 3 spreading both arms locally to release; target_base=(0.715, 0.016, 0.506); arm_tol=0.030, slide_err=0.007, left_err=0.036, right_err=0.037, cmd_err=0.032, max_vel=0.111
[INFO] [1787829544.191360927] [six_angels_material_sorting_client]: controller=executing_stage task=3 attempt=1 stage=verify_place score=140: task 3 entering verify_place: task 3 released the box from the achieved insertion pose without world-frame IK recomputation
[INFO] [1787829544.240855147] [six_angels_material_sorting_client]: controller=executing_stage task=3 attempt=1 stage=verify_place score=140: task 3 attempt 1 stage=verify_place
[INFO] [1787829545.241145352] [six_angels_material_sorting_client]: controller=executing_stage task=3 attempt=1 stage=return_to_end score=140: task 3 entering return_to_end: task 1 shelf placement settled; handing result to referee
[INFO] [1787829545.384557546] [six_angels_material_sorting_client]: controller=executing_stage task=3 attempt=1 stage=return_to_end score=140: task 3 attempt 1 stage=return_to_end
[INFO] [1787829545.389287028] [six_angels_material_sorting_client]: scheduler candidate action=task3:return_to_end:stand:left source=heuristic reason=rl_shadow_isolated:submitted costmap_v=464
[INFO] [1787829546.041321005] [six_angels_material_sorting_client]: CONTROL_LOOP_HEALTH samples=400/9218 interval_p95=50.23ms interval_p99=51.26ms execution_p95=1.92ms interval_misses=26 execution_misses=31
[INFO] [1787829547.340319094] [six_angels_material_sorting_client]: progress task=3 stage=return_to_end: task 3 retreating the base 0.40 m after release; retreating straight; remaining=0.280 m
[INFO] [1787829549.340722292] [six_angels_material_sorting_client]: progress task=3 stage=return_to_end: task 3 retreating the base 0.40 m after release; retreating straight; remaining=0.143 m
[INFO] [1787829551.090833695] [six_angels_material_sorting_client]: CONTROL_LOOP_HEALTH samples=400/9319 interval_p95=54.91ms interval_p99=60.86ms execution_p95=1.92ms interval_misses=26 execution_misses=31
[INFO] [1787829551.390284612] [six_angels_material_sorting_client]: progress task=3 stage=return_to_end: task 3 retreating the base 0.40 m after release; retreating straight; remaining=0.060 m
[INFO] [1787829553.391684089] [six_angels_material_sorting_client]: progress task=3 stage=return_to_end: task 3 compacting open arms to half-width 0.065 m; target_base=(0.715, 0.016, 0.506); arm_tol=0.030, slide_err=0.007, left_err=0.206, right_err=0.213, cmd_err=0.185, max_vel=0.116
[INFO] [1787829555.440679273] [six_angels_material_sorting_client]: progress task=3 stage=return_to_end: task 3 pushing the released box farther into the shelf by 0.38 m; advancing straight; remaining=0.373 m
[INFO] [1787829556.149538465] [six_angels_material_sorting_client]: CONTROL_LOOP_HEALTH samples=400/9419 interval_p95=56.61ms interval_p99=61.15ms execution_p95=2.06ms interval_misses=26 execution_misses=31
[INFO] [1787829557.440795664] [six_angels_material_sorting_client]: progress task=3 stage=return_to_end: task 3 pushing the released box farther into the shelf by 0.38 m; advancing straight; remaining=0.257 m
[INFO] [1787829559.550383060] [six_angels_material_sorting_client]: progress task=3 stage=return_to_end: task 3 pushing the released box farther into the shelf by 0.38 m; advancing straight; remaining=0.143 m
[INFO] [1787829561.140495403] [six_angels_material_sorting_client]: CONTROL_LOOP_HEALTH samples=400/9520 interval_p95=58.12ms interval_p99=61.28ms execution_p95=1.92ms interval_misses=26 execution_misses=32
[INFO] [1787829561.575808878] [six_angels_material_sorting_client]: progress task=3 stage=return_to_end: task 3 pushing the released box farther into the shelf by 0.38 m; advancing straight; remaining=0.075 m
[INFO] [1787829563.590723014] [six_angels_material_sorting_client]: progress task=3 stage=return_to_end: task 3 pushing the released box farther into the shelf by 0.38 m; advancing straight; remaining=0.036 m
[INFO] [1787829565.690347204] [six_angels_material_sorting_client]: progress task=3 stage=return_to_end: task 3 retreating after the post-release push; retreating straight; remaining=0.412 m
[INFO] [1787829566.162986485] [six_angels_material_sorting_client]: CONTROL_LOOP_HEALTH samples=400/9620 interval_p95=58.43ms interval_p99=61.28ms execution_p95=1.62ms interval_misses=26 execution_misses=32
[INFO] [1787829567.673457302] [six_angels_material_sorting_client]: progress task=3 stage=return_to_end: task 3 retreating after the post-release push; retreating straight; remaining=0.268 m
[INFO] [1787829569.690532414] [six_angels_material_sorting_client]: progress task=3 stage=return_to_end: task 3 retreating after the post-release push; retreating straight; remaining=0.126 m
[INFO] [1787829571.242678712] [six_angels_material_sorting_client]: CONTROL_LOOP_HEALTH samples=400/9721 interval_p95=58.00ms interval_p99=61.21ms execution_p95=1.62ms interval_misses=26 execution_misses=32
[INFO] [1787829571.740601757] [six_angels_material_sorting_client]: progress task=3 stage=return_to_end: task 3 retreating after the post-release push; retreating straight; remaining=0.053 m
[INFO] [1787829573.790696214] [six_angels_material_sorting_client]: progress task=3 stage=return_to_end: task 3 retracting both arms after the post-release push; transport retract; slide_err=0.414, left_err=1.112, right_err=1.115, cmd_err=0.994, max_vel=1.780
[INFO] [1787829575.791361328] [six_angels_material_sorting_client]: progress task=3 stage=return_to_end: task 3 raising the retracted arms to maximum transport height; slide_target=-0.040, slide_err=0.142, left_err=0.003, right_err=0.003, cmd_err=0.119, slide_vel=0.028, max_vel=0.028
[INFO] [1787829576.201469053] [six_angels_material_sorting_client]: CONTROL_LOOP_HEALTH samples=400/9821 interval_p95=56.75ms interval_p99=60.93ms execution_p95=1.74ms interval_misses=26 execution_misses=32
[INFO] [1787829577.887878501] [six_angels_material_sorting_client]: progress task=3 stage=return_to_end: task 3 raising the retracted arms to maximum transport height; slide_target=-0.040, slide_err=0.024, left_err=0.002, right_err=0.002, cmd_err=0.000, slide_vel=0.046, max_vel=0.046
[INFO] [1787829579.841446571] [six_angels_material_sorting_client]: progress task=3 stage=return_to_end: task 1 returning to the end zone; goal=(-0.78, 0.55, 1.57); nav_status=navigating; NAV_TEL phase=transfer status=navigating segment=nav_end x=-1.276 y=0.555 yaw=3.044 dist=0.496 yaw_err=-1.474 cmd=(0.000,-0.550) clear=0.350 footprint=transit_stowed path=0.500 planned_straight=0.496 detour=1.007
[INFO] [1787829581.241789568] [six_angels_material_sorting_client]: CONTROL_LOOP_HEALTH samples=400/9922 interval_p95=56.32ms interval_p99=60.16ms execution_p95=2.25ms interval_misses=26 execution_misses=32
[INFO] [1787829581.945568968] [six_angels_material_sorting_client]: progress task=3 stage=return_to_end: task 1 returning to the end zone; goal=(-0.78, 0.55, 1.57); nav_status=navigating; NAV_TEL phase=transfer status=navigating segment=nav_end x=-1.276 y=0.555 yaw=2.320 dist=0.496 yaw_err=-0.750 cmd=(0.000,-0.550) clear=0.300 footprint=transit_stowed path=0.500 planned_straight=0.496 detour=1.007
[INFO] [1787829583.896901511] [six_angels_material_sorting_client]: progress task=3 stage=return_to_end: task 1 returning to the end zone; goal=(-0.78, 0.55, 1.57); nav_status=navigating; NAV_TEL phase=transfer status=navigating segment=nav_end x=-1.275 y=0.554 yaw=1.662 dist=0.495 yaw_err=-0.091 cmd=(0.000,-0.550) clear=0.350 footprint=transit_stowed path=0.500 planned_straight=0.496 detour=1.007
[INFO] [1787829585.950102166] [six_angels_material_sorting_client]: progress task=3 stage=return_to_end: task 1 returning to the end zone; goal=(-0.78, 0.55, 1.57); nav_status=navigating; NAV_TEL phase=transfer status=navigating segment=nav_end x=-1.275 y=0.553 yaw=0.955 dist=0.495 yaw_err=0.616 cmd=(0.000,-0.550) clear=0.300 footprint=transit_stowed path=0.500 planned_straight=0.496 detour=1.007
[INFO] [1787829586.242049659] [six_angels_material_sorting_client]: CONTROL_LOOP_HEALTH samples=400/10022 interval_p95=55.81ms interval_p99=58.63ms execution_p95=2.46ms interval_misses=26 execution_misses=33
[INFO] [1787829587.991629968] [six_angels_material_sorting_client]: progress task=3 stage=return_to_end: task 1 returning to the end zone; goal=(-0.78, 0.55, 1.57); nav_status=navigating; NAV_TEL phase=transfer status=navigating segment=nav_end x=-1.272 y=0.554 yaw=0.266 dist=0.492 yaw_err=1.305 cmd=(0.180,-0.314) clear=0.350 footprint=transit_stowed path=0.500 planned_straight=0.496 detour=1.007
[INFO] [1787829589.991624016] [six_angels_material_sorting_client]: progress task=3 stage=return_to_end: task 1 returning to the end zone; goal=(-0.78, 0.55, 1.57); nav_status=navigating; NAV_TEL phase=transfer status=navigating segment=nav_end x=-1.064 y=0.576 yaw=0.029 dist=0.285 yaw_err=1.542 cmd=(0.180,-0.043) clear=0.400 footprint=transit_stowed path=0.500 planned_straight=0.496 detour=1.007
[INFO] [1787829591.291533937] [six_angels_material_sorting_client]: CONTROL_LOOP_HEALTH samples=400/10123 interval_p95=54.73ms interval_p99=57.50ms execution_p95=2.57ms interval_misses=26 execution_misses=33
[INFO] [1787829591.991997149] [six_angels_material_sorting_client]: progress task=3 stage=return_to_end: task 1 returning to the end zone; goal=(-0.78, 0.55, 1.57); nav_status=final_positioning; NAV_TEL phase=transfer status=final_positioning segment=nav_end x=-0.886 y=0.575 yaw=-0.140 dist=0.108 yaw_err=1.711 cmd=(0.086,-0.182) clear=0.350 footprint=transit_stowed path=0.500 planned_straight=0.496 detour=1.007
[INFO] [1787829594.050806522] [six_angels_material_sorting_client]: progress task=3 stage=return_to_end: task 1 returning to the end zone; goal=(-0.78, 0.55, 1.57); nav_status=final_aligning; NAV_TEL phase=transfer status=final_aligning segment=nav_end x=-0.847 y=0.568 yaw=0.168 dist=0.069 yaw_err=1.403 cmd=(0.000,0.500) clear=0.350 footprint=transit_stowed path=0.500 planned_straight=0.496 detour=1.007
[INFO] [1787829596.041662201] [six_angels_material_sorting_client]: progress task=3 stage=return_to_end: task 1 returning to the end zone; goal=(-0.78, 0.55, 1.57); nav_status=final_aligning; NAV_TEL phase=transfer status=final_aligning segment=nav_end x=-0.847 y=0.568 yaw=0.809 dist=0.069 yaw_err=0.762 cmd=(0.000,0.500) clear=0.300 footprint=transit_stowed path=0.500 planned_straight=0.496 detour=1.007
[INFO] [1787829596.291993132] [six_angels_material_sorting_client]: CONTROL_LOOP_HEALTH samples=400/10223 interval_p95=53.98ms interval_p99=56.55ms execution_p95=2.63ms interval_misses=26 execution_misses=33
[INFO] [1787829598.042576127] [six_angels_material_sorting_client]: progress task=3 stage=return_to_end: task 1 returning to the end zone; goal=(-0.78, 0.55, 1.57); nav_status=final_aligning; NAV_TEL phase=transfer status=final_aligning segment=nav_end x=-0.847 y=0.567 yaw=1.448 dist=0.070 yaw_err=0.123 cmd=(0.000,0.245) clear=0.350 footprint=transit_stowed path=0.500 planned_straight=0.496 detour=1.007
[INFO] [1787829598.353625468] [six_angels_material_sorting_client]: controller=finished task=3 attempt=1 stage=- score=160: referee terminal cleanup completed
