checking Client module consistency...
/workspace/baseline/examples/material_sorting/shelf/state_tracker.py:127: UserWarning: layout.scene.shelf_opening_yaw missing; fallback DEFAULT_SHELF_OPENING_YAW=0.0
  self.geometry = geometry or load_shelf_geometry()
/workspace/baseline/examples/material_sorting/perception/shelf_empty_confirm.py:90: UserWarning: layout.scene.shelf_opening_yaw missing; fallback DEFAULT_SHELF_OPENING_YAW=0.0
  self.geometry = geometry or load_shelf_geometry()
/usr/local/lib/python3.10/dist-packages/matplotlib/projections/__init__.py:63: UserWarning: Unable to import Axes3D. This may be due to multiple versions of Matplotlib being installed (e.g. as a system package and as a pip package). As a result, the 3D projection is not available.
  warnings.warn("Unable to import Axes3D. This may be due to multiple versions of "
[INFO] [1787827953.378895916] [six_angels_material_sorting_client]: scheduler RL overlay enabled; policy_mode=rl_shadow
[INFO] [1787827953.394541457] [six_angels_material_sorting_client]: client started; waiting for instruction, odometry and joint states; execution_mode=task123_full; scheduler=v2
[INFO] [1787827953.395559528] [six_angels_material_sorting_client]: scheduler_policy=rl_shadow; event_log=/workspace/artifacts/scheduler_v2_multiseed_20260913.jsonl; measured_carry_guard=False
[INFO] [1787827953.396216478] [six_angels_material_sorting_client]: runtime_health=odom_max_age=0.750s, joint_max_age=0.750s, stale_grace=2.000s, control_period=0.050s
[WARN] [1787827953.396881168] [six_angels_material_sorting_client]: scheduler v2 is active: task plans and command/resource guards are enforced
[INFO] [1787827953.397548519] [six_angels_material_sorting_client]: semantic audit disabled
[WARN] [1787827953.398252399] [six_angels_material_sorting_client]: task123_full enables integrated task-1/task-2 execution and task-3 top-box pick, measured packaging-box left placement, and safe return; task transitions remain referee-driven
[INFO] [1787827953.445538431] [six_angels_material_sorting_client]: waiting for: instructions
[INFO] [1787827953.780682315] [six_angels_material_sorting_client]: instructions accepted: T1=yellow->shelf_point, T2=pink->table_point, T3=brown->shelf_prop_side
[INFO] [1787827955.405947353] [material_box_detect]: material_box_detect up; backend=yolo; checkpoint=/workspace/baseline/examples/material_sorting/perception/checkpoints/best.pt; conf=0.65; center_compensation_scale=0.70; detection_log_period=0.0s
[INFO] [1787827957.644939403] [six_angels_material_sorting_client]: client inputs ready; starting three-task competition controller
[INFO] [1787827957.650144516] [six_angels_material_sorting_client]: controller=starting_task task=1 attempt=1 stage=navigate_to_pick score=0: starting task 1 attempt 1
[INFO] [1787827957.695952207] [six_angels_material_sorting_client]: controller=executing_stage task=1 attempt=1 stage=navigate_to_pick score=0: task 1 entering navigate_to_pick
[INFO] [1787827957.799156296] [six_angels_material_sorting_client]: controller=executing_stage task=1 attempt=1 stage=navigate_to_pick score=0: task 1 attempt 1 stage=navigate_to_pick
[INFO] [1787827958.038744577] [six_angels_material_sorting_client]: scheduler candidate action=task1:navigate_to_pick:stand:right source=heuristic reason=rl_shadow_isolated:submitted costmap_v=1
[INFO] [1787827958.479109852] [six_angels_material_sorting_client]: CONTROL_LOOP_HEALTH samples=100/100 interval_p95=53.98ms interval_p99=126.52ms execution_p95=2.38ms interval_misses=1 execution_misses=2
[INFO] [1787827959.830553869] [six_angels_material_sorting_client]: progress task=1 stage=navigate_to_pick: task 1 navigating to pick stand (-0.92, 1.55); nav_status=navigating; NAV_TEL phase=task1_pick status=navigating segment=nav_table x=-0.700 y=0.550 yaw=2.117 dist=1.024 yaw_err=-0.546 cmd=(0.000,0.650) clear=0.250 footprint=transit_stowed path=1.250 planned_straight=1.024 detour=1.221
[INFO] [1787827961.796935729] [six_angels_material_sorting_client]: progress task=1 stage=navigate_to_pick: task 1 navigating to pick stand (-0.92, 1.55); nav_status=navigating; NAV_TEL phase=task1_pick status=navigating segment=nav_table x=-0.788 y=0.618 yaw=2.487 dist=0.942 yaw_err=-0.916 cmd=(0.169,-0.165) clear=0.350 footprint=transit_stowed path=1.250 planned_straight=1.024 detour=1.221
[INFO] [1787827963.496896862] [six_angels_material_sorting_client]: CONTROL_LOOP_HEALTH samples=201/201 interval_p95=56.10ms interval_p99=58.90ms execution_p95=2.70ms interval_misses=2 execution_misses=3
[INFO] [1787827963.930493444] [six_angels_material_sorting_client]: progress task=1 stage=navigate_to_pick: task 1 navigating to pick stand (-0.92, 1.55); nav_status=navigating; NAV_TEL phase=task1_pick status=navigating segment=nav_table x=-0.908 y=0.751 yaw=2.032 dist=0.799 yaw_err=-0.462 cmd=(0.200,-0.516) clear=0.500 footprint=transit_stowed path=1.250 planned_straight=1.024 detour=1.221
[INFO] [1787827965.871005100] [six_angels_material_sorting_client]: progress task=1 stage=navigate_to_pick: task 1 navigating to pick stand (-0.92, 1.55); nav_status=navigating; NAV_TEL phase=task1_pick status=navigating segment=nav_table x=-0.951 y=0.947 yaw=1.616 dist=0.604 yaw_err=-0.046 cmd=(0.200,-0.122) clear=0.750 footprint=transit_stowed path=1.250 planned_straight=1.024 detour=1.221
[INFO] [1787827967.846490202] [six_angels_material_sorting_client]: progress task=1 stage=navigate_to_pick: task 1 navigating to pick stand (-0.92, 1.55); nav_status=navigating; NAV_TEL phase=task1_pick status=navigating segment=nav_table x=-0.951 y=1.157 yaw=1.542 dist=0.394 yaw_err=0.029 cmd=(0.200,-0.015) clear=0.550 footprint=transit_stowed path=1.250 planned_straight=1.024 detour=1.221
[INFO] [1787827968.507377998] [six_angels_material_sorting_client]: CONTROL_LOOP_HEALTH samples=300/300 interval_p95=57.27ms interval_p99=81.12ms execution_p95=2.70ms interval_misses=3 execution_misses=5
[INFO] [1787827969.899888867] [six_angels_material_sorting_client]: progress task=1 stage=navigate_to_pick: task 1 navigating to pick stand (-0.92, 1.55); nav_status=navigating; NAV_TEL phase=task1_pick status=navigating segment=nav_table x=-0.944 y=1.350 yaw=1.533 dist=0.201 yaw_err=0.038 cmd=(0.180,-0.002) clear=0.350 footprint=transit_stowed path=1.250 planned_straight=1.024 detour=1.221
[INFO] [1787827971.946138530] [six_angels_material_sorting_client]: progress task=1 stage=navigate_to_pick: task 1 navigating to pick stand (-0.92, 1.55); nav_status=final_positioning; NAV_TEL phase=task1_pick status=final_positioning segment=nav_table x=-0.936 y=1.464 yaw=1.426 dist=0.088 yaw_err=0.145 cmd=(0.070,-0.074) clear=0.200 footprint=transit_stowed path=1.250 planned_straight=1.024 detour=1.221
[INFO] [1787827973.497393449] [six_angels_material_sorting_client]: controller=executing_stage task=1 attempt=1 stage=acquire_target score=0: task 1 entering acquire_target: task 1 reached the detected table-side pick stand; stopping before arm motion; NAV_GOAL_REACHED segment=nav_table
[INFO] [1787827973.498676330] [six_angels_material_sorting_client]: CONTROL_LOOP_HEALTH samples=400/400 interval_p95=56.45ms interval_p99=69.85ms execution_p95=2.63ms interval_misses=3 execution_misses=5
[INFO] [1787827973.546402242] [six_angels_material_sorting_client]: controller=executing_stage task=1 attempt=1 stage=acquire_target score=0: task 1 attempt 1 stage=acquire_target
[INFO] [1787827973.596167426] [six_angels_material_sorting_client]: controller=executing_stage task=1 attempt=1 stage=align_for_pick score=0: task 1 entering align_for_pick: task 1 target locked for open pregrasp at (-0.991, 2.2, 0.834); orientation=yaw0; source=rgbd_cuboid
[INFO] [1787827973.646129470] [six_angels_material_sorting_client]: controller=executing_stage task=1 attempt=1 stage=align_for_pick score=0: task 1 attempt 1 stage=align_for_pick
[INFO] [1787827975.696419978] [six_angels_material_sorting_client]: progress task=1 stage=align_for_pick: task 1 moving both open arms to pregrasp; target_base=(0.715, 0.086, 0.834); arm_tol=0.030, slide_err=0.001, left_err=0.002, right_err=0.005, cmd_err=0.000, max_vel=0.224
[INFO] [1787827976.446875566] [six_angels_material_sorting_client]: controller=executing_stage task=1 attempt=1 stage=grasp score=0: task 1 entering grasp: task 1 both open arms reached the non-contact pregrasp pose
[INFO] [1787827976.497100840] [six_angels_material_sorting_client]: controller=executing_stage task=1 attempt=1 stage=grasp score=0: task 1 attempt 1 stage=grasp
[INFO] [1787827978.546648970] [six_angels_material_sorting_client]: progress task=1 stage=grasp: task 1 starting continuous compliant inward motion; compliance=active; left[contact=False, aligned=False, angle=0.5deg, effort_delta=1.80, effort_threshold=0.35, firm=True, firm_latched=False, velocity=0.000]; right[contact=False, aligned=False, angle=0.8deg, effort_delta=1.73, effort_threshold=0.35, firm=True, firm_latched=False, velocity=0.000]
[INFO] [1787827978.547888321] [six_angels_material_sorting_client]: CONTROL_LOOP_HEALTH samples=400/501 interval_p95=56.19ms interval_p99=61.04ms execution_p95=2.69ms interval_misses=3 execution_misses=5
[INFO] [1787827980.598867273] [six_angels_material_sorting_client]: progress task=1 stage=grasp: task 1 continuously advancing the compliant contact search; speed=0.5 mm/s, offset=1.2/16.0 mm, surface_clearance=8.8 mm; compliance=active; left[contact=True, aligned=False, angle=1.4deg, effort_delta=0.02, effort_threshold=0.35, firm=False, firm_latched=False, velocity=0.000]; right[contact=True, aligned=True, angle=2.9deg, effort_delta=0.07, effort_threshold=0.35, firm=False, firm_latched=False, velocity=0.000]
[INFO] [1787827982.648239986] [six_angels_material_sorting_client]: progress task=1 stage=grasp: task 1 continuously advancing the compliant contact search; speed=0.5 mm/s, offset=2.3/16.0 mm, surface_clearance=7.7 mm; compliance=active; left[contact=True, aligned=False, angle=1.4deg, effort_delta=0.01, effort_threshold=0.35, firm=False, firm_latched=False, velocity=0.001]; right[contact=True, aligned=True, angle=2.9deg, effort_delta=0.07, effort_threshold=0.35, firm=False, firm_latched=False, velocity=0.000]
[INFO] [1787827983.548437968] [six_angels_material_sorting_client]: CONTROL_LOOP_HEALTH samples=400/601 interval_p95=52.41ms interval_p99=59.58ms execution_p95=4.05ms interval_misses=3 execution_misses=5
[INFO] [1787827984.649452308] [six_angels_material_sorting_client]: progress task=1 stage=grasp: task 1 continuously advancing the compliant contact search; speed=0.5 mm/s, offset=3.3/16.0 mm, surface_clearance=6.7 mm; compliance=active; left[contact=True, aligned=False, angle=1.4deg, effort_delta=0.01, effort_threshold=0.35, firm=False, firm_latched=False, velocity=0.000]; right[contact=True, aligned=True, angle=2.9deg, effort_delta=0.07, effort_threshold=0.35, firm=False, firm_latched=False, velocity=0.000]
[INFO] [1787827986.698384804] [six_angels_material_sorting_client]: progress task=1 stage=grasp: task 1 continuously advancing the compliant contact search; speed=0.5 mm/s, offset=4.3/16.0 mm, surface_clearance=5.7 mm; compliance=active; left[contact=True, aligned=False, angle=1.3deg, effort_delta=0.01, effort_threshold=0.35, firm=False, firm_latched=False, velocity=0.000]; right[contact=True, aligned=True, angle=2.9deg, effort_delta=0.08, effort_threshold=0.35, firm=False, firm_latched=False, velocity=0.000]
[INFO] [1787827988.548457825] [six_angels_material_sorting_client]: CONTROL_LOOP_HEALTH samples=400/701 interval_p95=50.15ms interval_p99=50.60ms execution_p95=4.58ms interval_misses=3 execution_misses=5
[INFO] [1787827988.748364312] [six_angels_material_sorting_client]: progress task=1 stage=grasp: task 1 continuously advancing the compliant contact search; speed=0.5 mm/s, offset=5.3/16.0 mm, surface_clearance=4.7 mm; compliance=active; left[contact=True, aligned=False, angle=1.3deg, effort_delta=0.01, effort_threshold=0.35, firm=False, firm_latched=False, velocity=0.000]; right[contact=True, aligned=True, angle=2.9deg, effort_delta=0.09, effort_threshold=0.35, firm=False, firm_latched=False, velocity=0.000]
[INFO] [1787827990.748467037] [six_angels_material_sorting_client]: progress task=1 stage=grasp: task 1 continuously advancing the compliant contact search; speed=0.5 mm/s, offset=6.3/16.0 mm, surface_clearance=3.7 mm; compliance=active; left[contact=True, aligned=False, angle=1.3deg, effort_delta=0.01, effort_threshold=0.35, firm=False, firm_latched=False, velocity=0.000]; right[contact=True, aligned=True, angle=2.9deg, effort_delta=0.10, effort_threshold=0.35, firm=False, firm_latched=False, velocity=0.000]
[INFO] [1787827992.749104275] [six_angels_material_sorting_client]: progress task=1 stage=grasp: task 1 continuously advancing the compliant contact search; speed=0.5 mm/s, offset=7.3/16.0 mm, surface_clearance=2.7 mm; compliance=active; left[contact=True, aligned=False, angle=1.3deg, effort_delta=0.02, effort_threshold=0.35, firm=False, firm_latched=False, velocity=0.000]; right[contact=True, aligned=True, angle=2.9deg, effort_delta=0.11, effort_threshold=0.35, firm=False, firm_latched=False, velocity=0.000]
[INFO] [1787827993.550718903] [six_angels_material_sorting_client]: CONTROL_LOOP_HEALTH samples=400/801 interval_p95=50.17ms interval_p99=50.89ms execution_p95=4.86ms interval_misses=3 execution_misses=5
[INFO] [1787827994.799364527] [six_angels_material_sorting_client]: progress task=1 stage=grasp: task 1 continuously advancing the compliant contact search; speed=0.5 mm/s, offset=8.3/16.0 mm, surface_clearance=1.7 mm; compliance=active; left[contact=True, aligned=False, angle=1.2deg, effort_delta=0.02, effort_threshold=0.35, firm=False, firm_latched=False, velocity=0.001]; right[contact=True, aligned=True, angle=2.9deg, effort_delta=0.12, effort_threshold=0.35, firm=False, firm_latched=False, velocity=0.000]
[INFO] [1787827996.799786168] [six_angels_material_sorting_client]: progress task=1 stage=grasp: task 1 continuously advancing the compliant contact search; speed=0.5 mm/s, offset=9.3/16.0 mm, surface_clearance=0.7 mm; compliance=active; left[contact=True, aligned=False, angle=1.2deg, effort_delta=0.02, effort_threshold=0.35, firm=False, firm_latched=False, velocity=0.000]; right[contact=True, aligned=True, angle=2.9deg, effort_delta=0.13, effort_threshold=0.35, firm=False, firm_latched=False, velocity=0.000]
[INFO] [1787827998.598692101] [six_angels_material_sorting_client]: CONTROL_LOOP_HEALTH samples=400/902 interval_p95=50.13ms interval_p99=50.65ms execution_p95=5.03ms interval_misses=3 execution_misses=5
[INFO] [1787827998.801398510] [six_angels_material_sorting_client]: progress task=1 stage=grasp: task 1 continuously advancing the compliant contact search; speed=0.5 mm/s, offset=10.4/16.0 mm, surface_clearance=0.0 mm; compliance=active; left[contact=True, aligned=False, angle=1.2deg, effort_delta=0.01, effort_threshold=0.35, firm=False, firm_latched=False, velocity=0.000]; right[contact=True, aligned=True, angle=2.9deg, effort_delta=0.13, effort_threshold=0.35, firm=False, firm_latched=False, velocity=0.000]
[INFO] [1787828000.849765237] [six_angels_material_sorting_client]: progress task=1 stage=grasp: task 1 continuously advancing the compliant contact search; speed=0.5 mm/s, offset=11.4/16.0 mm, surface_clearance=0.0 mm; compliance=active; left[contact=True, aligned=False, angle=1.1deg, effort_delta=0.01, effort_threshold=0.35, firm=False, firm_latched=False, velocity=0.002]; right[contact=True, aligned=True, angle=2.9deg, effort_delta=0.11, effort_threshold=0.35, firm=False, firm_latched=False, velocity=0.000]
[INFO] [1787828002.898281734] [six_angels_material_sorting_client]: progress task=1 stage=grasp: task 1 continuously advancing the compliant contact search; speed=0.5 mm/s, offset=12.4/16.0 mm, surface_clearance=0.0 mm; compliance=active; left[contact=True, aligned=False, angle=1.1deg, effort_delta=0.02, effort_threshold=0.35, firm=False, firm_latched=False, velocity=0.000]; right[contact=True, aligned=True, angle=2.9deg, effort_delta=0.10, effort_threshold=0.35, firm=False, firm_latched=False, velocity=0.000]
[INFO] [1787828003.648427270] [six_angels_material_sorting_client]: CONTROL_LOOP_HEALTH samples=400/1003 interval_p95=50.13ms interval_p99=50.82ms execution_p95=5.08ms interval_misses=3 execution_misses=5
[INFO] [1787828004.898586790] [six_angels_material_sorting_client]: progress task=1 stage=grasp: task 1 continuously advancing the compliant contact search; speed=0.5 mm/s, offset=13.4/16.0 mm, surface_clearance=0.0 mm; compliance=active; left[contact=True, aligned=False, angle=1.1deg, effort_delta=0.02, effort_threshold=0.35, firm=False, firm_latched=False, velocity=0.001]; right[contact=True, aligned=True, angle=2.9deg, effort_delta=0.12, effort_threshold=0.35, firm=False, firm_latched=False, velocity=0.000]
[INFO] [1787828006.900202639] [six_angels_material_sorting_client]: progress task=1 stage=grasp: task 1 continuously advancing the compliant contact search; speed=0.5 mm/s, offset=14.4/16.0 mm, surface_clearance=0.0 mm; compliance=active; left[contact=True, aligned=False, angle=1.1deg, effort_delta=0.01, effort_threshold=0.35, firm=False, firm_latched=False, velocity=0.000]; right[contact=True, aligned=True, angle=2.9deg, effort_delta=0.13, effort_threshold=0.35, firm=False, firm_latched=False, velocity=0.000]
[INFO] [1787828008.648433464] [six_angels_material_sorting_client]: CONTROL_LOOP_HEALTH samples=400/1103 interval_p95=50.13ms interval_p99=50.65ms execution_p95=5.16ms interval_misses=3 execution_misses=5
[INFO] [1787828008.948455651] [six_angels_material_sorting_client]: progress task=1 stage=grasp: task 1 continuously advancing the compliant contact search; speed=0.5 mm/s, offset=15.4/16.0 mm, surface_clearance=0.0 mm; compliance=active; left[contact=True, aligned=False, angle=1.0deg, effort_delta=0.01, effort_threshold=0.35, firm=False, firm_latched=False, velocity=0.000]; right[contact=True, aligned=True, angle=2.9deg, effort_delta=0.15, effort_threshold=0.35, firm=False, firm_latched=False, velocity=0.000]
[INFO] [1787828010.946086530] [six_angels_material_sorting_client]: progress task=1 stage=grasp: task 1 holding maximum soft contact while waiting for bilateral wrist alignment (0.3/2.0s); compliance=active; left[contact=True, aligned=False, angle=1.0deg, effort_delta=0.02, effort_threshold=0.35, firm=False, firm_latched=False, velocity=0.000]; right[contact=True, aligned=True, angle=2.9deg, effort_delta=0.17, effort_threshold=0.35, firm=False, firm_latched=False, velocity=0.000]
[INFO] [1787828012.948278953] [six_angels_material_sorting_client]: progress task=1 stage=grasp: task 1 continuously advancing the compliant contact search; speed=0.5 mm/s, offset=15.1/16.0 mm, surface_clearance=0.0 mm; compliance=active; left[contact=False, aligned=False, angle=0.8deg, effort_delta=1.67, effort_threshold=0.35, firm=True, firm_latched=False, velocity=0.105]; right[contact=True, aligned=True, angle=3.2deg, effort_delta=1.22, effort_threshold=0.35, firm=True, firm_latched=False, velocity=0.022]
[INFO] [1787828013.698338301] [six_angels_material_sorting_client]: CONTROL_LOOP_HEALTH samples=400/1204 interval_p95=50.10ms interval_p99=50.44ms execution_p95=5.14ms interval_misses=3 execution_misses=5
[INFO] [1787828014.996209849] [six_angels_material_sorting_client]: progress task=1 stage=grasp: task 1 moving inward with compliant wrist monitoring; offset=16.0 mm; compliance=active; left[contact=False, aligned=False, angle=0.8deg, effort_delta=2.87, effort_threshold=0.35, firm=True, firm_latched=False, velocity=0.001]; right[contact=True, aligned=True, angle=3.2deg, effort_delta=2.03, effort_threshold=0.35, firm=True, firm_latched=False, velocity=0.000]; target_base=(0.716, 0.081, 0.834); arm_tol=0.240, slide_err=0.006, left_err=0.066, right_err=0.054, cmd_err=0.000, max_vel=0.006; compliance=active; left[contact=False, aligned=False, angle=0.8deg, effort_delta=2.87, effort_threshold=0.35, firm=True, firm_latched=False, velocity=0.001]; right[contact=True, aligned=True, angle=3.2deg, effort_delta=2.03, effort_threshold=0.35, firm=True, firm_latched=False, velocity=0.000]
[INFO] [1787828017.048316880] [six_angels_material_sorting_client]: progress task=1 stage=grasp: task 1 continuously applying locked-wrist preload; offset=16.9/18.0 mm; compliance=active; left[contact=True, aligned=True, angle=0.8deg, effort_delta=0.25, effort_threshold=0.35, firm=False, firm_latched=True, velocity=0.000]; right[contact=True, aligned=True, angle=2.9deg, effort_delta=0.51, effort_threshold=0.35, firm=False, firm_latched=False, velocity=0.000]
[INFO] [1787828018.746681037] [six_angels_material_sorting_client]: CONTROL_LOOP_HEALTH samples=400/1305 interval_p95=50.12ms interval_p99=50.37ms execution_p95=4.96ms interval_misses=3 execution_misses=5
[INFO] [1787828019.046942995] [six_angels_material_sorting_client]: controller=executing_stage task=1 attempt=1 stage=lift score=0: task 1 entering lift: task 1 bilateral compliant grasp settled with locked wrists and 18.0 mm bounded preload; compliance=active; left[contact=True, aligned=True, angle=0.8deg, effort_delta=0.18, effort_threshold=0.35, firm=False, firm_latched=True, velocity=0.000]; right[contact=True, aligned=True, angle=2.9deg, effort_delta=0.47, effort_threshold=0.35, firm=False, firm_latched=False, velocity=0.000]
[INFO] [1787828019.096367549] [six_angels_material_sorting_client]: controller=executing_stage task=1 attempt=1 stage=lift score=0: task 1 attempt 1 stage=lift
[INFO] [1787828021.145814091] [six_angels_material_sorting_client]: progress task=1 stage=lift: task 1 raising the spine while preserving arm preload; lift=0.150m, slide_target=0.318, slide_err=0.057, left_err=0.081, right_err=0.056, cmd_err=0.027, max_vel=0.172
[INFO] [1787828023.195632575] [six_angels_material_sorting_client]: progress task=1 stage=lift: task 1 raising the spine while preserving arm preload; lift=0.150m, slide_target=0.318, slide_err=0.010, left_err=0.081, right_err=0.056, cmd_err=0.000, max_vel=0.008
[INFO] [1787828023.546355508] [six_angels_material_sorting_client]: controller=executing_stage task=1 attempt=1 stage=transport score=0: task 1 entering transport: task 1 lifted the held box 0.150 m; holding before transport
[INFO] [1787828023.642348725] [six_angels_material_sorting_client]: controller=executing_stage task=1 attempt=1 stage=transport score=0: task 1 attempt 1 stage=transport
[INFO] [1787828023.698727224] [six_angels_material_sorting_client]: scheduler candidate action=task1:transport:stand:right source=heuristic reason=rl_shadow_isolated:submitted costmap_v=42
[INFO] [1787828023.732661998] [material_box_detect]: started task-stage shelf empty confirmation
[INFO] [1787828023.796533832] [six_angels_material_sorting_client]: CONTROL_LOOP_HEALTH samples=400/1406 interval_p95=50.12ms interval_p99=50.44ms execution_p95=4.80ms interval_misses=3 execution_misses=5
[INFO] [1787828025.598487175] [six_angels_material_sorting_client]: progress task=1 stage=transport: task 1 holding lifted box and retreating straight; remaining=0.608 m
[INFO] [1787828027.595869546] [six_angels_material_sorting_client]: progress task=1 stage=transport: task 1 holding lifted box and retreating straight; remaining=0.486 m
[INFO] [1787828028.845902676] [six_angels_material_sorting_client]: CONTROL_LOOP_HEALTH samples=400/1507 interval_p95=50.13ms interval_p99=50.70ms execution_p95=3.90ms interval_misses=3 execution_misses=5
[INFO] [1787828029.646103884] [six_angels_material_sorting_client]: progress task=1 stage=transport: task 1 holding lifted box and retreating straight; remaining=0.366 m
[INFO] [1787828031.695776594] [six_angels_material_sorting_client]: progress task=1 stage=transport: task 1 holding lifted box and retreating straight; remaining=0.246 m
[INFO] [1787828033.696030310] [six_angels_material_sorting_client]: progress task=1 stage=transport: task 1 holding lifted box and retreating straight; remaining=0.127 m
[INFO] [1787828033.847437736] [six_angels_material_sorting_client]: CONTROL_LOOP_HEALTH samples=400/1607 interval_p95=50.19ms interval_p99=51.07ms execution_p95=3.84ms interval_misses=3 execution_misses=5
[INFO] [1787828035.696060768] [six_angels_material_sorting_client]: progress task=1 stage=transport: task 1 holding lifted box and retreating straight; remaining=0.060 m
[INFO] [1787828037.695720357] [six_angels_material_sorting_client]: progress task=1 stage=transport: task 1 holding lifted box and retreating straight; remaining=0.018 m
[INFO] [1787828038.147168512] [six_angels_material_sorting_client]: scheduler candidate action=task1:transport:stand:left source=heuristic reason=rl_shadow_isolated:accepted costmap_v=93
[INFO] [1787828038.847630003] [six_angels_material_sorting_client]: CONTROL_LOOP_HEALTH samples=400/1707 interval_p95=50.21ms interval_p99=51.10ms execution_p95=2.23ms interval_misses=3 execution_misses=5
[INFO] [1787828039.748354274] [six_angels_material_sorting_client]: progress task=1 stage=transport: task 1 moving directly to the safe shelf pre-place stand; goal=(-1.00, 0.94, 3.14); nav_status=final_positioning; NAV_TEL phase=transfer status=final_positioning segment=nav_shelf x=-0.968 y=0.866 yaw=1.900 dist=0.079 yaw_err=1.242 cmd=(0.063,0.159) clear=0.600 footprint=transit_carry path=0.158 planned_straight=0.149 detour=1.060; shelf_frames=7; shelf_state=collecting
[INFO] [1787828039.797297558] [six_angels_material_sorting_client]: scheduler candidate action=task1:transport:stand:center source=heuristic reason=rl_shadow_isolated:rl_dynamic_risk_guard costmap_v=98
[INFO] [1787828041.796948250] [six_angels_material_sorting_client]: progress task=1 stage=transport: task 1 moving directly to the safe shelf pre-place stand; goal=(-1.00, 0.94, 3.14); nav_status=final_aligning; NAV_TEL phase=transfer status=final_aligning segment=nav_shelf x=-0.981 y=0.899 yaw=2.187 dist=0.043 yaw_err=0.955 cmd=(0.000,0.500) clear=0.600 footprint=transit_carry path=0.158 planned_straight=0.149 detour=1.060; shelf_frames=7; shelf_state=collecting
[INFO] [1787828043.797673313] [six_angels_material_sorting_client]: progress task=1 stage=transport: task 1 moving directly to the safe shelf pre-place stand; goal=(-1.00, 0.94, 3.14); nav_status=final_aligning; NAV_TEL phase=transfer status=final_aligning segment=nav_shelf x=-0.981 y=0.899 yaw=2.717 dist=0.044 yaw_err=0.424 cmd=(0.000,0.500) clear=0.600 footprint=transit_carry path=0.158 planned_straight=0.149 detour=1.060; shelf_frames=7; shelf_state=collecting
[INFO] [1787828043.861807748] [six_angels_material_sorting_client]: CONTROL_LOOP_HEALTH samples=400/1807 interval_p95=50.21ms interval_p99=51.07ms execution_p95=2.77ms interval_misses=3 execution_misses=5
[INFO] [1787828045.297411236] [six_angels_material_sorting_client]: controller=executing_stage task=1 attempt=1 stage=align_for_place score=30: task 1 entering align_for_place: task 1 reached the target-aligned safe shelf pre-place stand by direct A* with the carried center still 0.75 m in front of the shelf
[INFO] [1787828045.346466361] [six_angels_material_sorting_client]: controller=executing_stage task=1 attempt=1 stage=align_for_place score=30: task 1 attempt 1 stage=align_for_place
[INFO] [1787828047.396154041] [six_angels_material_sorting_client]: progress task=1 stage=align_for_place: task 1 lowering the carried box to expose candidate L1; slide_target=0.622, slide_err=0.202, left_err=0.081, right_err=0.056, cmd_err=0.184, slide_vel=0.089, max_vel=0.089
[INFO] [1787828048.896651417] [six_angels_material_sorting_client]: CONTROL_LOOP_HEALTH samples=400/1908 interval_p95=50.20ms interval_p99=50.78ms execution_p95=2.82ms interval_misses=3 execution_misses=5
[INFO] [1787828049.395938038] [six_angels_material_sorting_client]: progress task=1 stage=align_for_place: task 1 lowering the carried box to expose candidate L1; slide_target=0.622, slide_err=0.083, left_err=0.081, right_err=0.056, cmd_err=0.064, slide_vel=0.129, max_vel=0.129
[INFO] [1787828051.445790601] [six_angels_material_sorting_client]: progress task=1 stage=align_for_place: task 1 lowering the carried box to expose candidate L1; slide_target=0.622, slide_err=0.000, left_err=0.081, right_err=0.056, cmd_err=0.000, slide_vel=0.013, max_vel=0.013
[INFO] [1787828053.445841781] [six_angels_material_sorting_client]: progress task=1 stage=align_for_place: task 1 scanning shelf semantics for task-2 colour 'pink'; head_pitch=-0.16, frames=7, colored=locked:pink@L2(3), packaging=locked:L3(3), empty=L1(2/3), occupancy=locked:L1(3)
[INFO] [1787828053.946075584] [six_angels_material_sorting_client]: CONTROL_LOOP_HEALTH samples=400/2009 interval_p95=50.16ms interval_p99=50.74ms execution_p95=2.82ms interval_misses=3 execution_misses=5
[INFO] [1787828055.496038427] [six_angels_material_sorting_client]: progress task=1 stage=align_for_place: task 1 moving held box to shelf clearance height; slide_target=0.739, slide_err=0.040, left_err=0.081, right_err=0.056, cmd_err=0.024, slide_vel=0.039, max_vel=0.039
[INFO] [1787828057.496331950] [six_angels_material_sorting_client]: progress task=1 stage=align_for_place: task 1 aligning laterally outside the shelf; lateral alignment rotating toward shelf-front direction; yaw_err=1.610
[INFO] [1787828058.996032160] [six_angels_material_sorting_client]: CONTROL_LOOP_HEALTH samples=400/2110 interval_p95=50.12ms interval_p99=50.73ms execution_p95=2.78ms interval_misses=3 execution_misses=5
[INFO] [1787828059.545578308] [six_angels_material_sorting_client]: progress task=1 stage=align_for_place: task 1 aligning laterally outside the shelf; lateral alignment rotating toward shelf-front direction; yaw_err=1.224
[INFO] [1787828061.545618343] [six_angels_material_sorting_client]: progress task=1 stage=align_for_place: task 1 aligning laterally outside the shelf; lateral alignment rotating toward shelf-front direction; yaw_err=0.813
[INFO] [1787828063.595660205] [six_angels_material_sorting_client]: progress task=1 stage=align_for_place: task 1 aligning laterally outside the shelf; lateral alignment rotating toward shelf-front direction; yaw_err=0.405
[INFO] [1787828064.045794754] [six_angels_material_sorting_client]: CONTROL_LOOP_HEALTH samples=400/2211 interval_p95=50.12ms interval_p99=50.54ms execution_p95=2.35ms interval_misses=3 execution_misses=5
[INFO] [1787828065.595722403] [six_angels_material_sorting_client]: progress task=1 stage=align_for_place: task 1 aligning laterally outside the shelf; lateral alignment rotating toward shelf-front direction; yaw_err=0.069
[INFO] [1787828067.595972162] [six_angels_material_sorting_client]: progress task=1 stage=align_for_place: task 1 aligning laterally outside the shelf; lateral alignment restoring shelf-facing yaw; yaw_err=-1.523
[INFO] [1787828069.046515482] [six_angels_material_sorting_client]: CONTROL_LOOP_HEALTH samples=400/2311 interval_p95=50.09ms interval_p99=50.46ms execution_p95=1.53ms interval_misses=3 execution_misses=5
[INFO] [1787828069.596173402] [six_angels_material_sorting_client]: progress task=1 stage=align_for_place: task 1 aligning laterally outside the shelf; lateral alignment restoring shelf-facing yaw; yaw_err=-1.122
[INFO] [1787828071.645806709] [six_angels_material_sorting_client]: progress task=1 stage=align_for_place: task 1 aligning laterally outside the shelf; lateral alignment restoring shelf-facing yaw; yaw_err=-0.710
[INFO] [1787828073.646127482] [six_angels_material_sorting_client]: progress task=1 stage=align_for_place: task 1 aligning laterally outside the shelf; lateral alignment restoring shelf-facing yaw; yaw_err=-0.299
[INFO] [1787828074.095915002] [six_angels_material_sorting_client]: CONTROL_LOOP_HEALTH samples=400/2412 interval_p95=50.09ms interval_p99=50.49ms execution_p95=1.53ms interval_misses=3 execution_misses=5
[INFO] [1787828075.695635251] [six_angels_material_sorting_client]: progress task=1 stage=align_for_place: task 1 entering the recognized empty shelf layer; advancing straight; remaining=0.924 m
[INFO] [1787828077.695865236] [six_angels_material_sorting_client]: progress task=1 stage=align_for_place: task 1 entering the recognized empty shelf layer; advancing straight; remaining=0.819 m
[INFO] [1787828079.095984815] [six_angels_material_sorting_client]: CONTROL_LOOP_HEALTH samples=400/2512 interval_p95=50.08ms interval_p99=50.21ms execution_p95=1.45ms interval_misses=3 execution_misses=5
[INFO] [1787828079.746444599] [six_angels_material_sorting_client]: progress task=1 stage=align_for_place: task 1 entering the recognized empty shelf layer; advancing straight; remaining=0.703 m
[INFO] [1787828081.795641892] [six_angels_material_sorting_client]: progress task=1 stage=align_for_place: task 1 entering the recognized empty shelf layer; advancing straight; remaining=0.591 m
[INFO] [1787828083.795744531] [six_angels_material_sorting_client]: progress task=1 stage=align_for_place: task 1 entering the recognized empty shelf layer; advancing straight; remaining=0.479 m
[INFO] [1787828084.096498286] [six_angels_material_sorting_client]: CONTROL_LOOP_HEALTH samples=400/2612 interval_p95=50.15ms interval_p99=50.53ms execution_p95=1.47ms interval_misses=3 execution_misses=5
[INFO] [1787828085.845714907] [six_angels_material_sorting_client]: progress task=1 stage=align_for_place: task 1 entering the recognized empty shelf layer; advancing straight; remaining=0.363 m
[INFO] [1787828087.895356394] [six_angels_material_sorting_client]: progress task=1 stage=align_for_place: task 1 entering the recognized empty shelf layer; advancing straight; remaining=0.248 m
[INFO] [1787828089.145942500] [six_angels_material_sorting_client]: CONTROL_LOOP_HEALTH samples=400/2713 interval_p95=50.16ms interval_p99=50.87ms execution_p95=1.46ms interval_misses=3 execution_misses=5
[INFO] [1787828089.895717438] [six_angels_material_sorting_client]: progress task=1 stage=align_for_place: task 1 entering the recognized empty shelf layer; advancing straight; remaining=0.143 m
[INFO] [1787828091.945783038] [six_angels_material_sorting_client]: progress task=1 stage=align_for_place: task 1 entering the recognized empty shelf layer; advancing straight; remaining=0.073 m
[INFO] [1787828093.995788349] [six_angels_material_sorting_client]: progress task=1 stage=align_for_place: task 1 entering the recognized empty shelf layer; advancing straight; remaining=0.029 m
[INFO] [1787828094.145973867] [six_angels_material_sorting_client]: CONTROL_LOOP_HEALTH samples=400/2813 interval_p95=50.18ms interval_p99=50.87ms execution_p95=1.46ms interval_misses=3 execution_misses=5
[INFO] [1787828094.746284818] [six_angels_material_sorting_client]: controller=executing_stage task=1 attempt=1 stage=place score=30: task 1 entering place: task 1 entered only the recognized empty shelf layer L1; confidence=0.59
[INFO] [1787828094.795927283] [six_angels_material_sorting_client]: controller=executing_stage task=1 attempt=1 stage=place score=30: task 1 attempt 1 stage=place
[INFO] [1787828095.197495312] [material_box_detect]: stopped task-stage shelf empty confirmation
[INFO] [1787828096.845981386] [six_angels_material_sorting_client]: progress task=1 stage=place: task 1 lowering box compliantly onto shelf board; slide_target=0.782, slide_err=0.000, left_err=0.081, right_err=0.056, cmd_err=0.000, slide_vel=0.013, max_vel=0.013; compliant_place_phase=fast_approach, remaining_mm=12.0, step_mm=2.0, completion=None; placement_effort=active, slide_ratio=0.00, left_wrist_ratio=0.00, right_wrist_ratio=0.00, left_arm_max=0.00, right_arm_max=0.00, candidate=False, confirmed=False
[INFO] [1787828098.895898751] [six_angels_material_sorting_client]: progress task=1 stage=place: task 1 lowering box compliantly onto shelf board; slide_target=0.786, slide_err=0.004, left_err=0.081, right_err=0.056, cmd_err=0.000, slide_vel=0.004, max_vel=0.004; compliant_place_phase=fine_descent, remaining_mm=8.0, step_mm=2.0, completion=None; placement_effort=active, slide_ratio=210.75, left_wrist_ratio=0.00, right_wrist_ratio=0.00, left_arm_max=0.06, right_arm_max=0.07, candidate=False, confirmed=False
[INFO] [1787828099.146149621] [six_angels_material_sorting_client]: CONTROL_LOOP_HEALTH samples=400/2913 interval_p95=50.19ms interval_p99=50.87ms execution_p95=1.72ms interval_misses=3 execution_misses=5
[INFO] [1787828100.945917356] [six_angels_material_sorting_client]: progress task=1 stage=place: task 1 lowering box compliantly onto shelf board; slide_target=0.792, slide_err=0.003, left_err=0.081, right_err=0.056, cmd_err=0.000, slide_vel=0.003, max_vel=0.004; compliant_place_phase=fine_descent, remaining_mm=2.0, step_mm=2.0, completion=None; placement_effort=active, slide_ratio=204.36, left_wrist_ratio=0.07, right_wrist_ratio=0.21, left_arm_max=1.15, right_arm_max=0.94, candidate=False, confirmed=False
[INFO] [1787828102.995977573] [six_angels_material_sorting_client]: progress task=1 stage=place: task 1 gently spreading both arms to release on shelf; stage=1/1, half_width=0.155 m; target_base=(0.716, 0.081, 0.51); arm_tol=0.030, slide_err=0.006, left_err=0.003, right_err=0.005, cmd_err=0.000, max_vel=0.002
[INFO] [1787828103.547230281] [six_angels_material_sorting_client]: controller=executing_stage task=1 attempt=1 stage=verify_place score=30: task 1 entering verify_place: task 1 gently unloaded preload and opened both arms on the empty shelf layer
[INFO] [1787828103.596007226] [six_angels_material_sorting_client]: controller=executing_stage task=1 attempt=1 stage=verify_place score=30: task 1 attempt 1 stage=verify_place
[INFO] [1787828104.195826838] [six_angels_material_sorting_client]: CONTROL_LOOP_HEALTH samples=400/3014 interval_p95=50.17ms interval_p99=50.53ms execution_p95=1.83ms interval_misses=3 execution_misses=5
[INFO] [1787828104.596205777] [six_angels_material_sorting_client]: controller=executing_stage task=1 attempt=1 stage=return_to_end score=30: task 1 entering return_to_end: task 1 shelf placement settled; handing result to referee
[INFO] [1787828104.745444575] [six_angels_material_sorting_client]: controller=executing_stage task=1 attempt=1 stage=return_to_end score=30: task 1 attempt 1 stage=return_to_end
[INFO] [1787828104.750941468] [six_angels_material_sorting_client]: scheduler candidate action=task1:return_to_end:stand:left source=heuristic reason=rl_shadow_isolated:submitted costmap_v=104
[INFO] [1787828106.682103282] [six_angels_material_sorting_client]: progress task=1 stage=return_to_end: task 1 retreating straight; remaining=0.210 m after release
[INFO] [1787828108.695645666] [six_angels_material_sorting_client]: progress task=1 stage=return_to_end: task 1 retreating straight; remaining=0.094 m after release
[INFO] [1787828109.195987867] [six_angels_material_sorting_client]: CONTROL_LOOP_HEALTH samples=400/3113 interval_p95=50.61ms interval_p99=58.05ms execution_p95=2.01ms interval_misses=4 execution_misses=6
[INFO] [1787828110.696089572] [six_angels_material_sorting_client]: progress task=1 stage=return_to_end: task 1 retreating straight; remaining=0.038 m after release
[INFO] [1787828112.720380116] [six_angels_material_sorting_client]: progress task=1 stage=return_to_end: task 1 retracting arms after shelf retreat; transport retract; slide_err=0.030, left_err=0.497, right_err=0.525, cmd_err=0.385, max_vel=7.321
[INFO] [1787828114.197213635] [six_angels_material_sorting_client]: CONTROL_LOOP_HEALTH samples=400/3213 interval_p95=55.13ms interval_p99=59.59ms execution_p95=2.33ms interval_misses=4 execution_misses=6
[INFO] [1787828114.746967993] [six_angels_material_sorting_client]: progress task=1 stage=return_to_end: task 1 returning to the end zone; goal=(-0.78, 0.55, 1.57); nav_status=navigating; NAV_TEL phase=transfer status=navigating segment=nav_end x=-1.592 y=0.837 yaw=-2.912 dist=0.861 yaw_err=-1.801 cmd=(0.000,0.550) clear=0.550 footprint=transit_stowed path=0.838 planned_straight=0.861 detour=0.973
[INFO] [1787828116.803340763] [six_angels_material_sorting_client]: progress task=1 stage=return_to_end: task 1 returning to the end zone; goal=(-0.78, 0.55, 1.57); nav_status=navigating; NAV_TEL phase=transfer status=navigating segment=nav_end x=-1.592 y=0.837 yaw=-2.289 dist=0.861 yaw_err=-2.424 cmd=(0.000,0.550) clear=0.500 footprint=transit_stowed path=0.838 planned_straight=0.861 detour=0.973
[INFO] [1787828118.847413055] [six_angels_material_sorting_client]: progress task=1 stage=return_to_end: task 1 returning to the end zone; goal=(-0.78, 0.55, 1.57); nav_status=navigating; NAV_TEL phase=transfer status=navigating segment=nav_end x=-1.591 y=0.837 yaw=-1.729 dist=0.861 yaw_err=-2.983 cmd=(0.000,0.550) clear=0.500 footprint=transit_stowed path=0.838 planned_straight=0.861 detour=0.973
[INFO] [1787828119.197064859] [six_angels_material_sorting_client]: CONTROL_LOOP_HEALTH samples=400/3313 interval_p95=57.05ms interval_p99=59.59ms execution_p95=3.14ms interval_misses=4 execution_misses=6
[INFO] [1787828120.919468469] [six_angels_material_sorting_client]: progress task=1 stage=return_to_end: task 1 returning to the end zone; goal=(-0.78, 0.55, 1.57); nav_status=navigating; NAV_TEL phase=transfer status=navigating segment=nav_end x=-1.591 y=0.838 yaw=-1.143 dist=0.861 yaw_err=2.714 cmd=(0.000,0.550) clear=0.500 footprint=transit_stowed path=0.838 planned_straight=0.861 detour=0.973
[INFO] [1787828122.870975106] [six_angels_material_sorting_client]: progress task=1 stage=return_to_end: task 1 returning to the end zone; goal=(-0.78, 0.55, 1.57); nav_status=navigating; NAV_TEL phase=transfer status=navigating segment=nav_end x=-1.592 y=0.839 yaw=-0.627 dist=0.861 yaw_err=2.198 cmd=(0.000,0.550) clear=0.550 footprint=transit_stowed path=0.838 planned_straight=0.861 detour=0.973
[INFO] [1787828124.219429186] [six_angels_material_sorting_client]: CONTROL_LOOP_HEALTH samples=400/3413 interval_p95=57.90ms interval_p99=59.98ms execution_p95=3.23ms interval_misses=5 execution_misses=7
[INFO] [1787828124.896909058] [six_angels_material_sorting_client]: progress task=1 stage=return_to_end: task 1 returning to the end zone; goal=(-0.78, 0.55, 1.57); nav_status=navigating; NAV_TEL phase=transfer status=navigating segment=nav_end x=-1.465 y=0.783 yaw=-0.342 dist=0.723 yaw_err=1.912 cmd=(0.180,0.080) clear=0.550 footprint=transit_stowed path=0.838 planned_straight=0.861 detour=0.973
[INFO] [1787828126.943096187] [six_angels_material_sorting_client]: progress task=1 stage=return_to_end: task 1 returning to the end zone; goal=(-0.78, 0.55, 1.57); nav_status=navigating; NAV_TEL phase=transfer status=navigating segment=nav_end x=-1.299 y=0.730 yaw=-0.293 dist=0.549 yaw_err=1.864 cmd=(0.180,0.009) clear=0.500 footprint=transit_stowed path=0.838 planned_straight=0.861 detour=0.973
[INFO] [1787828128.947530856] [six_angels_material_sorting_client]: progress task=1 stage=return_to_end: task 1 returning to the end zone; goal=(-0.78, 0.55, 1.57); nav_status=navigating; NAV_TEL phase=transfer status=navigating segment=nav_end x=-1.118 y=0.676 yaw=-0.292 dist=0.361 yaw_err=1.863 cmd=(0.180,-0.003) clear=0.450 footprint=transit_stowed path=0.838 planned_straight=0.861 detour=0.973
[INFO] [1787828129.248079555] [six_angels_material_sorting_client]: CONTROL_LOOP_HEALTH samples=400/3514 interval_p95=57.33ms interval_p99=59.05ms execution_p95=3.56ms interval_misses=5 execution_misses=7
[INFO] [1787828130.997003109] [six_angels_material_sorting_client]: progress task=1 stage=return_to_end: task 1 returning to the end zone; goal=(-0.78, 0.55, 1.57); nav_status=navigating; NAV_TEL phase=transfer status=navigating segment=nav_end x=-0.959 y=0.628 yaw=-0.294 dist=0.195 yaw_err=1.865 cmd=(0.145,-0.001) clear=0.400 footprint=transit_stowed path=0.838 planned_straight=0.861 detour=0.973
[INFO] [1787828133.058803743] [six_angels_material_sorting_client]: progress task=1 stage=return_to_end: task 1 returning to the end zone; goal=(-0.78, 0.55, 1.57); nav_status=final_positioning; NAV_TEL phase=transfer status=final_positioning segment=nav_end x=-0.851 y=0.588 yaw=-0.454 dist=0.081 yaw_err=2.025 cmd=(0.064,-0.076) clear=0.300 footprint=transit_stowed path=0.838 planned_straight=0.861 detour=0.973
[INFO] [1787828134.297280847] [six_angels_material_sorting_client]: CONTROL_LOOP_HEALTH samples=400/3615 interval_p95=56.58ms interval_p99=58.78ms execution_p95=3.50ms interval_misses=5 execution_misses=7
[INFO] [1787828135.096658590] [six_angels_material_sorting_client]: progress task=1 stage=return_to_end: task 1 returning to the end zone; goal=(-0.78, 0.55, 1.57); nav_status=final_aligning; NAV_TEL phase=transfer status=final_aligning segment=nav_end x=-0.841 y=0.583 yaw=-0.010 dist=0.070 yaw_err=1.581 cmd=(0.000,0.500) clear=0.400 footprint=transit_stowed path=0.838 planned_straight=0.861 detour=0.973
[INFO] [1787828137.097238631] [six_angels_material_sorting_client]: progress task=1 stage=return_to_end: task 1 returning to the end zone; goal=(-0.78, 0.55, 1.57); nav_status=final_aligning; NAV_TEL phase=transfer status=final_aligning segment=nav_end x=-0.842 y=0.583 yaw=0.518 dist=0.070 yaw_err=1.053 cmd=(0.000,0.500) clear=0.300 footprint=transit_stowed path=0.838 planned_straight=0.861 detour=0.973
[INFO] [1787828139.146992329] [six_angels_material_sorting_client]: progress task=1 stage=return_to_end: task 1 returning to the end zone; goal=(-0.78, 0.55, 1.57); nav_status=final_aligning; NAV_TEL phase=transfer status=final_aligning segment=nav_end x=-0.842 y=0.583 yaw=1.045 dist=0.070 yaw_err=0.526 cmd=(0.000,0.500) clear=0.300 footprint=transit_stowed path=0.838 planned_straight=0.861 detour=0.973
[INFO] [1787828139.347586326] [six_angels_material_sorting_client]: CONTROL_LOOP_HEALTH samples=400/3716 interval_p95=55.00ms interval_p99=58.08ms execution_p95=3.47ms interval_misses=5 execution_misses=7
[INFO] [1787828141.196388928] [six_angels_material_sorting_client]: progress task=1 stage=return_to_end: task 1 returning to the end zone; goal=(-0.78, 0.55, 1.57); nav_status=final_aligning; NAV_TEL phase=transfer status=final_aligning segment=nav_end x=-0.842 y=0.583 yaw=1.500 dist=0.070 yaw_err=0.071 cmd=(0.000,0.141) clear=0.350 footprint=transit_stowed path=0.838 planned_straight=0.861 detour=0.973
[INFO] [1787828141.259602055] [six_angels_material_sorting_client]: controller=waiting_for_referee task=1 attempt=1 stage=- score=40: task 1 local sequence completed; waiting for Server referee: task 1 returned to the end zone; local sequence complete
[INFO] [1787828141.295823701] [six_angels_material_sorting_client]: controller=starting_task task=2 attempt=1 stage=navigate_to_pick score=40: referee advanced to task 2; starting attempt 1
[INFO] [1787828141.346839728] [six_angels_material_sorting_client]: controller=executing_stage task=2 attempt=1 stage=navigate_to_pick score=40: task 2 entering navigate_to_pick
[INFO] [1787828141.454385337] [six_angels_material_sorting_client]: controller=executing_stage task=2 attempt=1 stage=navigate_to_pick score=40: task 2 attempt 1 stage=navigate_to_pick
[INFO] [1787828141.505121964] [six_angels_material_sorting_client]: scheduler candidate action=task2:navigate_to_pick:stand:right source=heuristic reason=rl_shadow_isolated:submitted costmap_v=146
[INFO] [1787828143.403659354] [six_angels_material_sorting_client]: progress task=2 stage=navigate_to_pick: task 2 navigating to the pink shelf box; goal=(-1.50, 0.82, 3.14); nav_status=navigating; NAV_TEL phase=transfer status=navigating segment=nav_shelf x=-0.854 y=0.685 yaw=1.853 dist=0.660 yaw_err=1.288 cmd=(0.119,0.415) clear=0.450 footprint=transit_stowed path=0.900 planned_straight=0.699 detour=1.287
[INFO] [1787828144.396930502] [six_angels_material_sorting_client]: CONTROL_LOOP_HEALTH samples=400/3817 interval_p95=50.28ms interval_p99=57.33ms execution_p95=3.49ms interval_misses=5 execution_misses=8
[INFO] [1787828145.446739711] [six_angels_material_sorting_client]: progress task=2 stage=navigate_to_pick: task 2 navigating to the pink shelf box; goal=(-1.50, 0.82, 3.14); nav_status=navigating; NAV_TEL phase=transfer status=navigating segment=nav_shelf x=-0.913 y=0.787 yaw=2.360 dist=0.588 yaw_err=0.782 cmd=(0.151,0.550) clear=0.500 footprint=transit_stowed path=0.900 planned_straight=0.699 detour=1.287
[INFO] [1787828147.447033328] [six_angels_material_sorting_client]: progress task=2 stage=navigate_to_pick: task 2 navigating to the pink shelf box; goal=(-1.50, 0.82, 3.14); nav_status=navigating; NAV_TEL phase=transfer status=navigating segment=nav_shelf x=-1.061 y=0.864 yaw=2.949 dist=0.441 yaw_err=0.192 cmd=(0.180,0.444) clear=0.650 footprint=transit_stowed path=0.900 planned_straight=0.699 detour=1.287
[INFO] [1787828149.397224879] [six_angels_material_sorting_client]: CONTROL_LOOP_HEALTH samples=400/3917 interval_p95=50.26ms interval_p99=55.84ms execution_p95=3.02ms interval_misses=5 execution_misses=8
[INFO] [1787828149.497873082] [six_angels_material_sorting_client]: progress task=2 stage=navigate_to_pick: task 2 navigating to the pink shelf box; goal=(-1.50, 0.82, 3.14); nav_status=navigating; NAV_TEL phase=transfer status=navigating segment=nav_shelf x=-1.221 y=0.868 yaw=-3.058 dist=0.283 yaw_err=-0.083 cmd=(0.180,0.097) clear=0.700 footprint=transit_stowed path=0.900 planned_straight=0.699 detour=1.287
[INFO] [1787828151.498366891] [six_angels_material_sorting_client]: progress task=2 stage=navigate_to_pick: task 2 navigating to the pink shelf box; goal=(-1.50, 0.82, 3.14); nav_status=final_positioning; NAV_TEL phase=transfer status=final_positioning segment=nav_shelf x=-1.367 y=0.850 yaw=-2.964 dist=0.136 yaw_err=-0.177 cmd=(0.100,0.093) clear=0.650 footprint=transit_stowed path=0.900 planned_straight=0.699 detour=1.287
[INFO] [1787828153.546182036] [six_angels_material_sorting_client]: progress task=2 stage=navigate_to_pick: task 2 navigating to the pink shelf box; goal=(-1.50, 0.82, 3.14); nav_status=final_aligning; NAV_TEL phase=transfer status=final_aligning segment=nav_shelf x=-1.443 y=0.834 yaw=-2.907 dist=0.059 yaw_err=-0.234 cmd=(0.000,0.000) clear=0.600 footprint=transit_stowed path=0.900 planned_straight=0.699 detour=1.287
[INFO] [1787828154.446679818] [six_angels_material_sorting_client]: CONTROL_LOOP_HEALTH samples=400/4018 interval_p95=50.27ms interval_p99=55.84ms execution_p95=3.02ms interval_misses=5 execution_misses=8
[INFO] [1787828155.047586480] [six_angels_material_sorting_client]: controller=executing_stage task=2 attempt=1 stage=acquire_target score=40: task 2 entering acquire_target: task 2 reached the far shelf arm-staging stand for pink
[INFO] [1787828155.096031876] [six_angels_material_sorting_client]: controller=executing_stage task=2 attempt=1 stage=acquire_target score=40: task 2 attempt 1 stage=acquire_target
[INFO] [1787828155.146047463] [six_angels_material_sorting_client]: controller=executing_stage task=2 attempt=1 stage=align_for_pick score=40: task 2 entering align_for_pick: task 2 validated the pink shelf layer; coarse target=(-2.628, 0.74, 0.841); full RGB-D object centre will be locked after camera settling
[INFO] [1787828155.196001599] [six_angels_material_sorting_client]: controller=executing_stage task=2 attempt=1 stage=align_for_pick score=40: task 2 attempt 1 stage=align_for_pick
[INFO] [1787828157.196130291] [six_angels_material_sorting_client]: progress task=2 stage=align_for_pick: task 2 moving the retracted arms to the target shelf layer; slide_target=0.461, slide_err=0.261, left_err=0.003, right_err=0.003, cmd_err=0.241, slide_vel=0.118, max_vel=0.118
[INFO] [1787828159.195909944] [six_angels_material_sorting_client]: progress task=2 stage=align_for_pick: task 2 moving the retracted arms to the target shelf layer; slide_target=0.461, slide_err=0.140, left_err=0.002, right_err=0.002, cmd_err=0.121, slide_vel=0.181, max_vel=0.181
[INFO] [1787828159.495913815] [six_angels_material_sorting_client]: CONTROL_LOOP_HEALTH samples=400/4119 interval_p95=50.30ms interval_p99=55.84ms execution_p95=2.90ms interval_misses=5 execution_misses=8
[INFO] [1787828161.195885748] [six_angels_material_sorting_client]: progress task=2 stage=align_for_pick: task 2 moving the retracted arms to the target shelf layer; slide_target=0.461, slide_err=0.017, left_err=0.003, right_err=0.003, cmd_err=0.001, slide_vel=0.107, max_vel=0.107
[INFO] [1787828163.245709140] [six_angels_material_sorting_client]: progress task=2 stage=align_for_pick: task 2 holding outside the shelf and collecting fresh target-centre frames; center_samples=0/7 quality=mask_cloud_cuboid rejected=0
[INFO] [1787828164.545927519] [six_angels_material_sorting_client]: CONTROL_LOOP_HEALTH samples=400/4220 interval_p95=50.23ms interval_p99=50.92ms execution_p95=2.76ms interval_misses=5 execution_misses=8
[INFO] [1787828165.245634706] [six_angels_material_sorting_client]: progress task=2 stage=align_for_pick: task 2 holding outside the shelf and collecting fresh target-centre frames; center_samples=5/7 quality=mask_cloud_cuboid rejected=0
[INFO] [1787828167.295597540] [six_angels_material_sorting_client]: progress task=2 stage=align_for_pick: task 2 advancing straight toward the locked object centre; advancing straight; remaining=0.362 m
[INFO] [1787828169.296136068] [six_angels_material_sorting_client]: progress task=2 stage=align_for_pick: task 2 advancing straight toward the locked object centre; advancing straight; remaining=0.258 m
[INFO] [1787828169.546532453] [six_angels_material_sorting_client]: CONTROL_LOOP_HEALTH samples=400/4320 interval_p95=50.16ms interval_p99=50.69ms execution_p95=2.50ms interval_misses=5 execution_misses=8
[INFO] [1787828171.296102037] [six_angels_material_sorting_client]: progress task=2 stage=align_for_pick: task 2 advancing straight toward the locked object centre; advancing straight; remaining=0.155 m
[INFO] [1787828173.345859115] [six_angels_material_sorting_client]: progress task=2 stage=align_for_pick: task 2 advancing straight toward the locked object centre; advancing straight; remaining=0.087 m
[INFO] [1787828174.596374461] [six_angels_material_sorting_client]: CONTROL_LOOP_HEALTH samples=400/4421 interval_p95=50.14ms interval_p99=50.69ms execution_p95=1.83ms interval_misses=5 execution_misses=8
[INFO] [1787828175.346087906] [six_angels_material_sorting_client]: progress task=2 stage=align_for_pick: task 2 advancing straight toward the locked object centre; advancing straight; remaining=0.048 m
[INFO] [1787828177.396063925] [six_angels_material_sorting_client]: progress task=2 stage=align_for_pick: task 2 correcting final base drift before shelf pregrasp; lateral alignment rotating toward shelf-front direction; yaw_err=1.562
[INFO] [1787828179.445730146] [six_angels_material_sorting_client]: progress task=2 stage=align_for_pick: task 2 correcting final base drift before shelf pregrasp; lateral alignment rotating toward shelf-front direction; yaw_err=1.194
[INFO] [1787828179.646079094] [six_angels_material_sorting_client]: CONTROL_LOOP_HEALTH samples=400/4522 interval_p95=50.10ms interval_p99=50.82ms execution_p95=1.57ms interval_misses=5 execution_misses=8
[INFO] [1787828181.495869597] [six_angels_material_sorting_client]: progress task=2 stage=align_for_pick: task 2 correcting final base drift before shelf pregrasp; lateral alignment rotating toward shelf-front direction; yaw_err=0.745
[INFO] [1787828183.496425593] [six_angels_material_sorting_client]: progress task=2 stage=align_for_pick: task 2 correcting final base drift before shelf pregrasp; lateral alignment rotating toward shelf-front direction; yaw_err=0.343
[INFO] [1787828184.646321778] [six_angels_material_sorting_client]: CONTROL_LOOP_HEALTH samples=400/4622 interval_p95=50.12ms interval_p99=50.43ms execution_p95=1.55ms interval_misses=5 execution_misses=8
[INFO] [1787828185.545658107] [six_angels_material_sorting_client]: progress task=2 stage=align_for_pick: task 2 correcting final base drift before shelf pregrasp; lateral alignment rotating toward shelf-front direction; yaw_err=0.047
[INFO] [1787828187.546611335] [six_angels_material_sorting_client]: progress task=2 stage=align_for_pick: task 2 correcting final base drift before shelf pregrasp; lateral alignment driving along shelf front; y_err=-0.041, x_err=0.004
[INFO] [1787828189.595767120] [six_angels_material_sorting_client]: progress task=2 stage=align_for_pick: task 2 correcting final base drift before shelf pregrasp; lateral alignment restoring shelf-facing yaw; yaw_err=-1.531
[INFO] [1787828189.696280775] [six_angels_material_sorting_client]: CONTROL_LOOP_HEALTH samples=400/4723 interval_p95=50.14ms interval_p99=50.41ms execution_p95=1.56ms interval_misses=5 execution_misses=8
[INFO] [1787828191.596176300] [six_angels_material_sorting_client]: progress task=2 stage=align_for_pick: task 2 correcting final base drift before shelf pregrasp; lateral alignment restoring shelf-facing yaw; yaw_err=-1.096
[INFO] [1787828193.645525448] [six_angels_material_sorting_client]: progress task=2 stage=align_for_pick: task 2 correcting final base drift before shelf pregrasp; lateral alignment restoring shelf-facing yaw; yaw_err=-0.685
[INFO] [1787828194.746101548] [six_angels_material_sorting_client]: CONTROL_LOOP_HEALTH samples=400/4824 interval_p95=50.16ms interval_p99=50.25ms execution_p95=1.56ms interval_misses=5 execution_misses=8
[INFO] [1787828195.695681007] [six_angels_material_sorting_client]: progress task=2 stage=align_for_pick: task 2 correcting final base drift before shelf pregrasp; lateral alignment restoring shelf-facing yaw; yaw_err=-0.253
[INFO] [1787828197.695706210] [six_angels_material_sorting_client]: progress task=2 stage=align_for_pick: task 2 correcting final base drift before shelf pregrasp; lateral alignment restoring shelf-facing yaw; yaw_err=-0.041
[INFO] [1787828199.745906451] [six_angels_material_sorting_client]: progress task=2 stage=align_for_pick: task 2 fine-aligning arms around the shelf box; task 1 moving both open arms to pregrasp; target_base=(0.76, -0.007, 0.864); arm_tol=0.030, slide_err=0.031, left_err=0.576, right_err=0.576, cmd_err=0.560, max_vel=3.026
[INFO] [1787828199.746896972] [six_angels_material_sorting_client]: CONTROL_LOOP_HEALTH samples=400/4924 interval_p95=50.16ms interval_p99=50.25ms execution_p95=1.58ms interval_misses=5 execution_misses=8
[INFO] [1787828201.745895476] [six_angels_material_sorting_client]: progress task=2 stage=align_for_pick: task 2 fine-aligning arms around the shelf box; task 1 moving both open arms to pregrasp; target_base=(0.76, -0.007, 0.864); arm_tol=0.030, slide_err=0.009, left_err=0.003, right_err=0.003, cmd_err=0.000, max_vel=0.007
[INFO] [1787828201.947145216] [six_angels_material_sorting_client]: controller=executing_stage task=2 attempt=1 stage=grasp score=40: task 2 entering grasp: task 2 both open arms reached the shelf-box pregrasp pose after the safe straight approach
[INFO] [1787828201.996524923] [six_angels_material_sorting_client]: controller=executing_stage task=2 attempt=1 stage=grasp score=40: task 2 attempt 1 stage=grasp
[INFO] [1787828204.046085536] [six_angels_material_sorting_client]: progress task=2 stage=grasp: task 1 settling at the compliant contact start pose; compliance=active; left[contact=False, aligned=False, angle=1.1deg, effort_delta=1.61, effort_threshold=0.35, firm=True, firm_latched=False, velocity=0.000]; right[contact=False, aligned=False, angle=1.0deg, effort_delta=1.63, effort_threshold=0.35, firm=True, firm_latched=False, velocity=0.000]; target_base=(0.76, -0.006, 0.864); arm_tol=0.240, slide_err=0.007, left_err=0.016, right_err=0.016, cmd_err=0.000, max_vel=0.001; compliance=active; left[contact=False, aligned=False, angle=1.1deg, effort_delta=1.61, effort_threshold=0.35, firm=True, firm_latched=False, velocity=0.000]; right[contact=False, aligned=False, angle=1.0deg, effort_delta=1.63, effort_threshold=0.35, firm=True, firm_latched=False, velocity=0.000]
[INFO] [1787828204.750067503] [six_angels_material_sorting_client]: CONTROL_LOOP_HEALTH samples=400/5024 interval_p95=50.16ms interval_p99=50.35ms execution_p95=2.46ms interval_misses=5 execution_misses=8
[INFO] [1787828206.048180064] [six_angels_material_sorting_client]: progress task=2 stage=grasp: task 1 continuously applying locked-wrist preload; offset=1.6/2.7 mm; compliance=active; left[contact=True, aligned=True, angle=3.2deg, effort_delta=0.04, effort_threshold=0.35, firm=False, firm_latched=False, velocity=0.000]; right[contact=True, aligned=True, angle=3.1deg, effort_delta=0.06, effort_threshold=0.35, firm=False, firm_latched=False, velocity=0.000]
[INFO] [1787828207.746964367] [six_angels_material_sorting_client]: controller=executing_stage task=2 attempt=1 stage=lift score=40: task 2 entering lift: task 1 bilateral compliant grasp settled with locked wrists and 2.7 mm bounded preload; compliance=active; left[contact=True, aligned=True, angle=3.2deg, effort_delta=0.00, effort_threshold=0.35, firm=False, firm_latched=False, velocity=0.000]; right[contact=True, aligned=True, angle=3.1deg, effort_delta=0.01, effort_threshold=0.35, firm=False, firm_latched=False, velocity=0.000]
[INFO] [1787828207.796010903] [six_angels_material_sorting_client]: controller=executing_stage task=2 attempt=1 stage=lift score=40: task 2 attempt 1 stage=lift
[INFO] [1787828209.796575832] [six_angels_material_sorting_client]: CONTROL_LOOP_HEALTH samples=400/5125 interval_p95=50.15ms interval_p99=50.35ms execution_p95=4.22ms interval_misses=5 execution_misses=8
[INFO] [1787828209.845921069] [six_angels_material_sorting_client]: progress task=2 stage=lift: task 1 raising the spine while preserving arm preload; lift=0.080m, slide_target=0.357, slide_err=0.015, left_err=0.017, right_err=0.017, cmd_err=0.000, max_vel=0.019
[INFO] [1787828210.897036867] [six_angels_material_sorting_client]: controller=executing_stage task=2 attempt=1 stage=transport score=40: task 2 entering transport: task 1 lifted the held box 0.080 m; holding before transport
[INFO] [1787828211.100797970] [six_angels_material_sorting_client]: controller=executing_stage task=2 attempt=1 stage=transport score=40: task 2 attempt 1 stage=transport
[INFO] [1787828212.596351012] [six_angels_material_sorting_client]: scheduler candidate action=task2:transport:stand:left source=heuristic reason=rl_shadow_isolated:inference_result_stale costmap_v=188
[INFO] [1787828212.992928870] [six_angels_material_sorting_client]: progress task=2 stage=transport: task 2 holding the shelf box and retreating straight; remaining=0.493 m
[INFO] [1787828214.845139290] [six_angels_material_sorting_client]: CONTROL_LOOP_HEALTH samples=400/5223 interval_p95=51.73ms interval_p99=57.35ms execution_p95=4.24ms interval_misses=6 execution_misses=9
[INFO] [1787828214.946941686] [six_angels_material_sorting_client]: progress task=2 stage=transport: task 2 holding the shelf box and retreating straight; remaining=0.360 m
[INFO] [1787828217.062996546] [six_angels_material_sorting_client]: progress task=2 stage=transport: task 2 holding the shelf box and retreating straight; remaining=0.221 m
[INFO] [1787828219.038073070] [six_angels_material_sorting_client]: progress task=2 stage=transport: task 2 holding the shelf box and retreating straight; remaining=0.101 m
[INFO] [1787828219.820459318] [six_angels_material_sorting_client]: CONTROL_LOOP_HEALTH samples=400/5322 interval_p95=55.11ms interval_p99=60.10ms execution_p95=4.27ms interval_misses=7 execution_misses=10
[INFO] [1787828221.162066298] [six_angels_material_sorting_client]: progress task=2 stage=transport: task 2 holding the shelf box and retreating straight; remaining=0.043 m
[INFO] [1787828223.095928183] [six_angels_material_sorting_client]: progress task=2 stage=transport: task 2 raising the held box to maximum transport height; slide_target=-0.040, slide_err=0.379, left_err=0.017, right_err=0.017, cmd_err=0.349, slide_vel=0.039, max_vel=0.039
[INFO] [1787828224.952142061] [six_angels_material_sorting_client]: CONTROL_LOOP_HEALTH samples=400/5422 interval_p95=56.78ms interval_p99=60.88ms execution_p95=4.24ms interval_misses=8 execution_misses=11
[INFO] [1787828225.132376036] [six_angels_material_sorting_client]: progress task=2 stage=transport: task 2 raising the held box to maximum transport height; slide_target=-0.040, slide_err=0.256, left_err=0.017, right_err=0.017, cmd_err=0.229, slide_vel=0.179, max_vel=0.179
[INFO] [1787828227.107801195] [six_angels_material_sorting_client]: progress task=2 stage=transport: task 2 raising the held box to maximum transport height; slide_target=-0.040, slide_err=0.140, left_err=0.017, right_err=0.017, cmd_err=0.109, slide_vel=0.076, max_vel=0.076
[INFO] [1787828229.207866968] [six_angels_material_sorting_client]: progress task=2 stage=transport: task 2 raising the held box to maximum transport height; slide_target=-0.040, slide_err=0.022, left_err=0.017, right_err=0.017, cmd_err=0.000, slide_vel=0.034, max_vel=0.034
[INFO] [1787828230.005275920] [six_angels_material_sorting_client]: CONTROL_LOOP_HEALTH samples=400/5522 interval_p95=57.13ms interval_p99=62.45ms execution_p95=1.75ms interval_misses=9 execution_misses=12
[INFO] [1787828231.250153049] [six_angels_material_sorting_client]: progress task=2 stage=transport: task 2 preserving the shelf grasp while reversing toward table column x=-0.997; retreating straight; remaining=0.267 m; minimum carried-envelope clearance=0.287 m (carried_box to shelf)
[INFO] [1787828233.280849162] [six_angels_material_sorting_client]: progress task=2 stage=transport: task 2 preserving the shelf grasp while reversing toward table column x=-0.997; retreating straight; remaining=0.137 m; minimum carried-envelope clearance=0.418 m (carried_box to shelf)
[INFO] [1787828234.997077439] [six_angels_material_sorting_client]: CONTROL_LOOP_HEALTH samples=400/5621 interval_p95=56.85ms interval_p99=60.88ms execution_p95=2.43ms interval_misses=10 execution_misses=13
[INFO] [1787828235.304699031] [six_angels_material_sorting_client]: progress task=2 stage=transport: task 2 preserving the shelf grasp while reversing toward table column x=-0.997; retreating straight; remaining=0.065 m; minimum carried-envelope clearance=0.452 m (left_shoulder to south_wall)
[INFO] [1787828237.296899817] [six_angels_material_sorting_client]: progress task=2 stage=transport: task 2 preserving the shelf grasp while reversing toward table column x=-0.997; retreating straight; remaining=0.024 m; minimum carried-envelope clearance=0.452 m (left_shoulder to south_wall)
[INFO] [1787828239.450311926] [six_angels_material_sorting_client]: progress task=2 stage=transport: task 2 preserving the shelf grasp while turning north; goal=(-1.01, 0.78, 1.57); nav_status=final_aligning; NAV_TEL phase=transfer status=final_aligning segment=nav_table x=-1.003 y=0.782 yaw=2.774 dist=0.008 yaw_err=-1.203 cmd=(0.000,-0.500) clear=0.500 footprint=transit_carry path=0.000 planned_straight=0.000 detour=1.000; minimum carried-envelope clearance=0.497 m (left_shoulder to south_wall)
[INFO] [1787828240.003575034] [six_angels_material_sorting_client]: CONTROL_LOOP_HEALTH samples=400/5718 interval_p95=57.82ms interval_p99=103.40ms execution_p95=3.54ms interval_misses=13 execution_misses=16
[INFO] [1787828241.372464371] [six_angels_material_sorting_client]: progress task=2 stage=transport: task 2 preserving the shelf grasp while turning north; goal=(-1.01, 0.78, 1.57); nav_status=final_aligning; NAV_TEL phase=transfer status=final_aligning segment=nav_table x=-1.002 y=0.782 yaw=2.222 dist=0.009 yaw_err=-0.652 cmd=(0.000,-0.500) clear=0.500 footprint=transit_carry path=0.000 planned_straight=0.000 detour=1.000; minimum carried-envelope clearance=0.610 m (left_shoulder to south_wall)
[INFO] [1787828243.397932014] [six_angels_material_sorting_client]: progress task=2 stage=transport: task 2 preserving the shelf grasp while turning north; goal=(-1.01, 0.78, 1.57); nav_status=final_aligning; NAV_TEL phase=transfer status=final_aligning segment=nav_table x=-1.002 y=0.782 yaw=1.705 dist=0.009 yaw_err=-0.135 cmd=(0.000,-0.269) clear=0.550 footprint=transit_carry path=0.000 planned_straight=0.000 detour=1.000; minimum carried-envelope clearance=0.672 m (base to south_wall)
[INFO] [1787828244.996672426] [six_angels_material_sorting_client]: CONTROL_LOOP_HEALTH samples=400/5818 interval_p95=57.31ms interval_p99=103.40ms execution_p95=3.73ms interval_misses=14 execution_misses=16
[INFO] [1787828245.561115423] [six_angels_material_sorting_client]: progress task=2 stage=transport: task 2 carrying the unchanged shelf grasp north toward table entry y=1.190; advancing straight; remaining=0.343 m; minimum carried-envelope clearance=0.736 m (base to south_wall)
[INFO] [1787828247.497045231] [six_angels_material_sorting_client]: progress task=2 stage=transport: task 2 carrying the unchanged shelf grasp north toward table entry y=1.190; advancing straight; remaining=0.239 m; minimum carried-envelope clearance=0.739 m (base to table)
[INFO] [1787828249.547220997] [six_angels_material_sorting_client]: progress task=2 stage=transport: task 2 carrying the unchanged shelf grasp north toward table entry y=1.190; advancing straight; remaining=0.145 m; minimum carried-envelope clearance=0.661 m (base to table)
[INFO] [1787828249.995856147] [six_angels_material_sorting_client]: CONTROL_LOOP_HEALTH samples=400/5917 interval_p95=57.70ms interval_p99=103.40ms execution_p95=3.69ms interval_misses=15 execution_misses=17
[INFO] [1787828251.596781713] [six_angels_material_sorting_client]: progress task=2 stage=transport: task 2 carrying the unchanged shelf grasp north toward table entry y=1.190; advancing straight; remaining=0.081 m; minimum carried-envelope clearance=0.626 m (base to table)
[INFO] [1787828253.648135421] [six_angels_material_sorting_client]: progress task=2 stage=transport: task 2 carrying the unchanged shelf grasp north toward table entry y=1.190; advancing straight; remaining=0.046 m; minimum carried-envelope clearance=0.598 m (base to table)
[INFO] [1787828255.010649776] [six_angels_material_sorting_client]: CONTROL_LOOP_HEALTH samples=400/6018 interval_p95=58.35ms interval_p99=99.53ms execution_p95=3.65ms interval_misses=15 execution_misses=17
[INFO] [1787828255.647361490] [six_angels_material_sorting_client]: progress task=2 stage=transport: task 2 carrying the unchanged shelf grasp north toward table entry y=1.190; advancing straight; remaining=0.016 m; minimum carried-envelope clearance=0.569 m (base to table)
[INFO] [1787828255.747430846] [six_angels_material_sorting_client]: controller=executing_stage task=2 attempt=1 stage=align_for_place score=80: task 2 entering align_for_place: task 2 reached the table entry through envelope-checked reverse, turn and forward segments without changing the grasp
[INFO] [1787828255.796411194] [six_angels_material_sorting_client]: controller=executing_stage task=2 attempt=1 stage=align_for_place score=80: task 2 attempt 1 stage=align_for_place
[INFO] [1787828257.845875922] [six_angels_material_sorting_client]: progress task=2 stage=align_for_place: task 2 moving box to table clearance height; slide_target=0.413, slide_err=0.345, left_err=0.017, right_err=0.017, cmd_err=0.330, slide_vel=0.090, max_vel=0.090
[INFO] [1787828259.846597905] [six_angels_material_sorting_client]: progress task=2 stage=align_for_place: task 2 moving box to table clearance height; slide_target=0.413, slide_err=0.227, left_err=0.017, right_err=0.017, cmd_err=0.210, slide_vel=0.090, max_vel=0.090
[INFO] [1787828260.046621607] [six_angels_material_sorting_client]: CONTROL_LOOP_HEALTH samples=400/6119 interval_p95=56.66ms interval_p99=60.26ms execution_p95=3.57ms interval_misses=15 execution_misses=17
[INFO] [1787828261.896035275] [six_angels_material_sorting_client]: progress task=2 stage=align_for_place: task 2 moving box to table clearance height; slide_target=0.413, slide_err=0.103, left_err=0.017, right_err=0.017, cmd_err=0.087, slide_vel=0.045, max_vel=0.045
[INFO] [1787828263.896026749] [six_angels_material_sorting_client]: progress task=2 stage=align_for_place: task 2 moving box to table clearance height; slide_target=0.413, slide_err=0.005, left_err=0.017, right_err=0.017, cmd_err=0.000, slide_vel=0.023, max_vel=0.023
[INFO] [1787828265.096149714] [six_angels_material_sorting_client]: CONTROL_LOOP_HEALTH samples=400/6220 interval_p95=55.18ms interval_p99=59.45ms execution_p95=3.02ms interval_misses=15 execution_misses=17
[INFO] [1787828265.946725932] [six_angels_material_sorting_client]: progress task=2 stage=align_for_place: task 2 advancing straight from table entry to the exact saved origin; advancing straight; remaining=0.240 m; minimum carried-envelope clearance=0.490 m (base to table)
[INFO] [1787828267.996792086] [six_angels_material_sorting_client]: progress task=2 stage=align_for_place: task 2 advancing straight from table entry to the exact saved origin; advancing straight; remaining=0.145 m; minimum carried-envelope clearance=0.411 m (base to table)
[INFO] [1787828270.046945091] [six_angels_material_sorting_client]: progress task=2 stage=align_for_place: task 2 advancing straight from table entry to the exact saved origin; advancing straight; remaining=0.079 m; minimum carried-envelope clearance=0.374 m (base to table)
[INFO] [1787828270.096968559] [six_angels_material_sorting_client]: CONTROL_LOOP_HEALTH samples=400/6320 interval_p95=51.51ms interval_p99=58.13ms execution_p95=2.82ms interval_misses=15 execution_misses=17
[INFO] [1787828272.046722528] [six_angels_material_sorting_client]: progress task=2 stage=align_for_place: task 2 advancing straight from table entry to the exact saved origin; advancing straight; remaining=0.041 m; minimum carried-envelope clearance=0.343 m (base to table)
[INFO] [1787828273.597348932] [six_angels_material_sorting_client]: controller=executing_stage task=2 attempt=1 stage=place score=80: task 2 entering place: task 2 aligned held box over task 1's original table coordinate
[INFO] [1787828273.645906580] [six_angels_material_sorting_client]: controller=executing_stage task=2 attempt=1 stage=place score=80: task 2 attempt 1 stage=place
[INFO] [1787828275.146142336] [six_angels_material_sorting_client]: CONTROL_LOOP_HEALTH samples=400/6421 interval_p95=50.12ms interval_p99=50.96ms execution_p95=2.41ms interval_misses=15 execution_misses=17
[INFO] [1787828275.646197748] [six_angels_material_sorting_client]: progress task=2 stage=place: task 2 lowering box compliantly onto original table point; slide_target=0.456, slide_err=0.002, left_err=0.017, right_err=0.017, cmd_err=0.000, slide_vel=0.017, max_vel=0.017; compliant_place_phase=fast_approach, remaining_mm=12.0, step_mm=2.0, completion=None; placement_effort=active, slide_ratio=0.00, left_wrist_ratio=0.00, right_wrist_ratio=0.00, left_arm_max=0.00, right_arm_max=0.00, candidate=False, confirmed=False
[INFO] [1787828277.695957916] [six_angels_material_sorting_client]: progress task=2 stage=place: task 2 lowering box compliantly onto original table point; slide_target=0.460, slide_err=0.002, left_err=0.017, right_err=0.017, cmd_err=0.000, slide_vel=0.006, max_vel=0.006; compliant_place_phase=fine_descent, remaining_mm=8.0, step_mm=2.0, completion=None; placement_effort=active, slide_ratio=322.71, left_wrist_ratio=0.01, right_wrist_ratio=0.68, left_arm_max=23.78, right_arm_max=24.24, candidate=False, confirmed=False
[INFO] [1787828279.747172366] [six_angels_material_sorting_client]: progress task=2 stage=place: task 2 spreading both arms for table release; target_base=(0.772, -0.015, 0.834); arm_tol=0.030, slide_err=0.003, left_err=0.005, right_err=0.004, cmd_err=0.000, max_vel=0.006
[INFO] [1787828279.896838401] [six_angels_material_sorting_client]: controller=executing_stage task=2 attempt=1 stage=verify_place score=80: task 2 entering verify_place: task 2 opened both arms and released at task 1's original point
[INFO] [1787828279.946012138] [six_angels_material_sorting_client]: controller=executing_stage task=2 attempt=1 stage=verify_place score=80: task 2 attempt 1 stage=verify_place
[INFO] [1787828280.196883500] [six_angels_material_sorting_client]: CONTROL_LOOP_HEALTH samples=400/6522 interval_p95=50.11ms interval_p99=50.57ms execution_p95=2.38ms interval_misses=15 execution_misses=17
[INFO] [1787828280.996255872] [six_angels_material_sorting_client]: controller=executing_stage task=2 attempt=1 stage=return_to_end score=80: task 2 entering return_to_end: task 2 table placement settled; handing result to referee
[INFO] [1787828281.106631837] [six_angels_material_sorting_client]: controller=executing_stage task=2 attempt=1 stage=return_to_end score=80: task 2 attempt 1 stage=return_to_end
[INFO] [1787828281.109800049] [six_angels_material_sorting_client]: scheduler candidate action=task2:return_to_end:stand:left source=heuristic reason=rl_shadow_isolated:inference_result_stale costmap_v=334
[INFO] [1787828283.045740592] [six_angels_material_sorting_client]: progress task=2 stage=return_to_end: task 2 retreating straight; remaining=0.244 m after table release
[INFO] [1787828285.095684303] [six_angels_material_sorting_client]: progress task=2 stage=return_to_end: task 2 retreating straight; remaining=0.130 m after table release
[INFO] [1787828285.246232679] [six_angels_material_sorting_client]: CONTROL_LOOP_HEALTH samples=400/6623 interval_p95=50.57ms interval_p99=55.40ms execution_p95=2.38ms interval_misses=15 execution_misses=18
[INFO] [1787828287.095996897] [six_angels_material_sorting_client]: progress task=2 stage=return_to_end: task 2 retreating straight; remaining=0.061 m after table release
[INFO] [1787828289.145740570] [six_angels_material_sorting_client]: progress task=2 stage=return_to_end: task 2 retreating straight; remaining=0.018 m after table release
[INFO] [1787828290.283018593] [six_angels_material_sorting_client]: CONTROL_LOOP_HEALTH samples=400/6723 interval_p95=51.01ms interval_p99=55.40ms execution_p95=2.32ms interval_misses=15 execution_misses=18
[INFO] [1787828291.146302636] [six_angels_material_sorting_client]: progress task=2 stage=return_to_end: task 2 retracting arms after table retreat; transport retract; slide_err=0.001, left_err=0.003, right_err=0.003, cmd_err=0.000, max_vel=0.010
[INFO] [1787828293.197494981] [six_angels_material_sorting_client]: progress task=2 stage=return_to_end: task 2 returning to the end zone; goal=(-0.78, 0.55, 1.57); nav_status=navigating; NAV_TEL phase=transfer status=navigating segment=nav_end x=-1.006 y=1.087 yaw=1.221 dist=0.583 yaw_err=0.350 cmd=(0.000,-0.550) clear=0.550 footprint=transit_stowed path=0.539 planned_straight=0.583 detour=0.924
[INFO] [1787828295.246938446] [six_angels_material_sorting_client]: progress task=2 stage=return_to_end: task 2 returning to the end zone; goal=(-0.78, 0.55, 1.57); nav_status=navigating; NAV_TEL phase=transfer status=navigating segment=nav_end x=-1.006 y=1.086 yaw=0.671 dist=0.582 yaw_err=0.899 cmd=(0.000,-0.550) clear=0.550 footprint=transit_stowed path=0.539 planned_straight=0.583 detour=0.924
[INFO] [1787828295.248043427] [six_angels_material_sorting_client]: CONTROL_LOOP_HEALTH samples=400/6823 interval_p95=51.28ms interval_p99=55.40ms execution_p95=2.85ms interval_misses=15 execution_misses=18
[INFO] [1787828297.247445385] [six_angels_material_sorting_client]: progress task=2 stage=return_to_end: task 2 returning to the end zone; goal=(-0.78, 0.55, 1.57); nav_status=navigating; NAV_TEL phase=transfer status=navigating segment=nav_end x=-1.007 y=1.086 yaw=0.143 dist=0.582 yaw_err=1.428 cmd=(0.000,-0.550) clear=0.600 footprint=transit_stowed path=0.539 planned_straight=0.583 detour=0.924
[INFO] [1787828299.335540841] [six_angels_material_sorting_client]: progress task=2 stage=return_to_end: task 2 returning to the end zone; goal=(-0.78, 0.55, 1.57); nav_status=navigating; NAV_TEL phase=transfer status=navigating segment=nav_end x=-1.008 y=1.086 yaw=-0.413 dist=0.582 yaw_err=1.984 cmd=(0.000,-0.550) clear=0.550 footprint=transit_stowed path=0.539 planned_straight=0.583 detour=0.924
[INFO] [1787828300.296959261] [six_angels_material_sorting_client]: CONTROL_LOOP_HEALTH samples=400/6924 interval_p95=51.28ms interval_p99=55.40ms execution_p95=2.92ms interval_misses=15 execution_misses=18
[INFO] [1787828301.296905391] [six_angels_material_sorting_client]: progress task=2 stage=return_to_end: task 2 returning to the end zone; goal=(-0.78, 0.55, 1.57); nav_status=navigating; NAV_TEL phase=transfer status=navigating segment=nav_end x=-1.006 y=1.083 yaw=-0.947 dist=0.579 yaw_err=2.517 cmd=(0.180,-0.319) clear=0.550 footprint=transit_stowed path=0.539 planned_straight=0.583 detour=0.924
[INFO] [1787828303.296825651] [six_angels_material_sorting_client]: progress task=2 stage=return_to_end: task 2 returning to the end zone; goal=(-0.78, 0.55, 1.57); nav_status=navigating; NAV_TEL phase=transfer status=navigating segment=nav_end x=-0.926 y=0.933 yaw=-1.156 dist=0.410 yaw_err=2.727 cmd=(0.180,-0.064) clear=0.600 footprint=transit_stowed path=0.539 planned_straight=0.583 detour=0.924
[INFO] [1787828305.297511563] [six_angels_material_sorting_client]: CONTROL_LOOP_HEALTH samples=400/7024 interval_p95=50.22ms interval_p99=51.33ms execution_p95=2.99ms interval_misses=15 execution_misses=18
[INFO] [1787828305.347127921] [six_angels_material_sorting_client]: progress task=2 stage=return_to_end: task 2 returning to the end zone; goal=(-0.78, 0.55, 1.57); nav_status=navigating; NAV_TEL phase=transfer status=navigating segment=nav_end x=-0.860 y=0.773 yaw=-1.195 dist=0.237 yaw_err=2.766 cmd=(0.169,-0.012) clear=0.450 footprint=transit_stowed path=0.539 planned_straight=0.583 detour=0.924
[INFO] [1787828307.359929143] [six_angels_material_sorting_client]: progress task=2 stage=return_to_end: task 2 returning to the end zone; goal=(-0.78, 0.55, 1.57); nav_status=final_positioning; NAV_TEL phase=transfer status=final_positioning segment=nav_end x=-0.815 y=0.653 yaw=-1.233 dist=0.109 yaw_err=2.803 cmd=(0.087,-0.030) clear=0.300 footprint=transit_stowed path=0.539 planned_straight=0.583 detour=0.924
[INFO] [1787828309.397190244] [six_angels_material_sorting_client]: progress task=2 stage=return_to_end: task 2 returning to the end zone; goal=(-0.78, 0.55, 1.57); nav_status=final_aligning; NAV_TEL phase=transfer status=final_aligning segment=nav_end x=-0.802 y=0.617 yaw=-0.973 dist=0.071 yaw_err=2.543 cmd=(0.000,0.500) clear=0.300 footprint=transit_stowed path=0.539 planned_straight=0.583 detour=0.924
[INFO] [1787828310.347209568] [six_angels_material_sorting_client]: CONTROL_LOOP_HEALTH samples=400/7125 interval_p95=50.20ms interval_p99=50.62ms execution_p95=3.09ms interval_misses=15 execution_misses=18
[INFO] [1787828311.460693317] [six_angels_material_sorting_client]: progress task=2 stage=return_to_end: task 2 returning to the end zone; goal=(-0.78, 0.55, 1.57); nav_status=final_aligning; NAV_TEL phase=transfer status=final_aligning segment=nav_end x=-0.802 y=0.618 yaw=-0.456 dist=0.071 yaw_err=2.027 cmd=(0.000,0.500) clear=0.350 footprint=transit_stowed path=0.539 planned_straight=0.583 detour=0.924
[INFO] [1787828313.497088920] [six_angels_material_sorting_client]: progress task=2 stage=return_to_end: task 2 returning to the end zone; goal=(-0.78, 0.55, 1.57); nav_status=final_aligning; NAV_TEL phase=transfer status=final_aligning segment=nav_end x=-0.803 y=0.618 yaw=0.070 dist=0.072 yaw_err=1.501 cmd=(0.000,0.500) clear=0.450 footprint=transit_stowed path=0.539 planned_straight=0.583 detour=0.924
[INFO] [1787828315.407102435] [six_angels_material_sorting_client]: CONTROL_LOOP_HEALTH samples=400/7226 interval_p95=50.18ms interval_p99=50.26ms execution_p95=2.93ms interval_misses=15 execution_misses=18
[INFO] [1787828315.546454803] [six_angels_material_sorting_client]: progress task=2 stage=return_to_end: task 2 returning to the end zone; goal=(-0.78, 0.55, 1.57); nav_status=final_aligning; NAV_TEL phase=transfer status=final_aligning segment=nav_end x=-0.803 y=0.618 yaw=0.592 dist=0.072 yaw_err=0.978 cmd=(0.000,0.500) clear=0.350 footprint=transit_stowed path=0.539 planned_straight=0.583 detour=0.924
[INFO] [1787828317.546512159] [six_angels_material_sorting_client]: progress task=2 stage=return_to_end: task 2 returning to the end zone; goal=(-0.78, 0.55, 1.57); nav_status=final_aligning; NAV_TEL phase=transfer status=final_aligning segment=nav_end x=-0.804 y=0.617 yaw=1.105 dist=0.071 yaw_err=0.466 cmd=(0.000,0.500) clear=0.350 footprint=transit_stowed path=0.539 planned_straight=0.583 detour=0.924
[INFO] [1787828319.396914690] [six_angels_material_sorting_client]: controller=waiting_for_referee task=2 attempt=1 stage=- score=100: task 2 local sequence completed; waiting for Server referee: task 2 returned to the end zone; local sequence complete
[INFO] [1787828319.445811108] [six_angels_material_sorting_client]: controller=starting_task task=3 attempt=1 stage=navigate_to_pick score=100: referee advanced to task 3; starting attempt 1
[INFO] [1787828319.494989236] [six_angels_material_sorting_client]: task detection epoch retains brown RGB-D history
[INFO] [1787828319.497719558] [six_angels_material_sorting_client]: controller=executing_stage task=3 attempt=1 stage=navigate_to_pick score=100: task 3 entering navigate_to_pick
[INFO] [1787828319.592098931] [six_angels_material_sorting_client]: controller=executing_stage task=3 attempt=1 stage=navigate_to_pick score=100: task 3 attempt 1 stage=navigate_to_pick
[INFO] [1787828319.783408869] [six_angels_material_sorting_client]: scheduler candidate action=task3:navigate_to_pick:stand:left source=heuristic reason=rl_shadow_isolated:submitted costmap_v=392
[INFO] [1787828320.487143254] [six_angels_material_sorting_client]: CONTROL_LOOP_HEALTH samples=400/7325 interval_p95=50.22ms interval_p99=52.67ms execution_p95=2.93ms interval_misses=16 execution_misses=19
[INFO] [1787828321.656699289] [six_angels_material_sorting_client]: progress task=3 stage=navigate_to_pick: task 3 navigating to top-box brown pick stand; nav_status=navigating
[INFO] [1787828323.597586911] [six_angels_material_sorting_client]: progress task=3 stage=navigate_to_pick: task 3 navigating to top-box brown pick stand; nav_status=navigating
[INFO] [1787828325.447554664] [six_angels_material_sorting_client]: CONTROL_LOOP_HEALTH samples=400/7424 interval_p95=52.18ms interval_p99=60.62ms execution_p95=3.30ms interval_misses=18 execution_misses=20
[INFO] [1787828325.596927060] [six_angels_material_sorting_client]: progress task=3 stage=navigate_to_pick: task 3 navigating to top-box brown pick stand; nav_status=navigating
[INFO] [1787828327.761867848] [six_angels_material_sorting_client]: progress task=3 stage=navigate_to_pick: task 3 navigating to top-box brown pick stand; nav_status=navigating
[INFO] [1787828329.728991113] [six_angels_material_sorting_client]: progress task=3 stage=navigate_to_pick: task 3 navigating to top-box brown pick stand; nav_status=navigating
[INFO] [1787828330.447531771] [six_angels_material_sorting_client]: CONTROL_LOOP_HEALTH samples=400/7523 interval_p95=54.98ms interval_p99=61.23ms execution_p95=3.94ms interval_misses=19 execution_misses=21
[INFO] [1787828331.966513659] [six_angels_material_sorting_client]: progress task=3 stage=navigate_to_pick: task 3 navigating to top-box brown pick stand; nav_status=navigating
[INFO] [1787828333.880793855] [six_angels_material_sorting_client]: progress task=3 stage=navigate_to_pick: task 3 navigating to top-box brown pick stand; nav_status=final_positioning
[INFO] [1787828335.567705075] [six_angels_material_sorting_client]: CONTROL_LOOP_HEALTH samples=400/7619 interval_p95=55.59ms interval_p99=113.70ms execution_p95=12.89ms interval_misses=21 execution_misses=23
[INFO] [1787828336.013327251] [six_angels_material_sorting_client]: progress task=3 stage=navigate_to_pick: task 3 navigating to top-box brown pick stand; nav_status=final_positioning
[INFO] [1787828337.497611534] [six_angels_material_sorting_client]: controller=executing_stage task=3 attempt=1 stage=acquire_target score=100: task 3 entering acquire_target: task 3 reached the detected brown top-box pick stand; NAV_GOAL_REACHED segment=nav_table
[INFO] [1787828337.546456852] [six_angels_material_sorting_client]: controller=executing_stage task=3 attempt=1 stage=acquire_target score=100: task 3 attempt 1 stage=acquire_target
[INFO] [1787828337.596574211] [six_angels_material_sorting_client]: controller=executing_stage task=3 attempt=1 stage=align_for_pick score=100: task 3 entering align_for_pick: task 3 reused the stable top-box center collected during navigation: center=(-0.548, 2.264, 1.009), orientation=yaw90
[INFO] [1787828337.646371850] [six_angels_material_sorting_client]: controller=executing_stage task=3 attempt=1 stage=align_for_pick score=100: task 3 attempt 1 stage=align_for_pick
[INFO] [1787828339.646301465] [six_angels_material_sorting_client]: progress task=3 stage=align_for_pick: task 1 moving both open arms to pregrasp; target_base=(0.712, -0.018, 1.009); arm_tol=0.030, slide_err=0.008, left_err=0.002, right_err=0.002, cmd_err=0.000, max_vel=0.011
[INFO] [1787828340.248183102] [six_angels_material_sorting_client]: controller=executing_stage task=3 attempt=1 stage=grasp score=100: task 3 entering grasp: task 1 both open arms reached the non-contact pregrasp pose
[INFO] [1787828340.297492311] [six_angels_material_sorting_client]: controller=executing_stage task=3 attempt=1 stage=grasp score=100: task 3 attempt 1 stage=grasp
[INFO] [1787828340.498404787] [six_angels_material_sorting_client]: CONTROL_LOOP_HEALTH samples=400/7715 interval_p95=55.81ms interval_p99=120.04ms execution_p95=12.89ms interval_misses=23 execution_misses=24
[INFO] [1787828342.346379234] [six_angels_material_sorting_client]: progress task=3 stage=grasp: task 1 settling at the compliant contact start pose; compliance=active; left[contact=False, aligned=False, angle=0.1deg, effort_delta=1.63, effort_threshold=0.35, firm=True, firm_latched=False, velocity=0.002]; right[contact=False, aligned=False, angle=0.2deg, effort_delta=1.64, effort_threshold=0.35, firm=True, firm_latched=False, velocity=0.001]; target_base=(0.712, -0.015, 1.009); arm_tol=0.240, slide_err=0.007, left_err=0.014, right_err=0.014, cmd_err=0.000, max_vel=0.003; compliance=active; left[contact=False, aligned=False, angle=0.1deg, effort_delta=1.63, effort_threshold=0.35, firm=True, firm_latched=False, velocity=0.002]; right[contact=False, aligned=False, angle=0.2deg, effort_delta=1.64, effort_threshold=0.35, firm=True, firm_latched=False, velocity=0.001]
[INFO] [1787828344.348791563] [six_angels_material_sorting_client]: progress task=3 stage=grasp: task 1 continuously applying locked-wrist preload; offset=1.3/2.8 mm; compliance=active; left[contact=True, aligned=True, angle=2.2deg, effort_delta=0.15, effort_threshold=0.35, firm=False, firm_latched=False, velocity=0.000]; right[contact=True, aligned=True, angle=1.9deg, effort_delta=0.14, effort_threshold=0.35, firm=False, firm_latched=False, velocity=0.000]
[INFO] [1787828345.501578830] [six_angels_material_sorting_client]: CONTROL_LOOP_HEALTH samples=400/7815 interval_p95=55.17ms interval_p99=113.70ms execution_p95=8.49ms interval_misses=23 execution_misses=24
[INFO] [1787828346.397609768] [six_angels_material_sorting_client]: controller=executing_stage task=3 attempt=1 stage=lift score=100: task 3 entering lift: task 1 bilateral compliant grasp settled with locked wrists and 2.8 mm bounded preload; compliance=active; left[contact=True, aligned=True, angle=2.2deg, effort_delta=0.10, effort_threshold=0.35, firm=False, firm_latched=False, velocity=0.000]; right[contact=True, aligned=True, angle=1.8deg, effort_delta=0.09, effort_threshold=0.35, firm=False, firm_latched=False, velocity=0.000]
[INFO] [1787828346.446114746] [six_angels_material_sorting_client]: controller=executing_stage task=3 attempt=1 stage=lift score=100: task 3 attempt 1 stage=lift
[INFO] [1787828348.495992252] [six_angels_material_sorting_client]: progress task=3 stage=lift: task 3 raising the spine while preserving arm preload; bounded_contact=False; lift=0.150m, slide_target=0.142, slide_err=0.058, left_err=0.015, right_err=0.015, cmd_err=0.027, max_vel=0.124
[INFO] [1787828350.497275962] [six_angels_material_sorting_client]: progress task=3 stage=lift: task 3 raising the spine while preserving arm preload; bounded_contact=True; lift=0.150m, slide_target=0.142, slide_err=0.010, left_err=0.015, right_err=0.015, cmd_err=0.000, max_vel=0.009
[INFO] [1787828350.546931951] [six_angels_material_sorting_client]: controller=executing_stage task=3 attempt=1 stage=transport score=100: task 3 entering transport: task 3 accepted the completed 0.15 m lift with bounded held-box contact motion; lift=0.150m, slide_target=0.142, slide_err=0.010, left_err=0.015, right_err=0.015, cmd_err=0.000, max_vel=0.008
[INFO] [1787828350.548254052] [six_angels_material_sorting_client]: CONTROL_LOOP_HEALTH samples=400/7916 interval_p95=53.93ms interval_p99=69.81ms execution_p95=7.45ms interval_misses=23 execution_misses=24
[INFO] [1787828350.664938633] [six_angels_material_sorting_client]: controller=executing_stage task=3 attempt=1 stage=transport score=100: task 3 attempt 1 stage=transport
[INFO] [1787828350.669920257] [six_angels_material_sorting_client]: scheduler candidate action=task3:transport:stand:right source=heuristic reason=rl_shadow_isolated:inference_result_stale costmap_v=416
[INFO] [1787828352.613105982] [six_angels_material_sorting_client]: progress task=3 stage=transport: task 3 holding the top-box and retreating from table; retreating straight; remaining=0.259 m
[INFO] [1787828354.646261118] [six_angels_material_sorting_client]: progress task=3 stage=transport: task 3 holding the top-box and retreating from table; retreating straight; remaining=0.155 m
[INFO] [1787828355.595998989] [six_angels_material_sorting_client]: CONTROL_LOOP_HEALTH samples=400/8017 interval_p95=53.20ms interval_p99=59.28ms execution_p95=4.38ms interval_misses=23 execution_misses=25
[INFO] [1787828356.696097398] [six_angels_material_sorting_client]: progress task=3 stage=transport: task 3 holding the top-box and retreating from table; retreating straight; remaining=0.081 m
[INFO] [1787828358.738266552] [six_angels_material_sorting_client]: progress task=3 stage=transport: task 3 holding the top-box and retreating from table; retreating straight; remaining=0.040 m
[INFO] [1787828360.596161684] [six_angels_material_sorting_client]: CONTROL_LOOP_HEALTH samples=400/8117 interval_p95=52.15ms interval_p99=58.26ms execution_p95=4.38ms interval_misses=23 execution_misses=25
[INFO] [1787828360.749446213] [six_angels_material_sorting_client]: progress task=3 stage=transport: task 3 turning counter-clockwise toward the shelf before translation; yaw_error=1.459
[INFO] [1787828362.748370666] [six_angels_material_sorting_client]: progress task=3 stage=transport: task 3 turning counter-clockwise toward the shelf before translation; yaw_error=1.130
[INFO] [1787828364.746432198] [six_angels_material_sorting_client]: progress task=3 stage=transport: task 3 turning counter-clockwise toward the shelf before translation; yaw_error=0.782
[INFO] [1787828365.646536892] [six_angels_material_sorting_client]: CONTROL_LOOP_HEALTH samples=400/8218 interval_p95=52.70ms interval_p99=58.26ms execution_p95=2.16ms interval_misses=23 execution_misses=25
[INFO] [1787828366.840229086] [six_angels_material_sorting_client]: progress task=3 stage=transport: task 3 turning counter-clockwise toward the shelf before translation; yaw_error=0.414
[INFO] [1787828368.846437526] [six_angels_material_sorting_client]: progress task=3 stage=transport: task 3 turning counter-clockwise toward the shelf before translation; yaw_error=0.121
[INFO] [1787828370.649453288] [six_angels_material_sorting_client]: CONTROL_LOOP_HEALTH samples=400/8318 interval_p95=52.15ms interval_p99=58.00ms execution_p95=1.64ms interval_misses=23 execution_misses=25
[INFO] [1787828370.848470074] [six_angels_material_sorting_client]: progress task=3 stage=transport: task 1 advancing shelfward with the safe west-facing heading; advancing straight; remaining=0.449 m
[INFO] [1787828372.896151598] [six_angels_material_sorting_client]: progress task=3 stage=transport: task 1 advancing shelfward with the safe west-facing heading; advancing straight; remaining=0.357 m
[INFO] [1787828374.946122205] [six_angels_material_sorting_client]: progress task=3 stage=transport: task 1 advancing shelfward with the safe west-facing heading; advancing straight; remaining=0.257 m
[INFO] [1787828375.696667693] [six_angels_material_sorting_client]: CONTROL_LOOP_HEALTH samples=400/8419 interval_p95=50.76ms interval_p99=51.30ms execution_p95=1.58ms interval_misses=23 execution_misses=25
[INFO] [1787828376.995816702] [six_angels_material_sorting_client]: progress task=3 stage=transport: task 1 advancing shelfward with the safe west-facing heading; advancing straight; remaining=0.161 m
[INFO] [1787828378.996307261] [six_angels_material_sorting_client]: progress task=3 stage=transport: task 1 advancing shelfward with the safe west-facing heading; advancing straight; remaining=0.093 m
[INFO] [1787828380.746141014] [six_angels_material_sorting_client]: CONTROL_LOOP_HEALTH samples=400/8520 interval_p95=50.56ms interval_p99=51.21ms execution_p95=1.61ms interval_misses=23 execution_misses=25
[INFO] [1787828380.996001870] [six_angels_material_sorting_client]: progress task=3 stage=transport: task 1 advancing shelfward with the safe west-facing heading; advancing straight; remaining=0.052 m
[INFO] [1787828382.999055493] [six_angels_material_sorting_client]: progress task=3 stage=transport: task 1 advancing shelfward with the safe west-facing heading; advancing straight; remaining=0.018 m
[INFO] [1787828385.046214151] [six_angels_material_sorting_client]: progress task=3 stage=transport: task 3 moving laterally at the safe shelf-front clearance; lateral alignment rotating toward shelf-front direction; yaw_err=1.329
[INFO] [1787828385.746608581] [six_angels_material_sorting_client]: CONTROL_LOOP_HEALTH samples=400/8620 interval_p95=50.59ms interval_p99=51.23ms execution_p95=1.71ms interval_misses=23 execution_misses=25
[INFO] [1787828387.046469083] [six_angels_material_sorting_client]: progress task=3 stage=transport: task 3 moving laterally at the safe shelf-front clearance; lateral alignment rotating toward shelf-front direction; yaw_err=0.945
[INFO] [1787828389.046601645] [six_angels_material_sorting_client]: progress task=3 stage=transport: task 3 moving laterally at the safe shelf-front clearance; lateral alignment rotating toward shelf-front direction; yaw_err=0.578
[INFO] [1787828390.746563452] [six_angels_material_sorting_client]: CONTROL_LOOP_HEALTH samples=400/8720 interval_p95=50.56ms interval_p99=51.23ms execution_p95=1.71ms interval_misses=23 execution_misses=25
[INFO] [1787828391.096082587] [six_angels_material_sorting_client]: progress task=3 stage=transport: task 3 moving laterally at the safe shelf-front clearance; lateral alignment rotating toward shelf-front direction; yaw_err=0.219
[INFO] [1787828393.146192161] [six_angels_material_sorting_client]: progress task=3 stage=transport: task 3 moving laterally at the safe shelf-front clearance; lateral alignment driving along shelf front; y_err=-0.371, x_err=-0.010
[INFO] [1787828395.146957516] [six_angels_material_sorting_client]: progress task=3 stage=transport: task 3 moving laterally at the safe shelf-front clearance; lateral alignment driving along shelf front; y_err=-0.268, x_err=-0.008
[INFO] [1787828395.796429547] [six_angels_material_sorting_client]: CONTROL_LOOP_HEALTH samples=400/8821 interval_p95=50.23ms interval_p99=51.21ms execution_p95=1.76ms interval_misses=23 execution_misses=25
[INFO] [1787828397.196229010] [six_angels_material_sorting_client]: progress task=3 stage=transport: task 3 moving laterally at the safe shelf-front clearance; lateral alignment driving along shelf front; y_err=-0.157, x_err=-0.007
[INFO] [1787828399.246167445] [six_angels_material_sorting_client]: progress task=3 stage=transport: task 3 moving laterally at the safe shelf-front clearance; lateral alignment driving along shelf front; y_err=-0.075, x_err=-0.006
[INFO] [1787828400.846068336] [six_angels_material_sorting_client]: CONTROL_LOOP_HEALTH samples=400/8922 interval_p95=50.23ms interval_p99=50.98ms execution_p95=1.73ms interval_misses=23 execution_misses=25
[INFO] [1787828401.295742671] [six_angels_material_sorting_client]: progress task=3 stage=transport: task 3 moving laterally at the safe shelf-front clearance; lateral alignment driving along shelf front; y_err=-0.029, x_err=-0.006
[INFO] [1787828403.296406668] [six_angels_material_sorting_client]: progress task=3 stage=transport: task 3 moving laterally at the safe shelf-front clearance; lateral alignment restoring shelf-facing yaw; yaw_err=-1.322
[INFO] [1787828405.362854159] [six_angels_material_sorting_client]: progress task=3 stage=transport: task 3 moving laterally at the safe shelf-front clearance; lateral alignment restoring shelf-facing yaw; yaw_err=-0.853
[INFO] [1787828405.914467014] [six_angels_material_sorting_client]: CONTROL_LOOP_HEALTH samples=400/9023 interval_p95=50.24ms interval_p99=50.98ms execution_p95=1.67ms interval_misses=23 execution_misses=25
[INFO] [1787828407.345738544] [six_angels_material_sorting_client]: progress task=3 stage=transport: task 3 moving laterally at the safe shelf-front clearance; lateral alignment restoring shelf-facing yaw; yaw_err=-0.415
[INFO] [1787828409.345704883] [six_angels_material_sorting_client]: progress task=3 stage=transport: task 3 moving laterally at the safe shelf-front clearance; lateral alignment restoring shelf-facing yaw; yaw_err=-0.065
[INFO] [1787828409.461766665] [six_angels_material_sorting_client]: controller=executing_stage task=3 attempt=1 stage=align_for_place score=140: task 3 entering align_for_place: task 1 reached the safe shelf pre-place stand with the carried center still 0.75 m in front of the shelf
[INFO] [1787828409.496143952] [six_angels_material_sorting_client]: controller=executing_stage task=3 attempt=1 stage=align_for_place score=140: task 3 attempt 1 stage=align_for_place
[INFO] [1787828410.945982007] [six_angels_material_sorting_client]: CONTROL_LOOP_HEALTH samples=400/9124 interval_p95=50.23ms interval_p99=50.98ms execution_p95=1.66ms interval_misses=23 execution_misses=25
[INFO] [1787828411.496075152] [six_angels_material_sorting_client]: progress task=3 stage=align_for_place: task 1 moving held top-box to task-3 shelf clearance height; slide_target=0.026, slide_err=0.025, left_err=0.015, right_err=0.015, cmd_err=0.000, slide_vel=0.087, max_vel=0.087
[INFO] [1787828413.545789331] [six_angels_material_sorting_client]: progress task=3 stage=align_for_place: task 3 aligning outside shelf for packaging-box left placement; lateral alignment rotating toward shelf-front direction; yaw_err=1.451
[INFO] [1787828415.546087433] [six_angels_material_sorting_client]: progress task=3 stage=align_for_place: task 3 aligning outside shelf for packaging-box left placement; lateral alignment rotating toward shelf-front direction; yaw_err=1.006
[INFO] [1787828415.996108529] [six_angels_material_sorting_client]: CONTROL_LOOP_HEALTH samples=400/9225 interval_p95=50.23ms interval_p99=50.98ms execution_p95=1.65ms interval_misses=23 execution_misses=25
[INFO] [1787828417.596113614] [six_angels_material_sorting_client]: progress task=3 stage=align_for_place: task 3 aligning outside shelf for packaging-box left placement; lateral alignment rotating toward shelf-front direction; yaw_err=0.545
[INFO] [1787828419.596227887] [six_angels_material_sorting_client]: progress task=3 stage=align_for_place: task 3 aligning outside shelf for packaging-box left placement; lateral alignment rotating toward shelf-front direction; yaw_err=0.118
[INFO] [1787828420.996257465] [six_angels_material_sorting_client]: CONTROL_LOOP_HEALTH samples=400/9325 interval_p95=50.22ms interval_p99=50.61ms execution_p95=1.68ms interval_misses=23 execution_misses=25
[INFO] [1787828421.645937470] [six_angels_material_sorting_client]: progress task=3 stage=align_for_place: task 3 aligning outside shelf for packaging-box left placement; lateral alignment driving along shelf front; y_err=-0.206, x_err=-0.005
[INFO] [1787828423.695476683] [six_angels_material_sorting_client]: progress task=3 stage=align_for_place: task 3 aligning outside shelf for packaging-box left placement; lateral alignment driving along shelf front; y_err=-0.105, x_err=-0.004
[INFO] [1787828425.695549017] [six_angels_material_sorting_client]: progress task=3 stage=align_for_place: task 3 aligning outside shelf for packaging-box left placement; lateral alignment driving along shelf front; y_err=-0.053, x_err=-0.004
[INFO] [1787828425.996427206] [six_angels_material_sorting_client]: CONTROL_LOOP_HEALTH samples=400/9425 interval_p95=50.21ms interval_p99=50.44ms execution_p95=1.68ms interval_misses=23 execution_misses=25
[INFO] [1787828427.696878113] [six_angels_material_sorting_client]: progress task=3 stage=align_for_place: task 3 aligning outside shelf for packaging-box left placement; lateral alignment restoring shelf-facing yaw; yaw_err=-1.550
[INFO] [1787828429.746990179] [six_angels_material_sorting_client]: progress task=3 stage=align_for_place: task 3 aligning outside shelf for packaging-box left placement; lateral alignment restoring shelf-facing yaw; yaw_err=-1.106
[INFO] [1787828431.046250230] [six_angels_material_sorting_client]: CONTROL_LOOP_HEALTH samples=400/9526 interval_p95=50.20ms interval_p99=50.78ms execution_p95=1.70ms interval_misses=23 execution_misses=25
[INFO] [1787828431.795727964] [six_angels_material_sorting_client]: progress task=3 stage=align_for_place: task 3 aligning outside shelf for packaging-box left placement; lateral alignment restoring shelf-facing yaw; yaw_err=-0.641
[INFO] [1787828433.845705061] [six_angels_material_sorting_client]: progress task=3 stage=align_for_place: task 3 aligning outside shelf for packaging-box left placement; lateral alignment restoring shelf-facing yaw; yaw_err=-0.190
[INFO] [1787828435.895411708] [six_angels_material_sorting_client]: progress task=3 stage=align_for_place: task 1 advancing to the shallow task-3 insertion stand; advancing straight; remaining=0.590 m
[INFO] [1787828436.095952657] [six_angels_material_sorting_client]: CONTROL_LOOP_HEALTH samples=400/9627 interval_p95=50.23ms interval_p99=50.88ms execution_p95=1.71ms interval_misses=23 execution_misses=25
[INFO] [1787828437.895608057] [six_angels_material_sorting_client]: progress task=3 stage=align_for_place: task 1 advancing to the shallow task-3 insertion stand; advancing straight; remaining=0.474 m
[INFO] [1787828439.895683756] [six_angels_material_sorting_client]: progress task=3 stage=align_for_place: task 1 advancing to the shallow task-3 insertion stand; advancing straight; remaining=0.354 m
[INFO] [1787828441.096017100] [six_angels_material_sorting_client]: CONTROL_LOOP_HEALTH samples=400/9727 interval_p95=50.27ms interval_p99=51.17ms execution_p95=1.71ms interval_misses=23 execution_misses=25
[INFO] [1787828441.945817175] [six_angels_material_sorting_client]: progress task=3 stage=align_for_place: task 1 advancing to the shallow task-3 insertion stand; advancing straight; remaining=0.235 m
[INFO] [1787828443.995895095] [six_angels_material_sorting_client]: progress task=3 stage=align_for_place: task 1 advancing to the shallow task-3 insertion stand; advancing straight; remaining=0.126 m
[INFO] [1787828446.045870446] [six_angels_material_sorting_client]: progress task=3 stage=align_for_place: task 1 advancing to the shallow task-3 insertion stand; advancing straight; remaining=0.063 m
[INFO] [1787828446.096519766] [six_angels_material_sorting_client]: CONTROL_LOOP_HEALTH samples=400/9827 interval_p95=50.23ms interval_p99=51.17ms execution_p95=1.70ms interval_misses=23 execution_misses=25
[INFO] [1787828448.096657248] [six_angels_material_sorting_client]: progress task=3 stage=align_for_place: task 1 advancing to the shallow task-3 insertion stand; advancing straight; remaining=0.022 m
[INFO] [1787828450.095848669] [six_angels_material_sorting_client]: progress task=3 stage=align_for_place: task 3 advancing the base an additional 0.15 m before release; advancing straight; remaining=0.091 m
[INFO] [1787828451.146450626] [six_angels_material_sorting_client]: CONTROL_LOOP_HEALTH samples=400/9928 interval_p95=50.24ms interval_p99=51.28ms execution_p95=1.64ms interval_misses=23 execution_misses=25
[INFO] [1787828452.095712042] [six_angels_material_sorting_client]: progress task=3 stage=align_for_place: task 3 advancing the base an additional 0.15 m before release; advancing straight; remaining=0.050 m
[INFO] [1787828454.096143906] [six_angels_material_sorting_client]: progress task=3 stage=align_for_place: task 3 advancing the base an additional 0.15 m before release; advancing straight; remaining=0.023 m
[INFO] [1787828454.747492125] [six_angels_material_sorting_client]: controller=executing_stage task=3 attempt=1 stage=place score=140: task 3 entering place: task 3 reached the direct base-release position without arm insertion; extra advance=0.15 m
[INFO] [1787828454.796816174] [six_angels_material_sorting_client]: controller=executing_stage task=3 attempt=1 stage=place score=140: task 3 attempt 1 stage=place
[INFO] [1787828456.196191019] [six_angels_material_sorting_client]: CONTROL_LOOP_HEALTH samples=400/10029 interval_p95=50.21ms interval_p99=51.04ms execution_p95=1.72ms interval_misses=23 execution_misses=25
[INFO] [1787828456.846292498] [six_angels_material_sorting_client]: progress task=3 stage=place: task 1 lowering task-3 box compliantly onto the shelf board; slide_target=0.134, slide_err=0.027, left_err=0.015, right_err=0.015, cmd_err=0.012, slide_vel=0.151, max_vel=0.151; compliant_place_phase=fast_approach, remaining_mm=24.0, step_mm=2.0, completion=None; placement_effort=active, slide_ratio=0.00, left_wrist_ratio=0.00, right_wrist_ratio=0.00, left_arm_max=0.00, right_arm_max=0.00, candidate=False, confirmed=False
[INFO] [1787828458.845989822] [six_angels_material_sorting_client]: progress task=3 stage=place: task 1 lowering task-3 box compliantly onto the shelf board; slide_target=0.136, slide_err=0.002, left_err=0.016, right_err=0.016, cmd_err=0.000, slide_vel=0.008, max_vel=0.008; compliant_place_phase=fine_descent, remaining_mm=10.0, step_mm=2.0, completion=None; placement_effort=active, slide_ratio=0.00, left_wrist_ratio=0.00, right_wrist_ratio=0.00, left_arm_max=0.00, right_arm_max=0.00, candidate=False, confirmed=False
[INFO] [1787828460.895721077] [six_angels_material_sorting_client]: progress task=3 stage=place: task 3 spreading both arms locally to release; target_base=(0.712, -0.014, 1.164); arm_tol=0.030, slide_err=0.006, left_err=0.045, right_err=0.042, cmd_err=0.038, max_vel=0.043
[INFO] [1787828461.196206337] [six_angels_material_sorting_client]: CONTROL_LOOP_HEALTH samples=400/10129 interval_p95=50.19ms interval_p99=50.41ms execution_p95=1.89ms interval_misses=23 execution_misses=25
[INFO] [1787828462.596920765] [six_angels_material_sorting_client]: controller=executing_stage task=3 attempt=1 stage=verify_place score=140: task 3 entering verify_place: task 3 released the box from the achieved insertion pose without world-frame IK recomputation
[INFO] [1787828462.646614794] [six_angels_material_sorting_client]: controller=executing_stage task=3 attempt=1 stage=verify_place score=140: task 3 attempt 1 stage=verify_place
[INFO] [1787828463.696297262] [six_angels_material_sorting_client]: controller=executing_stage task=3 attempt=1 stage=return_to_end score=140: task 3 entering return_to_end: task 1 shelf placement settled; handing result to referee
[INFO] [1787828463.836591314] [six_angels_material_sorting_client]: controller=executing_stage task=3 attempt=1 stage=return_to_end score=140: task 3 attempt 1 stage=return_to_end
[INFO] [1787828463.842326819] [six_angels_material_sorting_client]: scheduler candidate action=task3:return_to_end:stand:left source=heuristic reason=rl_shadow_isolated:submitted costmap_v=514
[INFO] [1787828465.867922136] [six_angels_material_sorting_client]: progress task=3 stage=return_to_end: task 3 retreating the base 0.40 m after release; retreating straight; remaining=0.274 m
[INFO] [1787828466.246255358] [six_angels_material_sorting_client]: CONTROL_LOOP_HEALTH samples=400/10230 interval_p95=50.22ms interval_p99=56.84ms execution_p95=2.02ms interval_misses=25 execution_misses=27
[INFO] [1787828467.820427546] [six_angels_material_sorting_client]: progress task=3 stage=return_to_end: task 3 retreating the base 0.40 m after release; retreating straight; remaining=0.134 m
[INFO] [1787828469.845715694] [six_angels_material_sorting_client]: progress task=3 stage=return_to_end: task 3 retreating the base 0.40 m after release; retreating straight; remaining=0.055 m
[INFO] [1787828471.246498683] [six_angels_material_sorting_client]: CONTROL_LOOP_HEALTH samples=400/10330 interval_p95=55.84ms interval_p99=59.81ms execution_p95=2.03ms interval_misses=25 execution_misses=27
[INFO] [1787828471.901339127] [six_angels_material_sorting_client]: progress task=3 stage=return_to_end: task 3 compacting open arms to half-width 0.065 m; target_base=(0.712, -0.014, 1.164); arm_tol=0.030, slide_err=0.008, left_err=0.142, right_err=0.138, cmd_err=0.129, max_vel=0.206
[INFO] [1787828473.910233783] [six_angels_material_sorting_client]: progress task=3 stage=return_to_end: task 3 pushing the released box farther into the shelf by 0.38 m; advancing straight; remaining=0.367 m
[INFO] [1787828475.945755301] [six_angels_material_sorting_client]: progress task=3 stage=return_to_end: task 3 pushing the released box farther into the shelf by 0.38 m; advancing straight; remaining=0.253 m
[INFO] [1787828476.366734378] [six_angels_material_sorting_client]: CONTROL_LOOP_HEALTH samples=400/10431 interval_p95=56.94ms interval_p99=60.09ms execution_p95=2.02ms interval_misses=25 execution_misses=28
[INFO] [1787828477.979186049] [six_angels_material_sorting_client]: progress task=3 stage=return_to_end: task 3 pushing the released box farther into the shelf by 0.38 m; advancing straight; remaining=0.145 m
[INFO] [1787828479.995923743] [six_angels_material_sorting_client]: progress task=3 stage=return_to_end: task 3 pushing the released box farther into the shelf by 0.38 m; advancing straight; remaining=0.074 m
[INFO] [1787828481.386344916] [six_angels_material_sorting_client]: CONTROL_LOOP_HEALTH samples=400/10532 interval_p95=58.15ms interval_p99=61.89ms execution_p95=1.91ms interval_misses=25 execution_misses=28
[INFO] [1787828482.045694724] [six_angels_material_sorting_client]: progress task=3 stage=return_to_end: task 3 pushing the released box farther into the shelf by 0.38 m; advancing straight; remaining=0.035 m
[INFO] [1787828484.140247232] [six_angels_material_sorting_client]: progress task=3 stage=return_to_end: task 3 retreating after the post-release push; retreating straight; remaining=0.414 m
[INFO] [1787828486.127271195] [six_angels_material_sorting_client]: progress task=3 stage=return_to_end: task 3 retreating after the post-release push; retreating straight; remaining=0.276 m
[INFO] [1787828486.380647878] [six_angels_material_sorting_client]: CONTROL_LOOP_HEALTH samples=400/10632 interval_p95=58.24ms interval_p99=60.39ms execution_p95=1.79ms interval_misses=25 execution_misses=28
[INFO] [1787828488.145719763] [six_angels_material_sorting_client]: progress task=3 stage=return_to_end: task 3 retreating after the post-release push; retreating straight; remaining=0.140 m
[INFO] [1787828490.229649714] [six_angels_material_sorting_client]: progress task=3 stage=return_to_end: task 3 retreating after the post-release push; retreating straight; remaining=0.059 m
[INFO] [1787828491.356775918] [six_angels_material_sorting_client]: CONTROL_LOOP_HEALTH samples=400/10732 interval_p95=57.35ms interval_p99=60.09ms execution_p95=1.72ms interval_misses=25 execution_misses=28
[INFO] [1787828492.246871772] [six_angels_material_sorting_client]: progress task=3 stage=return_to_end: task 3 retracting both arms after the post-release push; transport retract; slide_err=0.020, left_err=1.399, right_err=1.396, cmd_err=1.354, max_vel=8.578
[INFO] [1787828494.246108657] [six_angels_material_sorting_client]: progress task=3 stage=return_to_end: task 3 retracting both arms after the post-release push; transport retract; slide_err=0.007, left_err=0.003, right_err=0.003, cmd_err=0.000, max_vel=0.001
[INFO] [1787828496.328204158] [six_angels_material_sorting_client]: progress task=3 stage=return_to_end: task 3 raising the retracted arms to maximum transport height; slide_target=-0.040, slide_err=0.045, left_err=0.003, right_err=0.003, cmd_err=0.017, slide_vel=0.094, max_vel=0.094
[INFO] [1787828496.397067773] [six_angels_material_sorting_client]: CONTROL_LOOP_HEALTH samples=400/10833 interval_p95=56.79ms interval_p99=59.31ms execution_p95=1.79ms interval_misses=25 execution_misses=28
[INFO] [1787828498.313006062] [six_angels_material_sorting_client]: progress task=3 stage=return_to_end: task 1 returning to the end zone; goal=(-0.78, 0.55, 1.57); nav_status=navigating; NAV_TEL phase=transfer status=navigating segment=nav_end x=-1.288 y=0.552 yaw=3.141 dist=0.508 yaw_err=-1.571 cmd=(0.000,-0.550) clear=0.350 footprint=transit_stowed path=0.500 planned_straight=0.508 detour=0.985
[INFO] [1787828500.347004386] [six_angels_material_sorting_client]: progress task=3 stage=return_to_end: task 1 returning to the end zone; goal=(-0.78, 0.55, 1.57); nav_status=navigating; NAV_TEL phase=transfer status=navigating segment=nav_end x=-1.287 y=0.552 yaw=2.540 dist=0.507 yaw_err=-0.969 cmd=(0.000,-0.550) clear=0.300 footprint=transit_stowed path=0.500 planned_straight=0.508 detour=0.985
[INFO] [1787828501.397326680] [six_angels_material_sorting_client]: CONTROL_LOOP_HEALTH samples=400/10933 interval_p95=56.67ms interval_p99=59.25ms execution_p95=2.38ms interval_misses=25 execution_misses=28
[INFO] [1787828502.397132724] [six_angels_material_sorting_client]: progress task=3 stage=return_to_end: task 1 returning to the end zone; goal=(-0.78, 0.55, 1.57); nav_status=navigating; NAV_TEL phase=transfer status=navigating segment=nav_end x=-1.287 y=0.551 yaw=1.852 dist=0.507 yaw_err=-0.281 cmd=(0.000,-0.550) clear=0.300 footprint=transit_stowed path=0.500 planned_straight=0.508 detour=0.985
[INFO] [1787828504.446758161] [six_angels_material_sorting_client]: progress task=3 stage=return_to_end: task 1 returning to the end zone; goal=(-0.78, 0.55, 1.57); nav_status=navigating; NAV_TEL phase=transfer status=navigating segment=nav_end x=-1.287 y=0.550 yaw=1.153 dist=0.507 yaw_err=0.418 cmd=(0.000,-0.550) clear=0.300 footprint=transit_stowed path=0.500 planned_straight=0.508 detour=0.985
[INFO] [1787828506.447607991] [six_angels_material_sorting_client]: CONTROL_LOOP_HEALTH samples=400/11033 interval_p95=55.67ms interval_p99=57.80ms execution_p95=2.62ms interval_misses=25 execution_misses=28
[INFO] [1787828506.456059177] [six_angels_material_sorting_client]: progress task=3 stage=return_to_end: task 1 returning to the end zone; goal=(-0.78, 0.55, 1.57); nav_status=navigating; NAV_TEL phase=transfer status=navigating segment=nav_end x=-1.287 y=0.550 yaw=0.481 dist=0.507 yaw_err=1.090 cmd=(0.000,-0.550) clear=0.300 footprint=transit_stowed path=0.500 planned_straight=0.508 detour=0.985
[INFO] [1787828508.497133559] [six_angels_material_sorting_client]: progress task=3 stage=return_to_end: task 1 returning to the end zone; goal=(-0.78, 0.55, 1.57); nav_status=navigating; NAV_TEL phase=transfer status=navigating segment=nav_end x=-1.154 y=0.569 yaw=0.074 dist=0.374 yaw_err=1.496 cmd=(0.180,-0.092) clear=0.400 footprint=transit_stowed path=0.500 planned_straight=0.508 detour=0.985
[INFO] [1787828510.546934989] [six_angels_material_sorting_client]: progress task=3 stage=return_to_end: task 1 returning to the end zone; goal=(-0.78, 0.55, 1.57); nav_status=final_positioning; NAV_TEL phase=transfer status=final_positioning segment=nav_end x=-0.949 y=0.576 yaw=0.013 dist=0.171 yaw_err=1.558 cmd=(0.111,-0.117) clear=0.400 footprint=transit_stowed path=0.500 planned_straight=0.508 detour=0.985
[INFO] [1787828511.460086404] [six_angels_material_sorting_client]: CONTROL_LOOP_HEALTH samples=400/11134 interval_p95=55.35ms interval_p99=57.80ms execution_p95=3.61ms interval_misses=25 execution_misses=28
[INFO] [1787828512.546932589] [six_angels_material_sorting_client]: progress task=3 stage=return_to_end: task 1 returning to the end zone; goal=(-0.78, 0.55, 1.57); nav_status=final_aligning; NAV_TEL phase=transfer status=final_aligning segment=nav_end x=-0.848 y=0.567 yaw=-0.157 dist=0.070 yaw_err=1.727 cmd=(0.000,0.500) clear=0.350 footprint=transit_stowed path=0.500 planned_straight=0.508 detour=0.985
[INFO] [1787828514.606527607] [six_angels_material_sorting_client]: progress task=3 stage=return_to_end: task 1 returning to the end zone; goal=(-0.78, 0.55, 1.57); nav_status=final_aligning; NAV_TEL phase=transfer status=final_aligning segment=nav_end x=-0.847 y=0.567 yaw=0.445 dist=0.069 yaw_err=1.125 cmd=(0.000,0.500) clear=0.300 footprint=transit_stowed path=0.500 planned_straight=0.508 detour=0.985
[INFO] [1787828516.497736991] [six_angels_material_sorting_client]: CONTROL_LOOP_HEALTH samples=400/11235 interval_p95=54.63ms interval_p99=57.80ms execution_p95=3.61ms interval_misses=25 execution_misses=28
[INFO] [1787828516.646647301] [six_angels_material_sorting_client]: progress task=3 stage=return_to_end: task 1 returning to the end zone; goal=(-0.78, 0.55, 1.57); nav_status=final_aligning; NAV_TEL phase=transfer status=final_aligning segment=nav_end x=-0.847 y=0.567 yaw=1.056 dist=0.069 yaw_err=0.515 cmd=(0.000,0.500) clear=0.300 footprint=transit_stowed path=0.500 planned_straight=0.508 detour=0.985
[INFO] [1787828518.247071691] [six_angels_material_sorting_client]: controller=finished task=3 attempt=1 stage=- score=160: referee terminal cleanup completed
