checking Client module consistency...
/workspace/baseline/examples/material_sorting/shelf/state_tracker.py:127: UserWarning: layout.scene.shelf_opening_yaw missing; fallback DEFAULT_SHELF_OPENING_YAW=0.0
  self.geometry = geometry or load_shelf_geometry()
/workspace/baseline/examples/material_sorting/perception/shelf_empty_confirm.py:90: UserWarning: layout.scene.shelf_opening_yaw missing; fallback DEFAULT_SHELF_OPENING_YAW=0.0
  self.geometry = geometry or load_shelf_geometry()
[INFO] [1787834566.085588423] [six_angels_material_sorting_client]: scheduler RL overlay enabled; policy_mode=rl_guarded
[INFO] [1787834566.103204095] [six_angels_material_sorting_client]: client started; waiting for instruction, odometry and joint states; execution_mode=task123_full; scheduler=v2
[INFO] [1787834566.103932670] [six_angels_material_sorting_client]: scheduler_policy=rl_guarded; event_log=/workspace/artifacts/scheduler_v2_multiseed_20260917.jsonl; measured_carry_guard=False
[INFO] [1787834566.104583066] [six_angels_material_sorting_client]: runtime_health=odom_max_age=0.750s, joint_max_age=0.750s, stale_grace=2.000s, control_period=0.050s
[WARN] [1787834566.105188252] [six_angels_material_sorting_client]: scheduler v2 is active: task plans and command/resource guards are enforced
[INFO] [1787834566.105806529] [six_angels_material_sorting_client]: semantic audit disabled
[WARN] [1787834566.106406495] [six_angels_material_sorting_client]: task123_full enables integrated task-1/task-2 execution and task-3 top-box pick, measured packaging-box left placement, and safe return; task transitions remain referee-driven
[INFO] [1787834566.153769003] [six_angels_material_sorting_client]: waiting for: instructions
[INFO] [1787834566.185692166] [six_angels_material_sorting_client]: instructions accepted: T1=yellow->shelf_point, T2=brown->table_point, T3=pink->shelf_prop_side
/usr/local/lib/python3.10/dist-packages/matplotlib/projections/__init__.py:63: UserWarning: Unable to import Axes3D. This may be due to multiple versions of Matplotlib being installed (e.g. as a system package and as a pip package). As a result, the 3D projection is not available.
  warnings.warn("Unable to import Axes3D. This may be due to multiple versions of "
[INFO] [1787834569.380773578] [material_box_detect]: material_box_detect up; backend=yolo; checkpoint=/workspace/baseline/examples/material_sorting/perception/checkpoints/best.pt; conf=0.65; center_compensation_scale=0.70; detection_log_period=0.0s
[INFO] [1787834571.154354711] [six_angels_material_sorting_client]: waiting for: detection:yellow
[INFO] [1787834571.155752532] [six_angels_material_sorting_client]: CONTROL_LOOP_HEALTH samples=101/101 interval_p95=50.16ms interval_p99=50.21ms execution_p95=0.43ms interval_misses=0 execution_misses=0
[INFO] [1787834571.503692403] [six_angels_material_sorting_client]: client inputs ready; starting three-task competition controller
[INFO] [1787834571.505377173] [six_angels_material_sorting_client]: controller=starting_task task=1 attempt=1 stage=navigate_to_pick score=0: starting task 1 attempt 1
[INFO] [1787834571.554621290] [six_angels_material_sorting_client]: controller=executing_stage task=1 attempt=1 stage=navigate_to_pick score=0: task 1 entering navigate_to_pick
[INFO] [1787834571.646344166] [six_angels_material_sorting_client]: controller=executing_stage task=1 attempt=1 stage=navigate_to_pick score=0: task 1 attempt 1 stage=navigate_to_pick
[INFO] [1787834571.896216500] [six_angels_material_sorting_client]: scheduler candidate action=task1:navigate_to_pick:stand:left source=rl reason=accepted costmap_v=1
[INFO] [1787834573.647901708] [six_angels_material_sorting_client]: progress task=1 stage=navigate_to_pick: task 1 navigating to pick stand (-0.26, 1.55); nav_status=navigating; NAV_TEL phase=task1_pick status=navigating segment=nav_table x=-0.700 y=0.550 yaw=1.055 dist=1.093 yaw_err=0.516 cmd=(0.000,-0.650) clear=0.300 footprint=transit_stowed path=1.450 planned_straight=1.092 detour=1.327
[INFO] [1787834575.727157673] [six_angels_material_sorting_client]: progress task=1 stage=navigate_to_pick: task 1 navigating to pick stand (-0.26, 1.55); nav_status=navigating; NAV_TEL phase=task1_pick status=navigating segment=nav_table x=-0.701 y=0.549 yaw=0.367 dist=1.094 yaw_err=1.203 cmd=(0.000,-0.598) clear=0.300 footprint=transit_stowed path=1.450 planned_straight=1.092 detour=1.327
[INFO] [1787834576.265576009] [six_angels_material_sorting_client]: CONTROL_LOOP_HEALTH samples=199/199 interval_p95=55.18ms interval_p99=118.65ms execution_p95=2.68ms interval_misses=2 execution_misses=2
[INFO] [1787834577.705049889] [six_angels_material_sorting_client]: progress task=1 stage=navigate_to_pick: task 1 navigating to pick stand (-0.26, 1.55); nav_status=navigating; NAV_TEL phase=task1_pick status=navigating segment=nav_table x=-0.525 y=0.573 yaw=0.077 dist=1.012 yaw_err=1.494 cmd=(0.200,0.176) clear=0.400 footprint=transit_stowed path=1.450 planned_straight=1.092 detour=1.327
[INFO] [1787834579.692786405] [six_angels_material_sorting_client]: progress task=1 stage=navigate_to_pick: task 1 navigating to pick stand (-0.26, 1.55); nav_status=navigating; NAV_TEL phase=task1_pick status=navigating segment=nav_table x=-0.366 y=0.609 yaw=0.511 dist=0.947 yaw_err=1.060 cmd=(0.174,0.643) clear=0.350 footprint=transit_stowed path=1.450 planned_straight=1.092 detour=1.327
[INFO] [1787834581.282084389] [six_angels_material_sorting_client]: CONTROL_LOOP_HEALTH samples=299/299 interval_p95=56.62ms interval_p99=109.76ms execution_p95=2.64ms interval_misses=3 execution_misses=2
[INFO] [1787834581.824435968] [six_angels_material_sorting_client]: progress task=1 stage=navigate_to_pick: task 1 navigating to pick stand (-0.26, 1.55); nav_status=navigating; NAV_TEL phase=task1_pick status=navigating segment=nav_table x=-0.247 y=0.742 yaw=1.148 dist=0.808 yaw_err=0.423 cmd=(0.200,0.520) clear=0.300 footprint=transit_stowed path=1.450 planned_straight=1.092 detour=1.327
[INFO] [1787834583.754934043] [six_angels_material_sorting_client]: progress task=1 stage=navigate_to_pick: task 1 navigating to pick stand (-0.26, 1.55); nav_status=navigating; NAV_TEL phase=task1_pick status=navigating segment=nav_table x=-0.210 y=0.923 yaw=1.538 dist=0.629 yaw_err=0.033 cmd=(0.200,0.121) clear=0.350 footprint=transit_stowed path=1.450 planned_straight=1.092 detour=1.327
[INFO] [1787834585.755027780] [six_angels_material_sorting_client]: progress task=1 stage=navigate_to_pick: task 1 navigating to pick stand (-0.26, 1.55); nav_status=navigating; NAV_TEL phase=task1_pick status=navigating segment=nav_table x=-0.213 y=1.109 yaw=1.609 dist=0.444 yaw_err=-0.038 cmd=(0.200,0.018) clear=0.350 footprint=transit_stowed path=1.450 planned_straight=1.092 detour=1.327
[INFO] [1787834586.255731650] [six_angels_material_sorting_client]: CONTROL_LOOP_HEALTH samples=399/399 interval_p95=57.22ms interval_p99=109.76ms execution_p95=2.57ms interval_misses=4 execution_misses=3
[INFO] [1787834587.755249287] [six_angels_material_sorting_client]: progress task=1 stage=navigate_to_pick: task 1 navigating to pick stand (-0.26, 1.55); nav_status=navigating; NAV_TEL phase=task1_pick status=navigating segment=nav_table x=-0.221 y=1.295 yaw=1.619 dist=0.258 yaw_err=-0.048 cmd=(0.200,0.003) clear=0.350 footprint=transit_stowed path=1.450 planned_straight=1.092 detour=1.327
[INFO] [1787834589.755009045] [six_angels_material_sorting_client]: progress task=1 stage=navigate_to_pick: task 1 navigating to pick stand (-0.26, 1.55); nav_status=final_positioning; NAV_TEL phase=task1_pick status=final_positioning segment=nav_table x=-0.232 y=1.450 yaw=1.760 dist=0.104 yaw_err=-0.189 cmd=(0.083,0.168) clear=0.200 footprint=transit_stowed path=1.450 planned_straight=1.092 detour=1.327
[INFO] [1787834591.305852951] [six_angels_material_sorting_client]: CONTROL_LOOP_HEALTH samples=400/500 interval_p95=56.62ms interval_p99=73.43ms execution_p95=2.57ms interval_misses=4 execution_misses=3
[INFO] [1787834591.555364819] [six_angels_material_sorting_client]: controller=executing_stage task=1 attempt=1 stage=acquire_target score=0: task 1 entering acquire_target: task 1 reached the detected table-side pick stand; stopping before arm motion; NAV_GOAL_REACHED segment=nav_table
[INFO] [1787834591.604379700] [six_angels_material_sorting_client]: controller=executing_stage task=1 attempt=1 stage=acquire_target score=0: task 1 attempt 1 stage=acquire_target
[INFO] [1787834591.654663953] [six_angels_material_sorting_client]: controller=executing_stage task=1 attempt=1 stage=align_for_pick score=0: task 1 entering align_for_pick: task 1 target locked for open pregrasp at (-0.185, 2.2, 0.834); orientation=yaw0; source=rgbd_cuboid
[INFO] [1787834591.704636628] [six_angels_material_sorting_client]: controller=executing_stage task=1 attempt=1 stage=align_for_pick score=0: task 1 attempt 1 stage=align_for_pick
[INFO] [1787834593.705081110] [six_angels_material_sorting_client]: progress task=1 stage=align_for_pick: task 1 moving both open arms to pregrasp; target_base=(0.714, -0.083, 0.834); arm_tol=0.030, slide_err=0.005, left_err=0.008, right_err=0.002, cmd_err=0.000, max_vel=0.207
[INFO] [1787834594.455446597] [six_angels_material_sorting_client]: controller=executing_stage task=1 attempt=1 stage=grasp score=0: task 1 entering grasp: task 1 both open arms reached the non-contact pregrasp pose
[INFO] [1787834594.504922996] [six_angels_material_sorting_client]: controller=executing_stage task=1 attempt=1 stage=grasp score=0: task 1 attempt 1 stage=grasp
[INFO] [1787834596.307533905] [six_angels_material_sorting_client]: CONTROL_LOOP_HEALTH samples=400/600 interval_p95=55.39ms interval_p99=59.66ms execution_p95=2.33ms interval_misses=4 execution_misses=3
[INFO] [1787834596.507278759] [six_angels_material_sorting_client]: progress task=1 stage=grasp: task 1 continuously advancing the compliant contact search; speed=0.5 mm/s, offset=0.4/16.0 mm, surface_clearance=9.6 mm; compliance=active; left[contact=True, aligned=False, angle=1.1deg, effort_delta=1.57, effort_threshold=0.35, firm=True, firm_latched=False, velocity=0.005]; right[contact=True, aligned=False, angle=0.1deg, effort_delta=1.60, effort_threshold=0.35, firm=True, firm_latched=False, velocity=0.003]
[INFO] [1787834598.557245182] [six_angels_material_sorting_client]: progress task=1 stage=grasp: task 1 continuously applying locked-wrist preload; offset=2.0/2.8 mm; compliance=active; left[contact=True, aligned=True, angle=2.7deg, effort_delta=0.04, effort_threshold=0.35, firm=False, firm_latched=False, velocity=0.000]; right[contact=True, aligned=True, angle=1.7deg, effort_delta=0.01, effort_threshold=0.35, firm=False, firm_latched=False, velocity=0.000]
[INFO] [1787834599.956267212] [six_angels_material_sorting_client]: controller=executing_stage task=1 attempt=1 stage=lift score=0: task 1 entering lift: task 1 bilateral compliant grasp settled with locked wrists and 2.8 mm bounded preload; compliance=active; left[contact=True, aligned=True, angle=2.7deg, effort_delta=0.01, effort_threshold=0.35, firm=False, firm_latched=False, velocity=0.000]; right[contact=True, aligned=True, angle=1.7deg, effort_delta=0.06, effort_threshold=0.35, firm=False, firm_latched=False, velocity=0.000]
[INFO] [1787834600.005285823] [six_angels_material_sorting_client]: controller=executing_stage task=1 attempt=1 stage=lift score=0: task 1 attempt 1 stage=lift
[INFO] [1787834601.355076818] [six_angels_material_sorting_client]: CONTROL_LOOP_HEALTH samples=400/701 interval_p95=54.62ms interval_p99=57.38ms execution_p95=4.00ms interval_misses=4 execution_misses=3
[INFO] [1787834602.055852189] [six_angels_material_sorting_client]: progress task=1 stage=lift: task 1 raising the spine while preserving arm preload; lift=0.150m, slide_target=0.318, slide_err=0.056, left_err=0.016, right_err=0.016, cmd_err=0.027, max_vel=0.081
[INFO] [1787834604.104847853] [six_angels_material_sorting_client]: progress task=1 stage=lift: task 1 raising the spine while preserving arm preload; lift=0.150m, slide_target=0.318, slide_err=0.009, left_err=0.016, right_err=0.016, cmd_err=0.000, max_vel=0.006
[INFO] [1787834604.205375903] [six_angels_material_sorting_client]: controller=executing_stage task=1 attempt=1 stage=transport score=0: task 1 entering transport: task 1 lifted the held box 0.150 m; holding before transport
[INFO] [1787834604.266890409] [six_angels_material_sorting_client]: controller=executing_stage task=1 attempt=1 stage=transport score=0: task 1 attempt 1 stage=transport
[INFO] [1787834604.557004358] [material_box_detect]: started task-stage shelf empty confirmation
[INFO] [1787834606.313390308] [six_angels_material_sorting_client]: progress task=1 stage=transport: task 1 holding lifted box and retreating straight; remaining=0.573 m
[INFO] [1787834606.412717286] [six_angels_material_sorting_client]: CONTROL_LOOP_HEALTH samples=400/801 interval_p95=50.15ms interval_p99=51.06ms execution_p95=4.00ms interval_misses=4 execution_misses=3
[INFO] [1787834606.457283186] [six_angels_material_sorting_client]: scheduler candidate action=task1:transport:stand:left source=rl reason=accepted costmap_v=55
[INFO] [1787834608.314850830] [six_angels_material_sorting_client]: progress task=1 stage=transport: task 1 holding lifted box and retreating straight; remaining=0.441 m
[INFO] [1787834610.321625369] [six_angels_material_sorting_client]: progress task=1 stage=transport: task 1 holding lifted box and retreating straight; remaining=0.297 m
[INFO] [1787834611.448210835] [six_angels_material_sorting_client]: CONTROL_LOOP_HEALTH samples=400/902 interval_p95=54.64ms interval_p99=57.20ms execution_p95=4.05ms interval_misses=4 execution_misses=3
[INFO] [1787834612.356329597] [six_angels_material_sorting_client]: progress task=1 stage=transport: task 1 holding lifted box and retreating straight; remaining=0.159 m
[INFO] [1787834614.404495613] [six_angels_material_sorting_client]: progress task=1 stage=transport: task 1 holding lifted box and retreating straight; remaining=0.072 m
[INFO] [1787834616.412763069] [six_angels_material_sorting_client]: progress task=1 stage=transport: task 1 holding lifted box and retreating straight; remaining=0.025 m
[INFO] [1787834616.492793345] [six_angels_material_sorting_client]: CONTROL_LOOP_HEALTH samples=400/1002 interval_p95=55.18ms interval_p99=59.02ms execution_p95=3.98ms interval_misses=4 execution_misses=3
[INFO] [1787834618.486152781] [six_angels_material_sorting_client]: progress task=1 stage=transport: task 1 moving directly to the safe shelf pre-place stand; goal=(-1.00, 0.62, 3.14); nav_status=navigating; NAV_TEL phase=transfer status=navigating segment=nav_shelf x=-0.214 y=0.791 yaw=2.034 dist=0.805 yaw_err=1.108 cmd=(0.000,0.550) clear=0.250 footprint=transit_carry path=0.900 planned_straight=0.806 detour=1.116; shelf_frames=7; shelf_state=collecting
[INFO] [1787834620.469084578] [six_angels_material_sorting_client]: progress task=1 stage=transport: task 1 moving directly to the safe shelf pre-place stand; goal=(-1.00, 0.62, 3.14); nav_status=navigating; NAV_TEL phase=transfer status=navigating segment=nav_shelf x=-0.214 y=0.790 yaw=2.729 dist=0.805 yaw_err=0.413 cmd=(0.000,0.550) clear=0.250 footprint=transit_carry path=0.900 planned_straight=0.806 detour=1.116; shelf_frames=7; shelf_state=collecting
[INFO] [1787834621.476108500] [six_angels_material_sorting_client]: CONTROL_LOOP_HEALTH samples=400/1102 interval_p95=56.55ms interval_p99=59.98ms execution_p95=30.76ms interval_misses=6 execution_misses=4
[INFO] [1787834622.569406855] [six_angels_material_sorting_client]: progress task=1 stage=transport: task 1 moving directly to the safe shelf pre-place stand; goal=(-1.00, 0.62, 3.14); nav_status=navigating; NAV_TEL phase=transfer status=navigating segment=nav_shelf x=-0.214 y=0.790 yaw=-2.900 dist=0.806 yaw_err=-0.242 cmd=(0.000,0.550) clear=0.300 footprint=transit_carry path=0.900 planned_straight=0.806 detour=1.116; shelf_frames=7; shelf_state=collecting
[INFO] [1787834624.267034579] [six_angels_material_sorting_client]: scheduler candidate action=task1:transport:stand:right source=heuristic reason=rl_dynamic_risk_guard costmap_v=118
[INFO] [1787834624.566756293] [six_angels_material_sorting_client]: progress task=1 stage=transport: task 1 moving directly to the safe shelf pre-place stand; goal=(-1.00, 0.62, 3.14); nav_status=navigating; NAV_TEL phase=transfer status=navigating segment=nav_shelf x=-0.330 y=0.720 yaw=-2.589 dist=0.678 yaw_err=-0.552 cmd=(0.181,-0.131) clear=0.250 footprint=transit_carry path=0.850 planned_straight=0.750 detour=1.133; shelf_frames=7; shelf_state=collecting
[INFO] [1787834626.464227360] [six_angels_material_sorting_client]: CONTROL_LOOP_HEALTH samples=400/1203 interval_p95=57.35ms interval_p99=60.65ms execution_p95=30.95ms interval_misses=6 execution_misses=5
[INFO] [1787834626.563166644] [six_angels_material_sorting_client]: progress task=1 stage=transport: task 1 moving directly to the safe shelf pre-place stand; goal=(-1.00, 0.62, 3.14); nav_status=navigating; NAV_TEL phase=transfer status=navigating segment=nav_shelf x=-0.541 y=0.632 yaw=-2.958 dist=0.460 yaw_err=-0.183 cmd=(0.220,-0.278) clear=0.300 footprint=transit_carry path=0.608 planned_straight=0.606 detour=1.003; shelf_frames=7; shelf_state=collecting
[INFO] [1787834628.577470107] [six_angels_material_sorting_client]: progress task=1 stage=transport: task 1 moving directly to the safe shelf pre-place stand; goal=(-1.00, 0.62, 3.14); nav_status=navigating; NAV_TEL phase=transfer status=navigating segment=nav_shelf x=-0.790 y=0.616 yaw=3.137 dist=0.211 yaw_err=0.004 cmd=(0.156,-0.036) clear=0.400 footprint=transit_carry path=0.608 planned_straight=0.606 detour=1.003; shelf_frames=7; shelf_state=ready
[INFO] [1787834630.609534422] [six_angels_material_sorting_client]: progress task=1 stage=transport: task 1 moving directly to the safe shelf pre-place stand; goal=(-1.00, 0.62, 3.14); nav_status=final_positioning; NAV_TEL phase=transfer status=final_positioning segment=nav_shelf x=-0.921 y=0.618 yaw=3.136 dist=0.080 yaw_err=0.006 cmd=(0.064,0.005) clear=0.400 footprint=transit_carry path=0.608 planned_straight=0.606 detour=1.003; shelf_frames=7; shelf_state=ready
[INFO] [1787834630.759643459] [six_angels_material_sorting_client]: scheduler candidate action=task1:transport:stand:left source=rl reason=accepted costmap_v=126
[INFO] [1787834631.509590969] [six_angels_material_sorting_client]: CONTROL_LOOP_HEALTH samples=400/1304 interval_p95=57.59ms interval_p99=60.65ms execution_p95=30.95ms interval_misses=6 execution_misses=5
[INFO] [1787834631.614271830] [six_angels_material_sorting_client]: controller=executing_stage task=1 attempt=1 stage=align_for_place score=30: task 1 entering align_for_place: task 1 reached the target-aligned safe shelf pre-place stand by direct A* with the carried center still 0.75 m in front of the shelf
[INFO] [1787834631.617538450] [six_angels_material_sorting_client]: controller=executing_stage task=1 attempt=1 stage=align_for_place score=30: task 1 attempt 1 stage=align_for_place
[INFO] [1787834633.655323853] [six_angels_material_sorting_client]: progress task=1 stage=align_for_place: task 1 moving held box to shelf clearance height; slide_target=0.081, slide_err=0.145, left_err=0.016, right_err=0.016, cmd_err=0.114, slide_vel=0.097, max_vel=0.097
[INFO] [1787834635.705426341] [six_angels_material_sorting_client]: progress task=1 stage=align_for_place: task 1 moving held box to shelf clearance height; slide_target=0.081, slide_err=0.021, left_err=0.016, right_err=0.016, cmd_err=0.000, slide_vel=0.032, max_vel=0.032
[INFO] [1787834636.555174811] [six_angels_material_sorting_client]: CONTROL_LOOP_HEALTH samples=400/1405 interval_p95=56.75ms interval_p99=59.98ms execution_p95=30.95ms interval_misses=6 execution_misses=6
[INFO] [1787834637.705347589] [six_angels_material_sorting_client]: progress task=1 stage=align_for_place: task 1 aligning laterally outside the shelf; lateral alignment rotating toward shelf-front direction; yaw_err=-1.493
[INFO] [1787834639.754814978] [six_angels_material_sorting_client]: progress task=1 stage=align_for_place: task 1 aligning laterally outside the shelf; lateral alignment rotating toward shelf-front direction; yaw_err=-1.056
[INFO] [1787834641.605003560] [six_angels_material_sorting_client]: CONTROL_LOOP_HEALTH samples=400/1506 interval_p95=55.17ms interval_p99=59.84ms execution_p95=23.16ms interval_misses=6 execution_misses=6
[INFO] [1787834641.804575854] [six_angels_material_sorting_client]: progress task=1 stage=align_for_place: task 1 aligning laterally outside the shelf; lateral alignment rotating toward shelf-front direction; yaw_err=-0.620
[INFO] [1787834643.804875975] [six_angels_material_sorting_client]: progress task=1 stage=align_for_place: task 1 aligning laterally outside the shelf; lateral alignment rotating toward shelf-front direction; yaw_err=-0.194
[INFO] [1787834645.854516869] [six_angels_material_sorting_client]: progress task=1 stage=align_for_place: task 1 aligning laterally outside the shelf; lateral alignment driving along shelf front; y_err=0.064, x_err=-0.042
[INFO] [1787834646.605060040] [six_angels_material_sorting_client]: CONTROL_LOOP_HEALTH samples=400/1606 interval_p95=50.24ms interval_p99=58.00ms execution_p95=10.85ms interval_misses=6 execution_misses=6
[INFO] [1787834647.854814937] [six_angels_material_sorting_client]: progress task=1 stage=align_for_place: task 1 aligning laterally outside the shelf; lateral alignment driving along shelf front; y_err=0.024, x_err=-0.040
[INFO] [1787834649.904739676] [six_angels_material_sorting_client]: progress task=1 stage=align_for_place: task 1 aligning laterally outside the shelf; lateral alignment restoring shelf-facing yaw; yaw_err=1.237
[INFO] [1787834651.655031923] [six_angels_material_sorting_client]: CONTROL_LOOP_HEALTH samples=400/1707 interval_p95=50.16ms interval_p99=50.37ms execution_p95=1.70ms interval_misses=6 execution_misses=6
[INFO] [1787834651.905145479] [six_angels_material_sorting_client]: progress task=1 stage=align_for_place: task 1 aligning laterally outside the shelf; lateral alignment restoring shelf-facing yaw; yaw_err=0.798
[INFO] [1787834653.954731158] [six_angels_material_sorting_client]: progress task=1 stage=align_for_place: task 1 aligning laterally outside the shelf; lateral alignment restoring shelf-facing yaw; yaw_err=0.353
[INFO] [1787834655.955215447] [six_angels_material_sorting_client]: progress task=1 stage=align_for_place: task 1 entering the recognized empty shelf layer; advancing straight; remaining=0.952 m
[INFO] [1787834656.705847893] [six_angels_material_sorting_client]: CONTROL_LOOP_HEALTH samples=400/1808 interval_p95=50.18ms interval_p99=50.71ms execution_p95=1.70ms interval_misses=6 execution_misses=6
[INFO] [1787834658.004763022] [six_angels_material_sorting_client]: progress task=1 stage=align_for_place: task 1 entering the recognized empty shelf layer; advancing straight; remaining=0.838 m
[INFO] [1787834660.054919542] [six_angels_material_sorting_client]: progress task=1 stage=align_for_place: task 1 entering the recognized empty shelf layer; advancing straight; remaining=0.716 m
[INFO] [1787834661.706046425] [six_angels_material_sorting_client]: CONTROL_LOOP_HEALTH samples=400/1908 interval_p95=50.20ms interval_p99=50.78ms execution_p95=1.70ms interval_misses=6 execution_misses=6
[INFO] [1787834662.104842512] [six_angels_material_sorting_client]: progress task=1 stage=align_for_place: task 1 entering the recognized empty shelf layer; advancing straight; remaining=0.598 m
[INFO] [1787834664.155025119] [six_angels_material_sorting_client]: progress task=1 stage=align_for_place: task 1 entering the recognized empty shelf layer; advancing straight; remaining=0.477 m
[INFO] [1787834666.204975716] [six_angels_material_sorting_client]: progress task=1 stage=align_for_place: task 1 entering the recognized empty shelf layer; advancing straight; remaining=0.356 m
[INFO] [1787834666.755157107] [six_angels_material_sorting_client]: CONTROL_LOOP_HEALTH samples=400/2009 interval_p95=50.18ms interval_p99=50.78ms execution_p95=1.69ms interval_misses=6 execution_misses=6
[INFO] [1787834668.254766421] [six_angels_material_sorting_client]: progress task=1 stage=align_for_place: task 1 entering the recognized empty shelf layer; advancing straight; remaining=0.240 m
[INFO] [1787834670.255319107] [six_angels_material_sorting_client]: progress task=1 stage=align_for_place: task 1 entering the recognized empty shelf layer; advancing straight; remaining=0.135 m
[INFO] [1787834671.755635898] [six_angels_material_sorting_client]: CONTROL_LOOP_HEALTH samples=400/2109 interval_p95=50.21ms interval_p99=50.78ms execution_p95=1.71ms interval_misses=6 execution_misses=6
[INFO] [1787834672.255246275] [six_angels_material_sorting_client]: progress task=1 stage=align_for_place: task 1 entering the recognized empty shelf layer; advancing straight; remaining=0.069 m
[INFO] [1787834674.305231594] [six_angels_material_sorting_client]: progress task=1 stage=align_for_place: task 1 entering the recognized empty shelf layer; advancing straight; remaining=0.029 m
[INFO] [1787834675.056177265] [six_angels_material_sorting_client]: controller=executing_stage task=1 attempt=1 stage=place score=30: task 1 entering place: task 1 entered only the recognized empty shelf layer L3; confidence=0.58
[INFO] [1787834675.105730471] [six_angels_material_sorting_client]: controller=executing_stage task=1 attempt=1 stage=place score=30: task 1 attempt 1 stage=place
[INFO] [1787834675.491261148] [material_box_detect]: stopped task-stage shelf empty confirmation
[INFO] [1787834676.805224407] [six_angels_material_sorting_client]: CONTROL_LOOP_HEALTH samples=400/2210 interval_p95=50.18ms interval_p99=50.95ms execution_p95=1.77ms interval_misses=6 execution_misses=6
[INFO] [1787834677.155214465] [six_angels_material_sorting_client]: progress task=1 stage=place: task 1 lowering box compliantly onto shelf board; slide_target=0.124, slide_err=0.000, left_err=0.016, right_err=0.016, cmd_err=0.000, slide_vel=0.014, max_vel=0.014; compliant_place_phase=fast_approach, remaining_mm=12.0, step_mm=2.0, completion=None; placement_effort=active, slide_ratio=0.00, left_wrist_ratio=0.00, right_wrist_ratio=0.00, left_arm_max=0.00, right_arm_max=0.00, candidate=False, confirmed=False
[INFO] [1787834679.155621306] [six_angels_material_sorting_client]: progress task=1 stage=place: task 1 lowering box compliantly onto shelf board; slide_target=0.128, slide_err=0.004, left_err=0.016, right_err=0.016, cmd_err=0.000, slide_vel=0.005, max_vel=0.005; compliant_place_phase=fine_descent, remaining_mm=8.0, step_mm=2.0, completion=None; placement_effort=active, slide_ratio=221.82, left_wrist_ratio=0.00, right_wrist_ratio=0.00, left_arm_max=0.06, right_arm_max=0.06, candidate=False, confirmed=False
[INFO] [1787834681.205208545] [six_angels_material_sorting_client]: progress task=1 stage=place: task 1 lowering box compliantly onto shelf board; slide_target=0.132, slide_err=0.005, left_err=0.016, right_err=0.016, cmd_err=0.000, slide_vel=0.003, max_vel=0.003; placement_effort=active, slide_ratio=213.94, left_wrist_ratio=0.06, right_wrist_ratio=0.00, left_arm_max=0.13, right_arm_max=0.19, candidate=False, confirmed=False
[INFO] [1787834681.805693575] [six_angels_material_sorting_client]: CONTROL_LOOP_HEALTH samples=400/2310 interval_p95=50.15ms interval_p99=50.63ms execution_p95=1.84ms interval_misses=6 execution_misses=6
[INFO] [1787834683.204989016] [six_angels_material_sorting_client]: progress task=1 stage=place: task 1 gently spreading both arms to release on shelf; stage=1/1, half_width=0.170 m; target_base=(0.714, -0.08, 1.166); arm_tol=0.030, slide_err=0.005, left_err=0.041, right_err=0.031, cmd_err=0.018, max_vel=0.271
[INFO] [1787834684.505534723] [six_angels_material_sorting_client]: controller=executing_stage task=1 attempt=1 stage=verify_place score=30: task 1 entering verify_place: task 1 gently unloaded preload and opened both arms on the empty shelf layer
[INFO] [1787834684.554873272] [six_angels_material_sorting_client]: controller=executing_stage task=1 attempt=1 stage=verify_place score=30: task 1 attempt 1 stage=verify_place
[INFO] [1787834685.555199125] [six_angels_material_sorting_client]: controller=executing_stage task=1 attempt=1 stage=return_to_end score=30: task 1 entering return_to_end: task 1 shelf placement settled; handing result to referee
[INFO] [1787834685.698241631] [six_angels_material_sorting_client]: controller=executing_stage task=1 attempt=1 stage=return_to_end score=30: task 1 attempt 1 stage=return_to_end
[INFO] [1787834685.756817905] [six_angels_material_sorting_client]: scheduler candidate action=task1:return_to_end:stand:left source=rl reason=accepted costmap_v=126
[INFO] [1787834686.854923964] [six_angels_material_sorting_client]: CONTROL_LOOP_HEALTH samples=400/2411 interval_p95=50.17ms interval_p99=56.82ms execution_p95=1.99ms interval_misses=7 execution_misses=7
[INFO] [1787834687.640725927] [six_angels_material_sorting_client]: progress task=1 stage=return_to_end: task 1 retreating straight; remaining=0.214 m after release
[INFO] [1787834689.654756038] [six_angels_material_sorting_client]: progress task=1 stage=return_to_end: task 1 retreating straight; remaining=0.094 m after release
[INFO] [1787834691.705432512] [six_angels_material_sorting_client]: progress task=1 stage=return_to_end: task 1 retreating straight; remaining=0.035 m after release
[INFO] [1787834691.855104240] [six_angels_material_sorting_client]: CONTROL_LOOP_HEALTH samples=400/2511 interval_p95=55.04ms interval_p99=59.24ms execution_p95=2.06ms interval_misses=7 execution_misses=7
[INFO] [1787834693.738914374] [six_angels_material_sorting_client]: progress task=1 stage=return_to_end: task 1 retracting arms after shelf retreat; transport retract; slide_err=0.009, left_err=0.393, right_err=0.358, cmd_err=0.269, max_vel=0.411
[INFO] [1787834695.755726762] [six_angels_material_sorting_client]: progress task=1 stage=return_to_end: task 1 returning to the end zone; goal=(-0.78, 0.55, 1.57); nav_status=navigating; NAV_TEL phase=transfer status=navigating segment=nav_end x=-1.593 y=0.722 yaw=-2.914 dist=0.831 yaw_err=-1.798 cmd=(0.000,0.550) clear=0.500 footprint=transit_stowed path=0.814 planned_straight=0.832 detour=0.979
[INFO] [1787834696.855769470] [six_angels_material_sorting_client]: CONTROL_LOOP_HEALTH samples=400/2611 interval_p95=56.63ms interval_p99=59.95ms execution_p95=2.52ms interval_misses=7 execution_misses=7
[INFO] [1787834697.806044261] [six_angels_material_sorting_client]: progress task=1 stage=return_to_end: task 1 returning to the end zone; goal=(-0.78, 0.55, 1.57); nav_status=navigating; NAV_TEL phase=transfer status=navigating segment=nav_end x=-1.593 y=0.723 yaw=-2.252 dist=0.831 yaw_err=-2.461 cmd=(0.000,0.550) clear=0.400 footprint=transit_stowed path=0.814 planned_straight=0.832 detour=0.979
[INFO] [1787834699.873968174] [six_angels_material_sorting_client]: progress task=1 stage=return_to_end: task 1 returning to the end zone; goal=(-0.78, 0.55, 1.57); nav_status=navigating; NAV_TEL phase=transfer status=navigating segment=nav_end x=-1.592 y=0.723 yaw=-1.592 dist=0.831 yaw_err=-3.121 cmd=(0.000,0.550) clear=0.400 footprint=transit_stowed path=0.814 planned_straight=0.832 detour=0.979
[INFO] [1787834701.805781774] [six_angels_material_sorting_client]: progress task=1 stage=return_to_end: task 1 returning to the end zone; goal=(-0.78, 0.55, 1.57); nav_status=navigating; NAV_TEL phase=transfer status=navigating segment=nav_end x=-1.593 y=0.724 yaw=-0.913 dist=0.831 yaw_err=2.484 cmd=(0.000,0.550) clear=0.400 footprint=transit_stowed path=0.814 planned_straight=0.832 detour=0.979
[INFO] [1787834701.855895300] [six_angels_material_sorting_client]: CONTROL_LOOP_HEALTH samples=400/2711 interval_p95=57.20ms interval_p99=60.38ms execution_p95=2.79ms interval_misses=7 execution_misses=8
[INFO] [1787834703.805751281] [six_angels_material_sorting_client]: progress task=1 stage=return_to_end: task 1 returning to the end zone; goal=(-0.78, 0.55, 1.57); nav_status=navigating; NAV_TEL phase=transfer status=navigating segment=nav_end x=-1.559 y=0.713 yaw=-0.286 dist=0.796 yaw_err=1.857 cmd=(0.180,0.191) clear=0.450 footprint=transit_stowed path=0.814 planned_straight=0.832 detour=0.979
[INFO] [1787834705.908185485] [six_angels_material_sorting_client]: progress task=1 stage=return_to_end: task 1 returning to the end zone; goal=(-0.78, 0.55, 1.57); nav_status=navigating; NAV_TEL phase=transfer status=navigating segment=nav_end x=-1.354 y=0.671 yaw=-0.162 dist=0.587 yaw_err=1.732 cmd=(0.180,0.011) clear=0.450 footprint=transit_stowed path=0.814 planned_straight=0.832 detour=0.979
[INFO] [1787834706.856059625] [six_angels_material_sorting_client]: CONTROL_LOOP_HEALTH samples=400/2811 interval_p95=57.08ms interval_p99=59.96ms execution_p95=2.82ms interval_misses=7 execution_misses=9
[INFO] [1787834707.905581942] [six_angels_material_sorting_client]: progress task=1 stage=return_to_end: task 1 returning to the end zone; goal=(-0.78, 0.55, 1.57); nav_status=navigating; NAV_TEL phase=transfer status=navigating segment=nav_end x=-1.142 y=0.637 yaw=-0.164 dist=0.372 yaw_err=1.735 cmd=(0.180,-0.011) clear=0.450 footprint=transit_stowed path=0.814 planned_straight=0.832 detour=0.979
[INFO] [1787834709.955392319] [six_angels_material_sorting_client]: progress task=1 stage=return_to_end: task 1 returning to the end zone; goal=(-0.78, 0.55, 1.57); nav_status=final_positioning; NAV_TEL phase=transfer status=final_positioning segment=nav_end x=-0.931 y=0.601 yaw=-0.176 dist=0.160 yaw_err=1.746 cmd=(0.099,-0.252) clear=0.400 footprint=transit_stowed path=0.814 planned_straight=0.832 detour=0.979
[INFO] [1787834711.905552108] [six_angels_material_sorting_client]: CONTROL_LOOP_HEALTH samples=400/2912 interval_p95=56.53ms interval_p99=59.90ms execution_p95=2.82ms interval_misses=7 execution_misses=9
[INFO] [1787834711.955357786] [six_angels_material_sorting_client]: progress task=1 stage=return_to_end: task 1 returning to the end zone; goal=(-0.78, 0.55, 1.57); nav_status=final_aligning; NAV_TEL phase=transfer status=final_aligning segment=nav_end x=-0.845 y=0.577 yaw=-0.255 dist=0.070 yaw_err=1.826 cmd=(0.000,0.500) clear=0.350 footprint=transit_stowed path=0.814 planned_straight=0.832 detour=0.979
[INFO] [1787834714.005469307] [six_angels_material_sorting_client]: progress task=1 stage=return_to_end: task 1 returning to the end zone; goal=(-0.78, 0.55, 1.57); nav_status=final_aligning; NAV_TEL phase=transfer status=final_aligning segment=nav_end x=-0.845 y=0.577 yaw=0.365 dist=0.070 yaw_err=1.206 cmd=(0.000,0.500) clear=0.350 footprint=transit_stowed path=0.814 planned_straight=0.832 detour=0.979
[INFO] [1787834716.005761167] [six_angels_material_sorting_client]: progress task=1 stage=return_to_end: task 1 returning to the end zone; goal=(-0.78, 0.55, 1.57); nav_status=final_aligning; NAV_TEL phase=transfer status=final_aligning segment=nav_end x=-0.846 y=0.577 yaw=0.977 dist=0.071 yaw_err=0.594 cmd=(0.000,0.500) clear=0.300 footprint=transit_stowed path=0.814 planned_straight=0.832 detour=0.979
[INFO] [1787834716.906227062] [six_angels_material_sorting_client]: CONTROL_LOOP_HEALTH samples=400/3012 interval_p95=55.18ms interval_p99=59.83ms execution_p95=2.79ms interval_misses=7 execution_misses=9
[INFO] [1787834717.956649602] [six_angels_material_sorting_client]: controller=waiting_for_referee task=1 attempt=1 stage=- score=40: task 1 local sequence completed; waiting for Server referee: task 1 returned to the end zone; local sequence complete
[INFO] [1787834718.005388078] [six_angels_material_sorting_client]: controller=starting_task task=2 attempt=1 stage=navigate_to_pick score=40: referee advanced to task 2; starting attempt 1
[INFO] [1787834718.054864418] [six_angels_material_sorting_client]: controller=executing_stage task=2 attempt=1 stage=navigate_to_pick score=40: task 2 entering navigate_to_pick
[INFO] [1787834718.154862524] [six_angels_material_sorting_client]: controller=executing_stage task=2 attempt=1 stage=navigate_to_pick score=40: task 2 attempt 1 stage=navigate_to_pick
[INFO] [1787834718.217624897] [six_angels_material_sorting_client]: scheduler candidate action=task2:navigate_to_pick:stand:left source=rl reason=accepted costmap_v=162
[INFO] [1787834720.107399867] [six_angels_material_sorting_client]: progress task=2 stage=navigate_to_pick: task 2 navigating to the brown shelf box; goal=(-1.50, 0.69, 3.14); nav_status=navigating; NAV_TEL phase=transfer status=navigating segment=nav_shelf x=-0.846 y=0.576 yaw=2.099 dist=0.665 yaw_err=1.043 cmd=(0.000,0.550) clear=0.300 footprint=transit_stowed path=0.680 planned_straight=0.665 detour=1.023
[INFO] [1787834721.913401623] [six_angels_material_sorting_client]: CONTROL_LOOP_HEALTH samples=400/3112 interval_p95=55.04ms interval_p99=57.27ms execution_p95=3.38ms interval_misses=7 execution_misses=10
[INFO] [1787834722.161697804] [six_angels_material_sorting_client]: progress task=2 stage=navigate_to_pick: task 2 navigating to the brown shelf box; goal=(-1.50, 0.69, 3.14); nav_status=navigating; NAV_TEL phase=transfer status=navigating segment=nav_shelf x=-0.870 y=0.587 yaw=2.720 dist=0.639 yaw_err=0.422 cmd=(0.180,0.229) clear=0.350 footprint=transit_stowed path=0.680 planned_straight=0.665 detour=1.023
[INFO] [1787834724.206402844] [six_angels_material_sorting_client]: progress task=2 stage=navigate_to_pick: task 2 navigating to the brown shelf box; goal=(-1.50, 0.69, 3.14); nav_status=navigating; NAV_TEL phase=transfer status=navigating segment=nav_shelf x=-1.089 y=0.646 yaw=3.019 dist=0.414 yaw_err=0.122 cmd=(0.180,0.082) clear=0.450 footprint=transit_stowed path=0.680 planned_straight=0.665 detour=1.023
[INFO] [1787834726.255599174] [six_angels_material_sorting_client]: progress task=2 stage=navigate_to_pick: task 2 navigating to the brown shelf box; goal=(-1.50, 0.69, 3.14); nav_status=navigating; NAV_TEL phase=transfer status=navigating segment=nav_shelf x=-1.296 y=0.664 yaw=3.071 dist=0.206 yaw_err=0.071 cmd=(0.151,0.010) clear=0.450 footprint=transit_stowed path=0.680 planned_straight=0.665 detour=1.023
[INFO] [1787834726.956887587] [six_angels_material_sorting_client]: CONTROL_LOOP_HEALTH samples=400/3213 interval_p95=50.35ms interval_p99=57.13ms execution_p95=3.40ms interval_misses=7 execution_misses=10
[INFO] [1787834728.305394059] [six_angels_material_sorting_client]: progress task=2 stage=navigate_to_pick: task 2 navigating to the brown shelf box; goal=(-1.50, 0.69, 3.14); nav_status=final_positioning; NAV_TEL phase=transfer status=final_positioning segment=nav_shelf x=-1.425 y=0.678 yaw=2.958 dist=0.076 yaw_err=0.184 cmd=(0.061,-0.046) clear=0.450 footprint=transit_stowed path=0.680 planned_straight=0.665 detour=1.023
[INFO] [1787834729.805817350] [six_angels_material_sorting_client]: controller=executing_stage task=2 attempt=1 stage=acquire_target score=40: task 2 entering acquire_target: task 2 reached the far shelf arm-staging stand for brown
[INFO] [1787834729.855302892] [six_angels_material_sorting_client]: controller=executing_stage task=2 attempt=1 stage=acquire_target score=40: task 2 attempt 1 stage=acquire_target
[INFO] [1787834729.905081952] [six_angels_material_sorting_client]: controller=executing_stage task=2 attempt=1 stage=align_for_pick score=40: task 2 entering align_for_pick: task 2 validated the brown shelf layer; coarse target=(-2.667, 0.774, 0.842); full RGB-D object centre will be locked after camera settling
[INFO] [1787834729.955586708] [six_angels_material_sorting_client]: controller=executing_stage task=2 attempt=1 stage=align_for_pick score=40: task 2 attempt 1 stage=align_for_pick
[INFO] [1787834732.005278087] [six_angels_material_sorting_client]: progress task=2 stage=align_for_pick: task 2 moving the retracted arms to the target shelf layer; slide_target=0.459, slide_err=0.251, left_err=0.003, right_err=0.003, cmd_err=0.236, slide_vel=0.108, max_vel=0.108
[INFO] [1787834732.006594449] [six_angels_material_sorting_client]: CONTROL_LOOP_HEALTH samples=400/3314 interval_p95=50.90ms interval_p99=57.13ms execution_p95=3.40ms interval_misses=7 execution_misses=10
[INFO] [1787834734.006201266] [six_angels_material_sorting_client]: progress task=2 stage=align_for_pick: task 2 moving the retracted arms to the target shelf layer; slide_target=0.459, slide_err=0.130, left_err=0.003, right_err=0.003, cmd_err=0.116, slide_vel=0.082, max_vel=0.082
[INFO] [1787834736.054918725] [six_angels_material_sorting_client]: progress task=2 stage=align_for_pick: task 2 moving the retracted arms to the target shelf layer; slide_target=0.459, slide_err=0.012, left_err=0.003, right_err=0.003, cmd_err=0.000, slide_vel=0.039, max_vel=0.039
[INFO] [1787834737.055123962] [six_angels_material_sorting_client]: CONTROL_LOOP_HEALTH samples=400/3415 interval_p95=50.95ms interval_p99=57.13ms execution_p95=3.40ms interval_misses=7 execution_misses=10
[INFO] [1787834738.104732964] [six_angels_material_sorting_client]: progress task=2 stage=align_for_pick: task 2 holding outside the shelf and collecting fresh target-centre frames; center_samples=0/7 quality=mask_cloud_cuboid rejected=0
[INFO] [1787834740.154909219] [six_angels_material_sorting_client]: progress task=2 stage=align_for_pick: task 2 advancing straight toward the locked object centre; advancing straight; remaining=0.429 m
[INFO] [1787834742.055450419] [six_angels_material_sorting_client]: CONTROL_LOOP_HEALTH samples=400/3515 interval_p95=50.19ms interval_p99=50.95ms execution_p95=2.39ms interval_misses=7 execution_misses=10
[INFO] [1787834742.204432055] [six_angels_material_sorting_client]: progress task=2 stage=align_for_pick: task 2 advancing straight toward the locked object centre; advancing straight; remaining=0.317 m
[INFO] [1787834744.204571544] [six_angels_material_sorting_client]: progress task=2 stage=align_for_pick: task 2 advancing straight toward the locked object centre; advancing straight; remaining=0.201 m
[INFO] [1787834746.254363712] [six_angels_material_sorting_client]: progress task=2 stage=align_for_pick: task 2 advancing straight toward the locked object centre; advancing straight; remaining=0.103 m
[INFO] [1787834747.104885354] [six_angels_material_sorting_client]: CONTROL_LOOP_HEALTH samples=400/3616 interval_p95=50.16ms interval_p99=51.07ms execution_p95=2.22ms interval_misses=7 execution_misses=10
[INFO] [1787834748.254524965] [six_angels_material_sorting_client]: progress task=2 stage=align_for_pick: task 2 advancing straight toward the locked object centre; advancing straight; remaining=0.051 m
[INFO] [1787834750.304742725] [six_angels_material_sorting_client]: progress task=2 stage=align_for_pick: task 2 correcting final base drift before shelf pregrasp; lateral alignment rotating toward shelf-front direction; yaw_err=-1.567
[INFO] [1787834752.105528254] [six_angels_material_sorting_client]: CONTROL_LOOP_HEALTH samples=400/3716 interval_p95=50.18ms interval_p99=50.95ms execution_p95=1.75ms interval_misses=7 execution_misses=10
[INFO] [1787834752.305237779] [six_angels_material_sorting_client]: progress task=2 stage=align_for_pick: task 2 correcting final base drift before shelf pregrasp; lateral alignment rotating toward shelf-front direction; yaw_err=-1.178
[INFO] [1787834754.355129245] [six_angels_material_sorting_client]: progress task=2 stage=align_for_pick: task 2 correcting final base drift before shelf pregrasp; lateral alignment rotating toward shelf-front direction; yaw_err=-0.755
[INFO] [1787834756.355322944] [six_angels_material_sorting_client]: progress task=2 stage=align_for_pick: task 2 correcting final base drift before shelf pregrasp; lateral alignment rotating toward shelf-front direction; yaw_err=-0.371
[INFO] [1787834757.105674669] [six_angels_material_sorting_client]: CONTROL_LOOP_HEALTH samples=400/3816 interval_p95=50.19ms interval_p99=50.86ms execution_p95=1.82ms interval_misses=7 execution_misses=10
[INFO] [1787834758.356032058] [six_angels_material_sorting_client]: progress task=2 stage=align_for_pick: task 2 correcting final base drift before shelf pregrasp; lateral alignment rotating toward shelf-front direction; yaw_err=-0.061
[INFO] [1787834760.404660371] [six_angels_material_sorting_client]: progress task=2 stage=align_for_pick: task 2 correcting final base drift before shelf pregrasp; lateral alignment driving along shelf front; y_err=0.086, x_err=0.003
[INFO] [1787834762.155091001] [six_angels_material_sorting_client]: CONTROL_LOOP_HEALTH samples=400/3917 interval_p95=50.18ms interval_p99=50.34ms execution_p95=1.87ms interval_misses=7 execution_misses=10
[INFO] [1787834762.454785923] [six_angels_material_sorting_client]: progress task=2 stage=align_for_pick: task 2 correcting final base drift before shelf pregrasp; lateral alignment driving along shelf front; y_err=0.043, x_err=0.004
[INFO] [1787834764.504850232] [six_angels_material_sorting_client]: progress task=2 stage=align_for_pick: task 2 correcting final base drift before shelf pregrasp; lateral alignment restoring shelf-facing yaw; yaw_err=1.573
[INFO] [1787834766.504629827] [six_angels_material_sorting_client]: progress task=2 stage=align_for_pick: task 2 correcting final base drift before shelf pregrasp; lateral alignment restoring shelf-facing yaw; yaw_err=1.196
[INFO] [1787834767.205087942] [six_angels_material_sorting_client]: CONTROL_LOOP_HEALTH samples=400/4018 interval_p95=50.17ms interval_p99=50.34ms execution_p95=1.89ms interval_misses=7 execution_misses=10
[INFO] [1787834768.504699307] [six_angels_material_sorting_client]: progress task=2 stage=align_for_pick: task 2 correcting final base drift before shelf pregrasp; lateral alignment restoring shelf-facing yaw; yaw_err=0.765
[INFO] [1787834770.505448920] [six_angels_material_sorting_client]: progress task=2 stage=align_for_pick: task 2 correcting final base drift before shelf pregrasp; lateral alignment restoring shelf-facing yaw; yaw_err=0.327
[INFO] [1787834772.255497012] [six_angels_material_sorting_client]: CONTROL_LOOP_HEALTH samples=400/4119 interval_p95=50.17ms interval_p99=50.34ms execution_p95=1.88ms interval_misses=7 execution_misses=10
[INFO] [1787834772.555261607] [six_angels_material_sorting_client]: progress task=2 stage=align_for_pick: task 2 correcting final base drift before shelf pregrasp; lateral alignment restoring shelf-facing yaw; yaw_err=0.045
[INFO] [1787834774.555384887] [six_angels_material_sorting_client]: progress task=2 stage=align_for_pick: task 2 fine-aligning arms around the shelf box; task 1 moving both open arms to pregrasp; target_base=(0.757, 0.007, 0.842); arm_tol=0.030, slide_err=0.010, left_err=0.571, right_err=0.574, cmd_err=0.500, max_vel=3.328
[INFO] [1787834775.905671116] [six_angels_material_sorting_client]: controller=executing_stage task=2 attempt=1 stage=grasp score=40: task 2 entering grasp: task 2 both open arms reached the shelf-box pregrasp pose after the safe straight approach
[INFO] [1787834775.955079623] [six_angels_material_sorting_client]: controller=executing_stage task=2 attempt=1 stage=grasp score=40: task 2 attempt 1 stage=grasp
[INFO] [1787834777.255524712] [six_angels_material_sorting_client]: CONTROL_LOOP_HEALTH samples=400/4219 interval_p95=50.17ms interval_p99=50.37ms execution_p95=1.93ms interval_misses=7 execution_misses=10
[INFO] [1787834778.005121266] [six_angels_material_sorting_client]: progress task=2 stage=grasp: task 1 starting continuous compliant inward motion; compliance=active; left[contact=False, aligned=False, angle=1.0deg, effort_delta=1.76, effort_threshold=0.35, firm=True, firm_latched=False, velocity=0.000]; right[contact=False, aligned=False, angle=1.1deg, effort_delta=1.75, effort_threshold=0.35, firm=True, firm_latched=False, velocity=0.000]
[INFO] [1787834780.058110370] [six_angels_material_sorting_client]: progress task=2 stage=grasp: task 1 continuously applying locked-wrist preload; offset=1.7/2.7 mm; compliance=active; left[contact=True, aligned=True, angle=3.1deg, effort_delta=0.09, effort_threshold=0.35, firm=False, firm_latched=False, velocity=0.000]; right[contact=True, aligned=True, angle=3.1deg, effort_delta=0.11, effort_threshold=0.35, firm=False, firm_latched=False, velocity=0.000]
[INFO] [1787834781.605864328] [six_angels_material_sorting_client]: controller=executing_stage task=2 attempt=1 stage=lift score=40: task 2 entering lift: task 1 bilateral compliant grasp settled with locked wrists and 2.7 mm bounded preload; compliance=active; left[contact=True, aligned=True, angle=3.1deg, effort_delta=0.05, effort_threshold=0.35, firm=False, firm_latched=False, velocity=0.000]; right[contact=True, aligned=True, angle=3.1deg, effort_delta=0.07, effort_threshold=0.35, firm=False, firm_latched=False, velocity=0.000]
[INFO] [1787834781.655074716] [six_angels_material_sorting_client]: controller=executing_stage task=2 attempt=1 stage=lift score=40: task 2 attempt 1 stage=lift
[INFO] [1787834782.305221116] [six_angels_material_sorting_client]: CONTROL_LOOP_HEALTH samples=400/4320 interval_p95=50.16ms interval_p99=50.39ms execution_p95=3.99ms interval_misses=7 execution_misses=10
[INFO] [1787834783.704976019] [six_angels_material_sorting_client]: progress task=2 stage=lift: task 1 raising the spine while preserving arm preload; lift=0.080m, slide_target=0.379, slide_err=0.013, left_err=0.017, right_err=0.017, cmd_err=0.000, max_vel=0.014
[INFO] [1787834784.505452080] [six_angels_material_sorting_client]: controller=executing_stage task=2 attempt=1 stage=transport score=40: task 2 entering transport: task 1 lifted the held box 0.080 m; holding before transport
[INFO] [1787834784.621799363] [six_angels_material_sorting_client]: controller=executing_stage task=2 attempt=1 stage=transport score=40: task 2 attempt 1 stage=transport
[INFO] [1787834786.616191213] [six_angels_material_sorting_client]: progress task=2 stage=transport: task 2 holding the shelf box and retreating straight; remaining=0.481 m
[INFO] [1787834787.374114271] [six_angels_material_sorting_client]: CONTROL_LOOP_HEALTH samples=400/4420 interval_p95=50.97ms interval_p99=57.75ms execution_p95=4.02ms interval_misses=7 execution_misses=12
[INFO] [1787834788.663083849] [six_angels_material_sorting_client]: progress task=2 stage=transport: task 2 holding the shelf box and retreating straight; remaining=0.342 m
[INFO] [1787834790.697871571] [six_angels_material_sorting_client]: progress task=2 stage=transport: task 2 holding the shelf box and retreating straight; remaining=0.197 m
[INFO] [1787834792.331608794] [six_angels_material_sorting_client]: CONTROL_LOOP_HEALTH samples=400/4520 interval_p95=55.10ms interval_p99=61.23ms execution_p95=4.03ms interval_misses=8 execution_misses=14
[INFO] [1787834792.689777175] [six_angels_material_sorting_client]: progress task=2 stage=transport: task 2 holding the shelf box and retreating straight; remaining=0.087 m
[INFO] [1787834794.639542405] [six_angels_material_sorting_client]: progress task=2 stage=transport: task 2 holding the shelf box and retreating straight; remaining=0.034 m
[INFO] [1787834796.637796695] [six_angels_material_sorting_client]: progress task=2 stage=transport: task 2 raising the held box to maximum transport height; slide_target=-0.040, slide_err=0.377, left_err=0.017, right_err=0.017, cmd_err=0.347, slide_vel=0.080, max_vel=0.080
[INFO] [1787834797.341000767] [six_angels_material_sorting_client]: CONTROL_LOOP_HEALTH samples=400/4620 interval_p95=57.12ms interval_p99=64.24ms execution_p95=4.05ms interval_misses=9 execution_misses=15
[INFO] [1787834798.654799963] [six_angels_material_sorting_client]: progress task=2 stage=transport: task 2 raising the held box to maximum transport height; slide_target=-0.040, slide_err=0.254, left_err=0.017, right_err=0.017, cmd_err=0.225, slide_vel=0.129, max_vel=0.129
[INFO] [1787834800.709656332] [six_angels_material_sorting_client]: progress task=2 stage=transport: task 2 raising the held box to maximum transport height; slide_target=-0.040, slide_err=0.138, left_err=0.017, right_err=0.017, cmd_err=0.105, slide_vel=0.038, max_vel=0.038
[INFO] [1787834802.521542913] [six_angels_material_sorting_client]: CONTROL_LOOP_HEALTH samples=400/4721 interval_p95=57.62ms interval_p99=67.27ms execution_p95=1.76ms interval_misses=10 execution_misses=16
[INFO] [1787834802.775592904] [six_angels_material_sorting_client]: progress task=2 stage=transport: task 2 raising the held box to maximum transport height; slide_target=-0.040, slide_err=0.022, left_err=0.017, right_err=0.017, cmd_err=0.000, slide_vel=0.034, max_vel=0.034
[INFO] [1787834804.775745147] [six_angels_material_sorting_client]: progress task=2 stage=transport: task 2 preserving the shelf grasp while reversing toward table column x=-0.179; retreating straight; remaining=1.081 m; minimum carried-envelope clearance=0.294 m (carried_box to shelf)
[INFO] [1787834806.739362025] [six_angels_material_sorting_client]: progress task=2 stage=transport: task 2 preserving the shelf grasp while reversing toward table column x=-0.179; retreating straight; remaining=0.939 m; minimum carried-envelope clearance=0.436 m (carried_box to shelf)
[INFO] [1787834807.356066401] [six_angels_material_sorting_client]: CONTROL_LOOP_HEALTH samples=400/4817 interval_p95=58.47ms interval_p99=85.29ms execution_p95=2.42ms interval_misses=13 execution_misses=18
[INFO] [1787834808.782230767] [six_angels_material_sorting_client]: progress task=2 stage=transport: task 2 preserving the shelf grasp while reversing toward table column x=-0.179; retreating straight; remaining=0.796 m; minimum carried-envelope clearance=0.443 m (left_shoulder to south_wall)
[INFO] [1787834810.881326345] [six_angels_material_sorting_client]: progress task=2 stage=transport: task 2 preserving the shelf grasp while reversing toward table column x=-0.179; retreating straight; remaining=0.651 m; minimum carried-envelope clearance=0.443 m (left_shoulder to south_wall)
[INFO] [1787834812.356095292] [six_angels_material_sorting_client]: CONTROL_LOOP_HEALTH samples=400/4917 interval_p95=58.39ms interval_p99=82.67ms execution_p95=3.02ms interval_misses=13 execution_misses=19
[INFO] [1787834812.873782706] [six_angels_material_sorting_client]: progress task=2 stage=transport: task 2 preserving the shelf grasp while reversing toward table column x=-0.179; retreating straight; remaining=0.512 m; minimum carried-envelope clearance=0.443 m (left_shoulder to south_wall)
[INFO] [1787834814.856415509] [six_angels_material_sorting_client]: progress task=2 stage=transport: task 2 preserving the shelf grasp while reversing toward table column x=-0.179; retreating straight; remaining=0.368 m; minimum carried-envelope clearance=0.443 m (left_shoulder to south_wall)
[INFO] [1787834816.935240482] [six_angels_material_sorting_client]: progress task=2 stage=transport: task 2 preserving the shelf grasp while reversing toward table column x=-0.179; retreating straight; remaining=0.225 m; minimum carried-envelope clearance=0.443 m (left_shoulder to south_wall)
[INFO] [1787834817.406317575] [six_angels_material_sorting_client]: CONTROL_LOOP_HEALTH samples=400/5018 interval_p95=59.92ms interval_p99=74.30ms execution_p95=3.29ms interval_misses=13 execution_misses=20
[INFO] [1787834818.958111688] [six_angels_material_sorting_client]: progress task=2 stage=transport: task 2 preserving the shelf grasp while reversing toward table column x=-0.179; retreating straight; remaining=0.103 m; minimum carried-envelope clearance=0.443 m (left_shoulder to south_wall)
[INFO] [1787834820.962221327] [six_angels_material_sorting_client]: progress task=2 stage=transport: task 2 preserving the shelf grasp while reversing toward table column x=-0.179; retreating straight; remaining=0.043 m; minimum carried-envelope clearance=0.410 m (base to east_wall)
[INFO] [1787834822.413451521] [six_angels_material_sorting_client]: CONTROL_LOOP_HEALTH samples=400/5118 interval_p95=59.87ms interval_p99=66.73ms execution_p95=3.45ms interval_misses=13 execution_misses=22
[INFO] [1787834822.943260065] [six_angels_material_sorting_client]: progress task=2 stage=transport: task 2 preserving the shelf grasp while turning north; goal=(-0.19, 0.77, 1.57); nav_status=final_aligning; NAV_TEL phase=transfer status=final_aligning segment=nav_table x=-0.188 y=0.773 yaw=2.973 dist=0.005 yaw_err=-1.402 cmd=(0.000,-0.500) clear=0.300 footprint=transit_carry path=0.000 planned_straight=0.000 detour=1.000; minimum carried-envelope clearance=0.367 m (right_shoulder to east_wall)
[INFO] [1787834824.962000772] [six_angels_material_sorting_client]: progress task=2 stage=transport: task 2 preserving the shelf grasp while turning north; goal=(-0.19, 0.77, 1.57); nav_status=final_aligning; NAV_TEL phase=transfer status=final_aligning segment=nav_table x=-0.188 y=0.773 yaw=2.335 dist=0.005 yaw_err=-0.764 cmd=(0.000,-0.500) clear=0.200 footprint=transit_carry path=0.000 planned_straight=0.000 detour=1.000; minimum carried-envelope clearance=0.232 m (right_shoulder to east_wall)
[INFO] [1787834827.105875766] [six_angels_material_sorting_client]: progress task=2 stage=transport: task 2 preserving the shelf grasp while turning north; goal=(-0.19, 0.77, 1.57); nav_status=final_aligning; NAV_TEL phase=transfer status=final_aligning segment=nav_table x=-0.188 y=0.772 yaw=1.715 dist=0.006 yaw_err=-0.144 cmd=(0.000,-0.289) clear=0.300 footprint=transit_carry path=0.000 planned_straight=0.000 detour=1.000; minimum carried-envelope clearance=0.182 m (right_shoulder to east_wall)
[INFO] [1787834827.457288765] [six_angels_material_sorting_client]: CONTROL_LOOP_HEALTH samples=400/5218 interval_p95=59.53ms interval_p99=61.51ms execution_p95=12.86ms interval_misses=14 execution_misses=23
[INFO] [1787834829.007343461] [six_angels_material_sorting_client]: progress task=2 stage=transport: task 2 carrying the unchanged shelf grasp north toward table entry y=1.192; advancing straight; remaining=0.338 m; minimum carried-envelope clearance=0.191 m (right_shoulder to east_wall)
[INFO] [1787834829.956133986] [six_angels_material_sorting_client]: scheduler candidate action=task2:transport:stand:left source=rl reason=accepted costmap_v=331
[INFO] [1787834831.027708367] [six_angels_material_sorting_client]: progress task=2 stage=transport: task 2 carrying the unchanged shelf grasp north toward table entry y=1.192; advancing straight; remaining=0.217 m; minimum carried-envelope clearance=0.191 m (right_shoulder to east_wall)
[INFO] [1787834831.605779834] [six_angels_material_sorting_client]: scheduler candidate action=task2:transport:stand:center source=heuristic reason=rl_dynamic_risk_guard costmap_v=337
[INFO] [1787834832.463577118] [six_angels_material_sorting_client]: CONTROL_LOOP_HEALTH samples=400/5318 interval_p95=58.17ms interval_p99=60.63ms execution_p95=12.82ms interval_misses=14 execution_misses=23
[INFO] [1787834833.056451591] [six_angels_material_sorting_client]: progress task=2 stage=transport: task 2 carrying the unchanged shelf grasp north toward table entry y=1.192; advancing straight; remaining=0.106 m; minimum carried-envelope clearance=0.191 m (right_shoulder to east_wall)
[INFO] [1787834835.105600957] [six_angels_material_sorting_client]: progress task=2 stage=transport: task 2 carrying the unchanged shelf grasp north toward table entry y=1.192; advancing straight; remaining=0.050 m; minimum carried-envelope clearance=0.191 m (right_shoulder to east_wall)
[INFO] [1787834836.756167721] [six_angels_material_sorting_client]: controller=executing_stage task=2 attempt=1 stage=align_for_place score=80: task 2 entering align_for_place: task 2 reached the table entry through envelope-checked reverse, turn and forward segments without changing the grasp
[INFO] [1787834836.804917216] [six_angels_material_sorting_client]: controller=executing_stage task=2 attempt=1 stage=align_for_place score=80: task 2 attempt 1 stage=align_for_place
[INFO] [1787834837.505014047] [six_angels_material_sorting_client]: CONTROL_LOOP_HEALTH samples=400/5419 interval_p95=57.31ms interval_p99=60.33ms execution_p95=12.76ms interval_misses=14 execution_misses=23
[INFO] [1787834838.804902569] [six_angels_material_sorting_client]: progress task=2 stage=align_for_place: task 2 moving box to table clearance height; slide_target=0.413, slide_err=0.347, left_err=0.017, right_err=0.017, cmd_err=0.333, slide_vel=0.119, max_vel=0.119
[INFO] [1787834840.854958236] [six_angels_material_sorting_client]: progress task=2 stage=align_for_place: task 2 moving box to table clearance height; slide_target=0.413, slide_err=0.227, left_err=0.017, right_err=0.017, cmd_err=0.210, slide_vel=0.094, max_vel=0.094
[INFO] [1787834842.505075317] [six_angels_material_sorting_client]: CONTROL_LOOP_HEALTH samples=400/5519 interval_p95=56.21ms interval_p99=59.99ms execution_p95=12.61ms interval_misses=14 execution_misses=23
[INFO] [1787834842.904633181] [six_angels_material_sorting_client]: progress task=2 stage=align_for_place: task 2 moving box to table clearance height; slide_target=0.413, slide_err=0.107, left_err=0.017, right_err=0.017, cmd_err=0.087, slide_vel=0.137, max_vel=0.137
[INFO] [1787834844.904735131] [six_angels_material_sorting_client]: progress task=2 stage=align_for_place: task 2 moving box to table clearance height; slide_target=0.413, slide_err=0.004, left_err=0.017, right_err=0.017, cmd_err=0.000, slide_vel=0.021, max_vel=0.021
[INFO] [1787834846.955691540] [six_angels_material_sorting_client]: progress task=2 stage=align_for_place: task 2 advancing straight from table entry to the exact saved origin; advancing straight; remaining=0.215 m; minimum carried-envelope clearance=0.191 m (right_shoulder to east_wall)
[INFO] [1787834847.505869577] [six_angels_material_sorting_client]: CONTROL_LOOP_HEALTH samples=400/5619 interval_p95=55.18ms interval_p99=57.56ms execution_p95=2.89ms interval_misses=14 execution_misses=23
[INFO] [1787834848.956990615] [six_angels_material_sorting_client]: progress task=2 stage=align_for_place: task 2 advancing straight from table entry to the exact saved origin; advancing straight; remaining=0.108 m; minimum carried-envelope clearance=0.191 m (right_shoulder to east_wall)
[INFO] [1787834851.005740198] [six_angels_material_sorting_client]: progress task=2 stage=align_for_place: task 2 advancing straight from table entry to the exact saved origin; advancing straight; remaining=0.053 m; minimum carried-envelope clearance=0.191 m (right_shoulder to east_wall)
[INFO] [1787834852.505955026] [six_angels_material_sorting_client]: CONTROL_LOOP_HEALTH samples=400/5719 interval_p95=50.15ms interval_p99=55.54ms execution_p95=2.95ms interval_misses=14 execution_misses=23
[INFO] [1787834852.907887172] [six_angels_material_sorting_client]: controller=executing_stage task=2 attempt=1 stage=place score=80: task 2 entering place: task 2 aligned held box over task 1's original table coordinate
[INFO] [1787834852.955011357] [six_angels_material_sorting_client]: controller=executing_stage task=2 attempt=1 stage=place score=80: task 2 attempt 1 stage=place
[INFO] [1787834854.955746691] [six_angels_material_sorting_client]: progress task=2 stage=place: task 2 lowering box compliantly onto original table point; slide_target=0.456, slide_err=0.000, left_err=0.017, right_err=0.017, cmd_err=0.000, slide_vel=0.013, max_vel=0.013; compliant_place_phase=fast_approach, remaining_mm=12.0, step_mm=2.0, completion=None; placement_effort=active, slide_ratio=0.00, left_wrist_ratio=0.00, right_wrist_ratio=0.00, left_arm_max=0.00, right_arm_max=0.00, candidate=False, confirmed=False
[INFO] [1787834857.004930418] [six_angels_material_sorting_client]: progress task=2 stage=place: task 2 lowering box compliantly onto original table point; slide_target=0.460, slide_err=0.004, left_err=0.017, right_err=0.017, cmd_err=0.000, slide_vel=0.004, max_vel=0.004; compliant_place_phase=fine_descent, remaining_mm=8.0, step_mm=2.0, completion=None; placement_effort=active, slide_ratio=176.86, left_wrist_ratio=0.02, right_wrist_ratio=0.06, left_arm_max=0.22, right_arm_max=0.20, candidate=False, confirmed=False
[INFO] [1787834857.555189553] [six_angels_material_sorting_client]: CONTROL_LOOP_HEALTH samples=400/5820 interval_p95=50.14ms interval_p99=50.63ms execution_p95=2.90ms interval_misses=14 execution_misses=23
[INFO] [1787834859.006431470] [six_angels_material_sorting_client]: controller=executing_stage task=2 attempt=1 stage=verify_place score=80: task 2 entering verify_place: task 2 opened both arms and released at task 1's original point
[INFO] [1787834859.055657963] [six_angels_material_sorting_client]: controller=executing_stage task=2 attempt=1 stage=verify_place score=80: task 2 attempt 1 stage=verify_place
[INFO] [1787834860.056544935] [six_angels_material_sorting_client]: controller=executing_stage task=2 attempt=1 stage=return_to_end score=80: task 2 entering return_to_end: task 2 table placement settled; handing result to referee
[INFO] [1787834860.169272221] [six_angels_material_sorting_client]: controller=executing_stage task=2 attempt=1 stage=return_to_end score=80: task 2 attempt 1 stage=return_to_end
[INFO] [1787834860.205624917] [six_angels_material_sorting_client]: scheduler candidate action=task2:return_to_end:stand:left source=rl reason=accepted costmap_v=356
[INFO] [1787834862.168732992] [six_angels_material_sorting_client]: progress task=2 stage=return_to_end: task 2 retreating straight; remaining=0.225 m after table release
[INFO] [1787834862.555750408] [six_angels_material_sorting_client]: CONTROL_LOOP_HEALTH samples=400/5920 interval_p95=50.19ms interval_p99=55.14ms execution_p95=2.96ms interval_misses=14 execution_misses=24
[INFO] [1787834864.164575539] [six_angels_material_sorting_client]: progress task=2 stage=return_to_end: task 2 retreating straight; remaining=0.100 m after table release
[INFO] [1787834866.204660133] [six_angels_material_sorting_client]: progress task=2 stage=return_to_end: task 2 retreating straight; remaining=0.040 m after table release
[INFO] [1787834867.605214952] [six_angels_material_sorting_client]: CONTROL_LOOP_HEALTH samples=400/6021 interval_p95=55.10ms interval_p99=57.71ms execution_p95=2.96ms interval_misses=14 execution_misses=24
[INFO] [1787834867.805447628] [six_angels_material_sorting_client]: scheduler candidate action=task2:return_to_end:stand:right source=rl reason=accepted costmap_v=383
[INFO] [1787834868.204918456] [six_angels_material_sorting_client]: progress task=2 stage=return_to_end: task 2 retracting arms after table retreat; transport retract; slide_err=0.003, left_err=0.423, right_err=0.420, cmd_err=0.367, max_vel=0.337
[INFO] [1787834870.257301922] [six_angels_material_sorting_client]: progress task=2 stage=return_to_end: task 2 returning to the end zone; goal=(-0.62, 0.55, 1.57); nav_status=navigating; NAV_TEL phase=transfer status=navigating segment=nav_end x=-0.191 y=1.093 yaw=1.785 dist=0.692 yaw_err=-0.215 cmd=(0.000,0.550) clear=0.300 footprint=transit_stowed path=0.673 planned_straight=0.692 detour=0.972
[INFO] [1787834872.311372074] [six_angels_material_sorting_client]: progress task=2 stage=return_to_end: task 2 returning to the end zone; goal=(-0.62, 0.55, 1.57); nav_status=navigating; NAV_TEL phase=transfer status=navigating segment=nav_end x=-0.191 y=1.092 yaw=2.479 dist=0.692 yaw_err=-0.908 cmd=(0.000,0.550) clear=0.250 footprint=transit_stowed path=0.673 planned_straight=0.692 detour=0.972
[INFO] [1787834872.612533686] [six_angels_material_sorting_client]: CONTROL_LOOP_HEALTH samples=400/6121 interval_p95=55.80ms interval_p99=57.79ms execution_p95=2.61ms interval_misses=14 execution_misses=24
[INFO] [1787834874.355624637] [six_angels_material_sorting_client]: progress task=2 stage=return_to_end: task 2 returning to the end zone; goal=(-0.62, 0.55, 1.57); nav_status=navigating; NAV_TEL phase=transfer status=navigating segment=nav_end x=-0.190 y=1.092 yaw=-3.132 dist=0.692 yaw_err=-1.580 cmd=(0.000,0.550) clear=0.300 footprint=transit_stowed path=0.673 planned_straight=0.692 detour=0.972
[INFO] [1787834876.355511784] [six_angels_material_sorting_client]: progress task=2 stage=return_to_end: task 2 returning to the end zone; goal=(-0.62, 0.55, 1.57); nav_status=navigating; NAV_TEL phase=transfer status=navigating segment=nav_end x=-0.195 y=1.088 yaw=-2.447 dist=0.686 yaw_err=-2.265 cmd=(0.180,0.293) clear=0.250 footprint=transit_stowed path=0.673 planned_straight=0.692 detour=0.972
[INFO] [1787834877.655922692] [six_angels_material_sorting_client]: CONTROL_LOOP_HEALTH samples=400/6222 interval_p95=55.99ms interval_p99=57.79ms execution_p95=2.72ms interval_misses=14 execution_misses=24
[INFO] [1787834878.387001729] [six_angels_material_sorting_client]: progress task=2 stage=return_to_end: task 2 returning to the end zone; goal=(-0.62, 0.55, 1.57); nav_status=navigating; NAV_TEL phase=transfer status=navigating segment=nav_end x=-0.334 y=0.936 yaw=-2.258 dist=0.480 yaw_err=-2.454 cmd=(0.180,0.010) clear=0.400 footprint=transit_stowed path=0.673 planned_straight=0.692 detour=0.972
[INFO] [1787834880.355656031] [six_angels_material_sorting_client]: progress task=2 stage=return_to_end: task 2 returning to the end zone; goal=(-0.62, 0.55, 1.57); nav_status=navigating; NAV_TEL phase=transfer status=navigating segment=nav_end x=-0.471 y=0.769 yaw=-2.265 dist=0.265 yaw_err=-2.447 cmd=(0.180,-0.006) clear=0.450 footprint=transit_stowed path=0.673 planned_straight=0.692 detour=0.972
[INFO] [1787834882.405632473] [six_angels_material_sorting_client]: progress task=2 stage=return_to_end: task 2 returning to the end zone; goal=(-0.62, 0.55, 1.57); nav_status=final_positioning; NAV_TEL phase=transfer status=final_positioning segment=nav_end x=-0.573 y=0.641 yaw=-2.119 dist=0.102 yaw_err=-2.593 cmd=(0.082,0.147) clear=0.300 footprint=transit_stowed path=0.673 planned_straight=0.692 detour=0.972
[INFO] [1787834882.705779144] [six_angels_material_sorting_client]: CONTROL_LOOP_HEALTH samples=400/6323 interval_p95=55.31ms interval_p99=57.57ms execution_p95=2.82ms interval_misses=14 execution_misses=24
[INFO] [1787834884.455407482] [six_angels_material_sorting_client]: progress task=2 stage=return_to_end: task 2 returning to the end zone; goal=(-0.62, 0.55, 1.57); nav_status=final_aligning; NAV_TEL phase=transfer status=final_aligning segment=nav_end x=-0.590 y=0.612 yaw=-2.479 dist=0.069 yaw_err=-2.233 cmd=(0.000,-0.500) clear=0.300 footprint=transit_stowed path=0.673 planned_straight=0.692 detour=0.972
[INFO] [1787834886.456316999] [six_angels_material_sorting_client]: progress task=2 stage=return_to_end: task 2 returning to the end zone; goal=(-0.62, 0.55, 1.57); nav_status=final_aligning; NAV_TEL phase=transfer status=final_aligning segment=nav_end x=-0.589 y=0.612 yaw=-3.114 dist=0.069 yaw_err=-1.598 cmd=(0.000,-0.500) clear=0.450 footprint=transit_stowed path=0.673 planned_straight=0.692 detour=0.972
[INFO] [1787834887.706127327] [six_angels_material_sorting_client]: CONTROL_LOOP_HEALTH samples=400/6423 interval_p95=54.52ms interval_p99=56.84ms execution_p95=2.82ms interval_misses=14 execution_misses=24
[INFO] [1787834888.465312586] [six_angels_material_sorting_client]: progress task=2 stage=return_to_end: task 2 returning to the end zone; goal=(-0.62, 0.55, 1.57); nav_status=final_aligning; NAV_TEL phase=transfer status=final_aligning segment=nav_end x=-0.589 y=0.612 yaw=2.524 dist=0.069 yaw_err=-0.954 cmd=(0.000,-0.500) clear=0.350 footprint=transit_stowed path=0.673 planned_straight=0.692 detour=0.972
[INFO] [1787834890.505424255] [six_angels_material_sorting_client]: progress task=2 stage=return_to_end: task 2 returning to the end zone; goal=(-0.62, 0.55, 1.57); nav_status=final_aligning; NAV_TEL phase=transfer status=final_aligning segment=nav_end x=-0.588 y=0.611 yaw=1.870 dist=0.069 yaw_err=-0.299 cmd=(0.000,-0.500) clear=0.350 footprint=transit_stowed path=0.673 planned_straight=0.692 detour=0.972
[INFO] [1787834891.456420227] [six_angels_material_sorting_client]: controller=waiting_for_referee task=2 attempt=1 stage=- score=100: task 2 local sequence completed; waiting for Server referee: task 2 returned to the end zone; local sequence complete
[INFO] [1787834891.504753417] [six_angels_material_sorting_client]: controller=starting_task task=3 attempt=1 stage=navigate_to_pick score=100: referee advanced to task 3; starting attempt 1
[INFO] [1787834891.553888373] [six_angels_material_sorting_client]: task detection epoch retains pink RGB-D history
[INFO] [1787834891.555840762] [six_angels_material_sorting_client]: controller=executing_stage task=3 attempt=1 stage=navigate_to_pick score=100: task 3 entering navigate_to_pick
[INFO] [1787834891.640677028] [six_angels_material_sorting_client]: controller=executing_stage task=3 attempt=1 stage=navigate_to_pick score=100: task 3 attempt 1 stage=navigate_to_pick
[INFO] [1787834891.856042716] [six_angels_material_sorting_client]: scheduler candidate action=task3:navigate_to_pick:stand:left source=rl reason=accepted costmap_v=436
[INFO] [1787834892.706804989] [six_angels_material_sorting_client]: CONTROL_LOOP_HEALTH samples=400/6523 interval_p95=52.46ms interval_p99=55.31ms execution_p95=2.93ms interval_misses=15 execution_misses=25
[INFO] [1787834893.729338444] [six_angels_material_sorting_client]: progress task=3 stage=navigate_to_pick: task 3 navigating to top-box pink pick stand; nav_status=navigating
[INFO] [1787834895.655866220] [six_angels_material_sorting_client]: progress task=3 stage=navigate_to_pick: task 3 navigating to top-box pink pick stand; nav_status=navigating
[INFO] [1787834897.927743726] [six_angels_material_sorting_client]: progress task=3 stage=navigate_to_pick: task 3 navigating to top-box pink pick stand; nav_status=navigating
[INFO] [1787834898.060683625] [six_angels_material_sorting_client]: CONTROL_LOOP_HEALTH samples=400/6621 interval_p95=55.00ms interval_p99=58.25ms execution_p95=3.73ms interval_misses=16 execution_misses=27
[INFO] [1787834899.764215783] [six_angels_material_sorting_client]: progress task=3 stage=navigate_to_pick: task 3 navigating to top-box pink pick stand; nav_status=final_positioning
[INFO] [1787834900.824612647] [six_angels_material_sorting_client]: controller=executing_stage task=3 attempt=1 stage=acquire_target score=100: task 3 entering acquire_target: task 3 reached the detected pink top-box pick stand; NAV_GOAL_REACHED segment=nav_table
[INFO] [1787834900.827695750] [six_angels_material_sorting_client]: controller=executing_stage task=3 attempt=1 stage=acquire_target score=100: task 3 attempt 1 stage=acquire_target
[INFO] [1787834901.655590529] [six_angels_material_sorting_client]: controller=executing_stage task=3 attempt=1 stage=align_for_pick score=100: task 3 entering align_for_pick: task 3 reused the stable top-box center collected during navigation: center=(-0.531, 2.256, 1.006), orientation=yaw90
[INFO] [1787834901.705071494] [six_angels_material_sorting_client]: controller=executing_stage task=3 attempt=1 stage=align_for_pick score=100: task 3 attempt 1 stage=align_for_pick
[INFO] [1787834902.955224803] [six_angels_material_sorting_client]: CONTROL_LOOP_HEALTH samples=400/6719 interval_p95=55.32ms interval_p99=61.05ms execution_p95=13.16ms interval_misses=18 execution_misses=29
[INFO] [1787834903.755026092] [six_angels_material_sorting_client]: progress task=3 stage=align_for_pick: task 1 moving both open arms to pregrasp; target_base=(0.719, 0.022, 1.006); arm_tol=0.030, slide_err=0.006, left_err=0.002, right_err=0.002, cmd_err=0.000, max_vel=0.001
[INFO] [1787834903.955703395] [six_angels_material_sorting_client]: controller=executing_stage task=3 attempt=1 stage=grasp score=100: task 3 entering grasp: task 1 both open arms reached the non-contact pregrasp pose
[INFO] [1787834904.005085590] [six_angels_material_sorting_client]: controller=executing_stage task=3 attempt=1 stage=grasp score=100: task 3 attempt 1 stage=grasp
[INFO] [1787834906.057579350] [six_angels_material_sorting_client]: progress task=3 stage=grasp: task 1 continuously advancing the compliant contact search; speed=2.0 mm/s, offset=0.1/16.0 mm, surface_clearance=9.9 mm; compliance=active; left[contact=False, aligned=False, angle=0.2deg, effort_delta=1.64, effort_threshold=0.35, firm=True, firm_latched=False, velocity=0.000]; right[contact=False, aligned=False, angle=0.2deg, effort_delta=1.63, effort_threshold=0.35, firm=True, firm_latched=False, velocity=0.001]
[INFO] [1787834907.958099550] [six_angels_material_sorting_client]: CONTROL_LOOP_HEALTH samples=400/6819 interval_p95=55.32ms interval_p99=61.05ms execution_p95=13.16ms interval_misses=18 execution_misses=29
[INFO] [1787834908.106993962] [six_angels_material_sorting_client]: progress task=3 stage=grasp: task 1 continuously applying locked-wrist preload; offset=1.7/2.8 mm; compliance=active; left[contact=True, aligned=True, angle=1.8deg, effort_delta=0.05, effort_threshold=0.35, firm=False, firm_latched=False, velocity=0.000]; right[contact=True, aligned=True, angle=2.3deg, effort_delta=0.13, effort_threshold=0.35, firm=False, firm_latched=False, velocity=0.001]
[INFO] [1787834909.705838813] [six_angels_material_sorting_client]: controller=executing_stage task=3 attempt=1 stage=lift score=100: task 3 entering lift: task 1 bilateral compliant grasp settled with locked wrists and 2.8 mm bounded preload; compliance=active; left[contact=True, aligned=True, angle=1.8deg, effort_delta=0.02, effort_threshold=0.35, firm=False, firm_latched=False, velocity=0.000]; right[contact=True, aligned=True, angle=2.3deg, effort_delta=0.13, effort_threshold=0.35, firm=False, firm_latched=False, velocity=0.000]
[INFO] [1787834909.755023710] [six_angels_material_sorting_client]: controller=executing_stage task=3 attempt=1 stage=lift score=100: task 3 attempt 1 stage=lift
[INFO] [1787834911.755391204] [six_angels_material_sorting_client]: progress task=3 stage=lift: task 3 raising the spine while preserving arm preload; bounded_contact=False; lift=0.150m, slide_target=0.146, slide_err=0.056, left_err=0.016, right_err=0.016, cmd_err=0.030, max_vel=0.106
[INFO] [1787834913.005194181] [six_angels_material_sorting_client]: CONTROL_LOOP_HEALTH samples=400/6920 interval_p95=55.19ms interval_p99=59.76ms execution_p95=8.54ms interval_misses=18 execution_misses=29
[INFO] [1787834913.706466106] [six_angels_material_sorting_client]: controller=executing_stage task=3 attempt=1 stage=transport score=100: task 3 entering transport: task 3 accepted the completed 0.15 m lift with bounded held-box contact motion; lift=0.150m, slide_target=0.146, slide_err=0.009, left_err=0.016, right_err=0.016, cmd_err=0.000, max_vel=0.007
[INFO] [1787834913.823006719] [six_angels_material_sorting_client]: controller=executing_stage task=3 attempt=1 stage=transport score=100: task 3 attempt 1 stage=transport
[INFO] [1787834913.856450473] [six_angels_material_sorting_client]: scheduler candidate action=task3:transport:stand:right source=rl reason=accepted costmap_v=456
[INFO] [1787834915.860926334] [six_angels_material_sorting_client]: progress task=3 stage=transport: task 3 holding the top-box and retreating from table; retreating straight; remaining=0.225 m
[INFO] [1787834917.805675721] [six_angels_material_sorting_client]: progress task=3 stage=transport: task 3 holding the top-box and retreating from table; retreating straight; remaining=0.098 m
[INFO] [1787834918.055073658] [six_angels_material_sorting_client]: CONTROL_LOOP_HEALTH samples=400/7021 interval_p95=55.06ms interval_p99=59.49ms execution_p95=4.42ms interval_misses=18 execution_misses=31
[INFO] [1787834919.805598367] [six_angels_material_sorting_client]: progress task=3 stage=transport: task 3 holding the top-box and retreating from table; retreating straight; remaining=0.039 m
[INFO] [1787834921.807865185] [six_angels_material_sorting_client]: progress task=3 stage=transport: task 3 turning counter-clockwise toward the shelf before translation; yaw_error=1.427
[INFO] [1787834923.104767756] [six_angels_material_sorting_client]: CONTROL_LOOP_HEALTH samples=400/7122 interval_p95=50.34ms interval_p99=57.16ms execution_p95=3.95ms interval_misses=18 execution_misses=31
[INFO] [1787834923.854755820] [six_angels_material_sorting_client]: progress task=3 stage=transport: task 3 turning counter-clockwise toward the shelf before translation; yaw_error=0.989
[INFO] [1787834925.954263889] [six_angels_material_sorting_client]: progress task=3 stage=transport: task 3 turning counter-clockwise toward the shelf before translation; yaw_error=0.545
[INFO] [1787834927.904697108] [six_angels_material_sorting_client]: progress task=3 stage=transport: task 3 turning counter-clockwise toward the shelf before translation; yaw_error=0.142
[INFO] [1787834928.104919320] [six_angels_material_sorting_client]: CONTROL_LOOP_HEALTH samples=400/7222 interval_p95=50.42ms interval_p99=57.16ms execution_p95=3.67ms interval_misses=18 execution_misses=32
[INFO] [1787834929.904743698] [six_angels_material_sorting_client]: progress task=3 stage=transport: task 1 advancing shelfward with the safe west-facing heading; advancing straight; remaining=0.407 m
[INFO] [1787834931.954655616] [six_angels_material_sorting_client]: progress task=3 stage=transport: task 1 advancing shelfward with the safe west-facing heading; advancing straight; remaining=0.284 m
[INFO] [1787834933.108182146] [six_angels_material_sorting_client]: CONTROL_LOOP_HEALTH samples=400/7322 interval_p95=50.78ms interval_p99=58.98ms execution_p95=1.70ms interval_misses=18 execution_misses=32
[INFO] [1787834933.954638465] [six_angels_material_sorting_client]: progress task=3 stage=transport: task 1 advancing shelfward with the safe west-facing heading; advancing straight; remaining=0.169 m
[INFO] [1787834935.954777968] [six_angels_material_sorting_client]: progress task=3 stage=transport: task 1 advancing shelfward with the safe west-facing heading; advancing straight; remaining=0.086 m
[INFO] [1787834938.004990559] [six_angels_material_sorting_client]: progress task=3 stage=transport: task 1 advancing shelfward with the safe west-facing heading; advancing straight; remaining=0.040 m
[INFO] [1787834938.155016610] [six_angels_material_sorting_client]: CONTROL_LOOP_HEALTH samples=400/7423 interval_p95=50.21ms interval_p99=51.13ms execution_p95=1.68ms interval_misses=18 execution_misses=32
[INFO] [1787834940.056381599] [six_angels_material_sorting_client]: progress task=3 stage=transport: task 3 moving laterally at the safe shelf-front clearance; lateral alignment rotating toward shelf-front direction; yaw_err=1.516
[INFO] [1787834942.056363807] [six_angels_material_sorting_client]: progress task=3 stage=transport: task 3 moving laterally at the safe shelf-front clearance; lateral alignment rotating toward shelf-front direction; yaw_err=1.092
[INFO] [1787834943.205883792] [six_angels_material_sorting_client]: CONTROL_LOOP_HEALTH samples=400/7524 interval_p95=50.21ms interval_p99=52.30ms execution_p95=1.54ms interval_misses=18 execution_misses=32
[INFO] [1787834944.104950621] [six_angels_material_sorting_client]: progress task=3 stage=transport: task 3 moving laterally at the safe shelf-front clearance; lateral alignment rotating toward shelf-front direction; yaw_err=0.650
[INFO] [1787834946.112464677] [six_angels_material_sorting_client]: progress task=3 stage=transport: task 3 moving laterally at the safe shelf-front clearance; lateral alignment rotating toward shelf-front direction; yaw_err=0.222
[INFO] [1787834948.200465304] [six_angels_material_sorting_client]: progress task=3 stage=transport: task 3 moving laterally at the safe shelf-front clearance; lateral alignment driving along shelf front; y_err=-0.352, x_err=-0.010
[INFO] [1787834948.207282886] [six_angels_material_sorting_client]: CONTROL_LOOP_HEALTH samples=400/7624 interval_p95=50.22ms interval_p99=54.00ms execution_p95=1.54ms interval_misses=18 execution_misses=32
[INFO] [1787834950.154833842] [six_angels_material_sorting_client]: progress task=3 stage=transport: task 3 moving laterally at the safe shelf-front clearance; lateral alignment driving along shelf front; y_err=-0.248, x_err=-0.009
[INFO] [1787834952.204808578] [six_angels_material_sorting_client]: progress task=3 stage=transport: task 3 moving laterally at the safe shelf-front clearance; lateral alignment driving along shelf front; y_err=-0.140, x_err=-0.008
[INFO] [1787834953.254965714] [six_angels_material_sorting_client]: CONTROL_LOOP_HEALTH samples=400/7725 interval_p95=50.19ms interval_p99=50.86ms execution_p95=1.62ms interval_misses=18 execution_misses=32
[INFO] [1787834954.276604178] [six_angels_material_sorting_client]: progress task=3 stage=transport: task 3 moving laterally at the safe shelf-front clearance; lateral alignment driving along shelf front; y_err=-0.069, x_err=-0.007
[INFO] [1787834956.254840858] [six_angels_material_sorting_client]: progress task=3 stage=transport: task 3 moving laterally at the safe shelf-front clearance; lateral alignment driving along shelf front; y_err=-0.026, x_err=-0.007
[INFO] [1787834958.304706949] [six_angels_material_sorting_client]: progress task=3 stage=transport: task 3 moving laterally at the safe shelf-front clearance; lateral alignment restoring shelf-facing yaw; yaw_err=-1.273
[INFO] [1787834958.305893142] [six_angels_material_sorting_client]: CONTROL_LOOP_HEALTH samples=400/7826 interval_p95=50.19ms interval_p99=50.87ms execution_p95=1.54ms interval_misses=18 execution_misses=32
[INFO] [1787834960.354984972] [six_angels_material_sorting_client]: progress task=3 stage=transport: task 3 moving laterally at the safe shelf-front clearance; lateral alignment restoring shelf-facing yaw; yaw_err=-0.804
[INFO] [1787834962.404659563] [six_angels_material_sorting_client]: progress task=3 stage=transport: task 3 moving laterally at the safe shelf-front clearance; lateral alignment restoring shelf-facing yaw; yaw_err=-0.352
[INFO] [1787834963.355007919] [six_angels_material_sorting_client]: CONTROL_LOOP_HEALTH samples=400/7927 interval_p95=50.18ms interval_p99=50.86ms execution_p95=1.54ms interval_misses=18 execution_misses=32
[INFO] [1787834964.255745140] [six_angels_material_sorting_client]: controller=executing_stage task=3 attempt=1 stage=align_for_place score=140: task 3 entering align_for_place: task 1 reached the safe shelf pre-place stand with the carried center still 0.75 m in front of the shelf
[INFO] [1787834964.305147078] [six_angels_material_sorting_client]: controller=executing_stage task=3 attempt=1 stage=align_for_place score=140: task 3 attempt 1 stage=align_for_place
[INFO] [1787834966.355319755] [six_angels_material_sorting_client]: progress task=3 stage=align_for_place: task 1 moving held top-box to task-3 shelf clearance height; slide_target=0.684, slide_err=0.432, left_err=0.015, right_err=0.016, cmd_err=0.415, slide_vel=0.082, max_vel=0.095
[INFO] [1787834968.355110023] [six_angels_material_sorting_client]: CONTROL_LOOP_HEALTH samples=400/8027 interval_p95=50.17ms interval_p99=50.38ms execution_p95=1.75ms interval_misses=18 execution_misses=32
[INFO] [1787834968.404832931] [six_angels_material_sorting_client]: progress task=3 stage=align_for_place: task 1 moving held top-box to task-3 shelf clearance height; slide_target=0.684, slide_err=0.309, left_err=0.015, right_err=0.016, cmd_err=0.292, slide_vel=0.044, max_vel=0.044
[INFO] [1787834970.405337789] [six_angels_material_sorting_client]: progress task=3 stage=align_for_place: task 1 moving held top-box to task-3 shelf clearance height; slide_target=0.684, slide_err=0.190, left_err=0.015, right_err=0.016, cmd_err=0.172, slide_vel=0.038, max_vel=0.038
[INFO] [1787834972.454787874] [six_angels_material_sorting_client]: progress task=3 stage=align_for_place: task 1 moving held top-box to task-3 shelf clearance height; slide_target=0.684, slide_err=0.067, left_err=0.015, right_err=0.016, cmd_err=0.049, slide_vel=0.059, max_vel=0.059
[INFO] [1787834973.405738118] [six_angels_material_sorting_client]: CONTROL_LOOP_HEALTH samples=400/8128 interval_p95=50.17ms interval_p99=50.48ms execution_p95=1.92ms interval_misses=18 execution_misses=32
[INFO] [1787834974.456332326] [six_angels_material_sorting_client]: progress task=3 stage=align_for_place: task 1 moving held top-box to task-3 shelf clearance height; slide_target=0.684, slide_err=0.003, left_err=0.015, right_err=0.016, cmd_err=0.000, slide_vel=0.007, max_vel=0.007
[INFO] [1787834976.456410871] [six_angels_material_sorting_client]: progress task=3 stage=align_for_place: task 3 aligning outside shelf for packaging-box left placement; lateral alignment rotating toward shelf-front direction; yaw_err=1.201
[INFO] [1787834978.455233216] [six_angels_material_sorting_client]: CONTROL_LOOP_HEALTH samples=400/8229 interval_p95=50.17ms interval_p99=50.48ms execution_p95=2.09ms interval_misses=18 execution_misses=32
[INFO] [1787834978.504670905] [six_angels_material_sorting_client]: progress task=3 stage=align_for_place: task 3 aligning outside shelf for packaging-box left placement; lateral alignment rotating toward shelf-front direction; yaw_err=0.737
[INFO] [1787834980.505855882] [six_angels_material_sorting_client]: progress task=3 stage=align_for_place: task 3 aligning outside shelf for packaging-box left placement; lateral alignment rotating toward shelf-front direction; yaw_err=0.280
[INFO] [1787834982.555114250] [six_angels_material_sorting_client]: progress task=3 stage=align_for_place: task 3 aligning outside shelf for packaging-box left placement; lateral alignment driving along shelf front; y_err=-0.231, x_err=-0.007
[INFO] [1787834983.504897541] [six_angels_material_sorting_client]: CONTROL_LOOP_HEALTH samples=400/8330 interval_p95=50.16ms interval_p99=50.43ms execution_p95=2.13ms interval_misses=18 execution_misses=32
[INFO] [1787834984.604554082] [six_angels_material_sorting_client]: progress task=3 stage=align_for_place: task 3 aligning outside shelf for packaging-box left placement; lateral alignment driving along shelf front; y_err=-0.122, x_err=-0.005
[INFO] [1787834986.655255831] [six_angels_material_sorting_client]: progress task=3 stage=align_for_place: task 3 aligning outside shelf for packaging-box left placement; lateral alignment driving along shelf front; y_err=-0.057, x_err=-0.005
[INFO] [1787834988.504979964] [six_angels_material_sorting_client]: CONTROL_LOOP_HEALTH samples=400/8430 interval_p95=50.17ms interval_p99=50.43ms execution_p95=2.02ms interval_misses=18 execution_misses=32
[INFO] [1787834988.655098583] [six_angels_material_sorting_client]: progress task=3 stage=align_for_place: task 3 aligning outside shelf for packaging-box left placement; lateral alignment restoring shelf-facing yaw; yaw_err=-1.567
[INFO] [1787834990.705365443] [six_angels_material_sorting_client]: progress task=3 stage=align_for_place: task 3 aligning outside shelf for packaging-box left placement; lateral alignment restoring shelf-facing yaw; yaw_err=-1.145
[INFO] [1787834992.754755655] [six_angels_material_sorting_client]: progress task=3 stage=align_for_place: task 3 aligning outside shelf for packaging-box left placement; lateral alignment restoring shelf-facing yaw; yaw_err=-0.685
[INFO] [1787834993.555144622] [six_angels_material_sorting_client]: CONTROL_LOOP_HEALTH samples=400/8531 interval_p95=50.15ms interval_p99=50.28ms execution_p95=1.97ms interval_misses=18 execution_misses=32
[INFO] [1787834994.804992454] [six_angels_material_sorting_client]: progress task=3 stage=align_for_place: task 3 aligning outside shelf for packaging-box left placement; lateral alignment restoring shelf-facing yaw; yaw_err=-0.219
[INFO] [1787834996.854799860] [six_angels_material_sorting_client]: progress task=3 stage=align_for_place: task 1 advancing to the shallow task-3 insertion stand; advancing straight; remaining=0.598 m
[INFO] [1787834998.604998416] [six_angels_material_sorting_client]: CONTROL_LOOP_HEALTH samples=400/8632 interval_p95=50.15ms interval_p99=50.39ms execution_p95=1.73ms interval_misses=18 execution_misses=32
[INFO] [1787834998.904751920] [six_angels_material_sorting_client]: progress task=3 stage=align_for_place: task 1 advancing to the shallow task-3 insertion stand; advancing straight; remaining=0.473 m
[INFO] [1787835000.904940325] [six_angels_material_sorting_client]: progress task=3 stage=align_for_place: task 1 advancing to the shallow task-3 insertion stand; advancing straight; remaining=0.351 m
[INFO] [1787835002.955403520] [six_angels_material_sorting_client]: progress task=3 stage=align_for_place: task 1 advancing to the shallow task-3 insertion stand; advancing straight; remaining=0.222 m
[INFO] [1787835003.605303276] [six_angels_material_sorting_client]: CONTROL_LOOP_HEALTH samples=400/8732 interval_p95=50.16ms interval_p99=50.86ms execution_p95=1.52ms interval_misses=18 execution_misses=32
[INFO] [1787835004.955420865] [six_angels_material_sorting_client]: progress task=3 stage=align_for_place: task 1 advancing to the shallow task-3 insertion stand; advancing straight; remaining=0.113 m
[INFO] [1787835007.004673835] [six_angels_material_sorting_client]: progress task=3 stage=align_for_place: task 1 advancing to the shallow task-3 insertion stand; advancing straight; remaining=0.060 m
[INFO] [1787835008.654620725] [six_angels_material_sorting_client]: CONTROL_LOOP_HEALTH samples=400/8833 interval_p95=50.17ms interval_p99=50.98ms execution_p95=1.61ms interval_misses=18 execution_misses=32
[INFO] [1787835009.004658878] [six_angels_material_sorting_client]: progress task=3 stage=align_for_place: task 1 advancing to the shallow task-3 insertion stand; advancing straight; remaining=0.056 m
[INFO] [1787835011.004619506] [six_angels_material_sorting_client]: progress task=3 stage=align_for_place: task 1 advancing to the shallow task-3 insertion stand; advancing straight; remaining=0.052 m
[INFO] [1787835013.004772586] [six_angels_material_sorting_client]: progress task=3 stage=align_for_place: task 1 advancing to the shallow task-3 insertion stand; advancing straight; remaining=0.048 m
[INFO] [1787835013.654672998] [six_angels_material_sorting_client]: CONTROL_LOOP_HEALTH samples=400/8933 interval_p95=50.19ms interval_p99=50.98ms execution_p95=1.61ms interval_misses=18 execution_misses=32
[INFO] [1787835015.054651309] [six_angels_material_sorting_client]: progress task=3 stage=align_for_place: task 1 advancing to the shallow task-3 insertion stand; advancing straight; remaining=0.044 m
[INFO] [1787835017.055390274] [six_angels_material_sorting_client]: progress task=3 stage=align_for_place: task 1 advancing to the shallow task-3 insertion stand; advancing straight; remaining=0.040 m
[INFO] [1787835018.655004345] [six_angels_material_sorting_client]: CONTROL_LOOP_HEALTH samples=400/9033 interval_p95=50.19ms interval_p99=50.92ms execution_p95=1.62ms interval_misses=18 execution_misses=32
[INFO] [1787835019.054736871] [six_angels_material_sorting_client]: progress task=3 stage=align_for_place: task 1 advancing to the shallow task-3 insertion stand; advancing straight; remaining=0.036 m
[INFO] [1787835021.104346449] [six_angels_material_sorting_client]: progress task=3 stage=align_for_place: task 1 advancing to the shallow task-3 insertion stand; advancing straight; remaining=0.031 m
[INFO] [1787835023.105195425] [six_angels_material_sorting_client]: progress task=3 stage=align_for_place: task 1 advancing to the shallow task-3 insertion stand; advancing straight; remaining=0.026 m
[INFO] [1787835023.705626033] [six_angels_material_sorting_client]: CONTROL_LOOP_HEALTH samples=400/9134 interval_p95=50.20ms interval_p99=50.68ms execution_p95=1.61ms interval_misses=18 execution_misses=32
[INFO] [1787835025.154864980] [six_angels_material_sorting_client]: progress task=3 stage=align_for_place: task 1 advancing to the shallow task-3 insertion stand; advancing straight; remaining=0.022 m
[INFO] [1787835027.204671939] [six_angels_material_sorting_client]: progress task=3 stage=align_for_place: task 1 advancing to the shallow task-3 insertion stand; advancing straight; remaining=0.019 m
[INFO] [1787835028.754872253] [six_angels_material_sorting_client]: CONTROL_LOOP_HEALTH samples=400/9235 interval_p95=50.20ms interval_p99=50.50ms execution_p95=1.49ms interval_misses=18 execution_misses=32
[INFO] [1787835029.204650272] [six_angels_material_sorting_client]: progress task=3 stage=align_for_place: task 1 advancing to the shallow task-3 insertion stand; advancing straight; remaining=0.016 m
[INFO] [1787835031.204735949] [six_angels_material_sorting_client]: progress task=3 stage=align_for_place: task 3 advancing the base an additional 0.15 m before release; advancing straight; remaining=0.135 m
[INFO] [1787835033.205033838] [six_angels_material_sorting_client]: progress task=3 stage=align_for_place: task 3 advancing the base an additional 0.15 m before release; advancing straight; remaining=0.125 m
[INFO] [1787835033.755025245] [six_angels_material_sorting_client]: CONTROL_LOOP_HEALTH samples=400/9335 interval_p95=50.18ms interval_p99=50.44ms execution_p95=1.41ms interval_misses=18 execution_misses=32
[INFO] [1787835035.254699933] [six_angels_material_sorting_client]: progress task=3 stage=align_for_place: task 3 advancing the base an additional 0.15 m before release; advancing straight; remaining=0.118 m
[INFO] [1787835037.255332599] [six_angels_material_sorting_client]: progress task=3 stage=align_for_place: task 3 advancing the base an additional 0.15 m before release; advancing straight; remaining=0.112 m
[INFO] [1787835038.755039422] [six_angels_material_sorting_client]: CONTROL_LOOP_HEALTH samples=400/9435 interval_p95=50.18ms interval_p99=50.37ms execution_p95=1.47ms interval_misses=18 execution_misses=32
[INFO] [1787835039.304669384] [six_angels_material_sorting_client]: progress task=3 stage=align_for_place: task 3 advancing the base an additional 0.15 m before release; advancing straight; remaining=0.107 m
[INFO] [1787835041.305402156] [six_angels_material_sorting_client]: progress task=3 stage=align_for_place: task 3 advancing the base an additional 0.15 m before release; advancing straight; remaining=0.102 m
[INFO] [1787835043.354509691] [six_angels_material_sorting_client]: progress task=3 stage=align_for_place: task 3 advancing the base an additional 0.15 m before release; advancing straight; remaining=0.098 m
[INFO] [1787835043.804921792] [six_angels_material_sorting_client]: CONTROL_LOOP_HEALTH samples=400/9536 interval_p95=50.16ms interval_p99=50.37ms execution_p95=1.46ms interval_misses=18 execution_misses=32
[INFO] [1787835045.354660724] [six_angels_material_sorting_client]: progress task=3 stage=align_for_place: task 3 advancing the base an additional 0.15 m before release; advancing straight; remaining=0.095 m
[INFO] [1787835047.404494502] [six_angels_material_sorting_client]: progress task=3 stage=align_for_place: task 3 advancing the base an additional 0.15 m before release; advancing straight; remaining=0.091 m
[INFO] [1787835048.804911036] [six_angels_material_sorting_client]: CONTROL_LOOP_HEALTH samples=400/9636 interval_p95=50.16ms interval_p99=50.42ms execution_p95=1.47ms interval_misses=18 execution_misses=32
[INFO] [1787835049.404576883] [six_angels_material_sorting_client]: progress task=3 stage=align_for_place: task 3 advancing the base an additional 0.15 m before release; advancing straight; remaining=0.057 m
[INFO] [1787835051.454602588] [six_angels_material_sorting_client]: progress task=3 stage=align_for_place: task 3 advancing the base an additional 0.15 m before release; advancing straight; remaining=0.045 m
[INFO] [1787835053.454729587] [six_angels_material_sorting_client]: progress task=3 stage=align_for_place: task 3 advancing the base an additional 0.15 m before release; advancing straight; remaining=0.040 m
[INFO] [1787835053.805588590] [six_angels_material_sorting_client]: CONTROL_LOOP_HEALTH samples=400/9736 interval_p95=50.17ms interval_p99=50.42ms execution_p95=1.49ms interval_misses=18 execution_misses=32
[INFO] [1787835055.504707630] [six_angels_material_sorting_client]: progress task=3 stage=align_for_place: task 3 advancing the base an additional 0.15 m before release; advancing straight; remaining=0.034 m
[INFO] [1787835057.505310213] [six_angels_material_sorting_client]: progress task=3 stage=align_for_place: task 3 advancing the base an additional 0.15 m before release; advancing straight; remaining=0.029 m
[INFO] [1787835058.854668196] [six_angels_material_sorting_client]: CONTROL_LOOP_HEALTH samples=400/9837 interval_p95=50.18ms interval_p99=50.49ms execution_p95=1.52ms interval_misses=18 execution_misses=32
[INFO] [1787835059.554722397] [six_angels_material_sorting_client]: progress task=3 stage=align_for_place: task 3 advancing the base an additional 0.15 m before release; advancing straight; remaining=0.024 m
[INFO] [1787835061.554783141] [six_angels_material_sorting_client]: progress task=3 stage=align_for_place: task 3 advancing the base an additional 0.15 m before release; advancing straight; remaining=0.020 m
[INFO] [1787835063.455430174] [six_angels_material_sorting_client]: controller=executing_stage task=3 attempt=1 stage=place score=140: task 3 entering place: task 3 reached the direct base-release position without arm insertion; extra advance=0.15 m
[INFO] [1787835063.505854412] [six_angels_material_sorting_client]: controller=executing_stage task=3 attempt=1 stage=place score=140: task 3 attempt 1 stage=place
[INFO] [1787835063.855451846] [six_angels_material_sorting_client]: CONTROL_LOOP_HEALTH samples=400/9937 interval_p95=50.18ms interval_p99=50.85ms execution_p95=1.56ms interval_misses=18 execution_misses=32
[INFO] [1787835065.505554675] [six_angels_material_sorting_client]: progress task=3 stage=place: task 1 lowering task-3 box compliantly onto the shelf board; slide_target=0.792, slide_err=0.027, left_err=0.079, right_err=0.017, cmd_err=0.012, slide_vel=0.130, max_vel=0.130; compliant_place_phase=fast_approach, remaining_mm=24.0, step_mm=2.0, completion=None; placement_effort=active, slide_ratio=0.00, left_wrist_ratio=0.00, right_wrist_ratio=0.00, left_arm_max=0.00, right_arm_max=0.00, candidate=False, confirmed=False
[INFO] [1787835067.555304162] [six_angels_material_sorting_client]: progress task=3 stage=place: task 1 lowering task-3 box compliantly onto the shelf board; slide_target=0.794, slide_err=0.003, left_err=0.078, right_err=0.017, cmd_err=0.000, slide_vel=0.004, max_vel=0.005; compliant_place_phase=fine_descent, remaining_mm=10.0, step_mm=2.0, completion=None; placement_effort=active, slide_ratio=0.00, left_wrist_ratio=0.00, right_wrist_ratio=0.00, left_arm_max=0.00, right_arm_max=0.00, candidate=False, confirmed=False
[INFO] [1787835068.904963766] [six_angels_material_sorting_client]: CONTROL_LOOP_HEALTH samples=400/10038 interval_p95=50.19ms interval_p99=50.86ms execution_p95=1.79ms interval_misses=18 execution_misses=32
[INFO] [1787835069.554911493] [six_angels_material_sorting_client]: progress task=3 stage=place: task 3 spreading both arms locally to release; target_base=(0.719, 0.019, 0.506); arm_tol=0.030, slide_err=0.007, left_err=0.026, right_err=0.030, cmd_err=0.024, max_vel=0.073
[INFO] [1787835071.005938283] [six_angels_material_sorting_client]: controller=executing_stage task=3 attempt=1 stage=verify_place score=140: task 3 entering verify_place: task 3 released the box from the achieved insertion pose without world-frame IK recomputation
[INFO] [1787835071.055253797] [six_angels_material_sorting_client]: controller=executing_stage task=3 attempt=1 stage=verify_place score=140: task 3 attempt 1 stage=verify_place
[INFO] [1787835072.055490408] [six_angels_material_sorting_client]: controller=executing_stage task=3 attempt=1 stage=return_to_end score=140: task 3 entering return_to_end: task 1 shelf placement settled; handing result to referee
[INFO] [1787835072.197925821] [six_angels_material_sorting_client]: controller=executing_stage task=3 attempt=1 stage=return_to_end score=140: task 3 attempt 1 stage=return_to_end
[INFO] [1787835072.257472220] [six_angels_material_sorting_client]: scheduler candidate action=task3:return_to_end:stand:left source=rl reason=accepted costmap_v=528
[INFO] [1787835073.954967336] [six_angels_material_sorting_client]: CONTROL_LOOP_HEALTH samples=400/10139 interval_p95=50.22ms interval_p99=55.17ms execution_p95=1.89ms interval_misses=19 execution_misses=33
[INFO] [1787835074.135244685] [six_angels_material_sorting_client]: progress task=3 stage=return_to_end: task 3 retreating the base 0.40 m after release; retreating straight; remaining=0.251 m
[INFO] [1787835076.154752511] [six_angels_material_sorting_client]: progress task=3 stage=return_to_end: task 3 retreating the base 0.40 m after release; retreating straight; remaining=0.090 m
[INFO] [1787835078.168655900] [six_angels_material_sorting_client]: progress task=3 stage=return_to_end: task 3 retreating the base 0.40 m after release; retreating straight; remaining=0.019 m
[INFO] [1787835079.008791518] [six_angels_material_sorting_client]: CONTROL_LOOP_HEALTH samples=400/10239 interval_p95=55.05ms interval_p99=57.53ms execution_p95=2.04ms interval_misses=19 execution_misses=33
[INFO] [1787835080.205025562] [six_angels_material_sorting_client]: progress task=3 stage=return_to_end: task 3 pushing the released box farther into the shelf by 0.38 m; advancing straight; remaining=0.378 m
[INFO] [1787835082.254654606] [six_angels_material_sorting_client]: progress task=3 stage=return_to_end: task 3 pushing the released box farther into the shelf by 0.38 m; advancing straight; remaining=0.230 m
[INFO] [1787835084.038635852] [six_angels_material_sorting_client]: CONTROL_LOOP_HEALTH samples=400/10340 interval_p95=55.77ms interval_p99=59.33ms execution_p95=1.96ms interval_misses=19 execution_misses=33
[INFO] [1787835084.300146996] [six_angels_material_sorting_client]: progress task=3 stage=return_to_end: task 3 pushing the released box farther into the shelf by 0.38 m; advancing straight; remaining=0.099 m
[INFO] [1787835086.292397826] [six_angels_material_sorting_client]: progress task=3 stage=return_to_end: task 3 pushing the released box farther into the shelf by 0.38 m; advancing straight; remaining=0.036 m
[INFO] [1787835088.304390443] [six_angels_material_sorting_client]: progress task=3 stage=return_to_end: task 3 retreating after the post-release push; retreating straight; remaining=0.354 m
[INFO] [1787835089.082099025] [six_angels_material_sorting_client]: CONTROL_LOOP_HEALTH samples=400/10441 interval_p95=57.05ms interval_p99=60.07ms execution_p95=1.96ms interval_misses=19 execution_misses=33
[INFO] [1787835090.304754817] [six_angels_material_sorting_client]: progress task=3 stage=return_to_end: task 3 retreating after the post-release push; retreating straight; remaining=0.178 m
[INFO] [1787835092.354468818] [six_angels_material_sorting_client]: progress task=3 stage=return_to_end: task 3 retreating after the post-release push; retreating straight; remaining=0.057 m
[INFO] [1787835094.150089748] [six_angels_material_sorting_client]: CONTROL_LOOP_HEALTH samples=400/10542 interval_p95=57.27ms interval_p99=60.27ms execution_p95=1.61ms interval_misses=19 execution_misses=33
[INFO] [1787835094.388103160] [six_angels_material_sorting_client]: progress task=3 stage=return_to_end: task 3 retracting both arms after the post-release push; transport retract; slide_err=0.159, left_err=0.995, right_err=0.996, cmd_err=0.874, max_vel=2.179
[INFO] [1787835096.354962984] [six_angels_material_sorting_client]: progress task=3 stage=return_to_end: task 3 raising the retracted arms to maximum transport height; slide_target=-0.040, slide_err=0.136, left_err=0.003, right_err=0.003, cmd_err=0.107, slide_vel=0.049, max_vel=0.049
[INFO] [1787835098.404615657] [six_angels_material_sorting_client]: progress task=3 stage=return_to_end: task 3 raising the retracted arms to maximum transport height; slide_target=-0.040, slide_err=0.020, left_err=0.003, right_err=0.003, cmd_err=0.000, slide_vel=0.030, max_vel=0.030
[INFO] [1787835099.154907072] [six_angels_material_sorting_client]: CONTROL_LOOP_HEALTH samples=400/10643 interval_p95=57.05ms interval_p99=60.04ms execution_p95=1.74ms interval_misses=19 execution_misses=33
[INFO] [1787835100.408946776] [six_angels_material_sorting_client]: progress task=3 stage=return_to_end: task 1 returning to the end zone; goal=(-0.78, 0.55, 1.57); nav_status=navigating; NAV_TEL phase=transfer status=navigating segment=nav_end x=-1.277 y=0.566 yaw=2.836 dist=0.498 yaw_err=-1.266 cmd=(0.000,-0.550) clear=0.350 footprint=transit_stowed path=0.500 planned_straight=0.498 detour=1.004
[INFO] [1787835102.456017249] [six_angels_material_sorting_client]: progress task=3 stage=return_to_end: task 1 returning to the end zone; goal=(-0.78, 0.55, 1.57); nav_status=navigating; NAV_TEL phase=transfer status=navigating segment=nav_end x=-1.277 y=0.565 yaw=1.913 dist=0.497 yaw_err=-0.342 cmd=(0.000,-0.550) clear=0.300 footprint=transit_stowed path=0.500 planned_straight=0.498 detour=1.004
[INFO] [1787835104.155801438] [six_angels_material_sorting_client]: CONTROL_LOOP_HEALTH samples=400/10743 interval_p95=56.94ms interval_p99=60.00ms execution_p95=2.35ms interval_misses=19 execution_misses=34
[INFO] [1787835104.501816763] [six_angels_material_sorting_client]: progress task=3 stage=return_to_end: task 1 returning to the end zone; goal=(-0.78, 0.55, 1.57); nav_status=navigating; NAV_TEL phase=transfer status=navigating segment=nav_end x=-1.277 y=0.564 yaw=1.003 dist=0.497 yaw_err=0.568 cmd=(0.000,-0.550) clear=0.300 footprint=transit_stowed path=0.500 planned_straight=0.498 detour=1.004
[INFO] [1787835106.455763423] [six_angels_material_sorting_client]: progress task=3 stage=return_to_end: task 1 returning to the end zone; goal=(-0.78, 0.55, 1.57); nav_status=navigating; NAV_TEL phase=transfer status=navigating segment=nav_end x=-1.237 y=0.571 yaw=0.131 dist=0.458 yaw_err=1.440 cmd=(0.180,-0.188) clear=0.350 footprint=transit_stowed path=0.500 planned_straight=0.498 detour=1.004
[INFO] [1787835108.505660312] [six_angels_material_sorting_client]: progress task=3 stage=return_to_end: task 1 returning to the end zone; goal=(-0.78, 0.55, 1.57); nav_status=final_positioning; NAV_TEL phase=transfer status=final_positioning segment=nav_end x=-0.937 y=0.580 yaw=-0.014 dist=0.160 yaw_err=1.585 cmd=(0.099,-0.164) clear=0.400 footprint=transit_stowed path=0.500 planned_straight=0.498 detour=1.004
[INFO] [1787835109.167466477] [six_angels_material_sorting_client]: CONTROL_LOOP_HEALTH samples=400/10843 interval_p95=55.01ms interval_p99=57.72ms execution_p95=2.46ms interval_misses=19 execution_misses=34
[INFO] [1787835110.555365305] [six_angels_material_sorting_client]: progress task=3 stage=return_to_end: task 1 returning to the end zone; goal=(-0.78, 0.55, 1.57); nav_status=final_aligning; NAV_TEL phase=transfer status=final_aligning segment=nav_end x=-0.844 y=0.569 yaw=0.180 dist=0.067 yaw_err=1.391 cmd=(0.000,0.500) clear=0.350 footprint=transit_stowed path=0.500 planned_straight=0.498 detour=1.004
[INFO] [1787835112.563983232] [six_angels_material_sorting_client]: progress task=3 stage=return_to_end: task 1 returning to the end zone; goal=(-0.78, 0.55, 1.57); nav_status=final_aligning; NAV_TEL phase=transfer status=final_aligning segment=nav_end x=-0.845 y=0.569 yaw=1.113 dist=0.067 yaw_err=0.458 cmd=(0.000,0.500) clear=0.300 footprint=transit_stowed path=0.500 planned_straight=0.498 detour=1.004
[INFO] [1787835113.555647104] [six_angels_material_sorting_client]: controller=finished task=3 attempt=1 stage=- score=160: referee terminal cleanup completed
[INFO] [1787835114.204352543] [six_angels_material_sorting_client]: CONTROL_LOOP_HEALTH samples=400/10944 interval_p95=52.51ms interval_p99=56.78ms execution_p95=2.60ms interval_misses=19 execution_misses=34
