checking Client module consistency...
/workspace/baseline/examples/material_sorting/shelf/state_tracker.py:127: UserWarning: layout.scene.shelf_opening_yaw missing; fallback DEFAULT_SHELF_OPENING_YAW=0.0
  self.geometry = geometry or load_shelf_geometry()
/workspace/baseline/examples/material_sorting/perception/shelf_empty_confirm.py:90: UserWarning: layout.scene.shelf_opening_yaw missing; fallback DEFAULT_SHELF_OPENING_YAW=0.0
  self.geometry = geometry or load_shelf_geometry()
[INFO] [1787831377.448054626] [six_angels_material_sorting_client]: scheduler RL overlay enabled; policy_mode=rl_shadow
[INFO] [1787831377.462738958] [six_angels_material_sorting_client]: client started; waiting for instruction, odometry and joint states; execution_mode=task123_full; scheduler=v2
[INFO] [1787831377.463388028] [six_angels_material_sorting_client]: scheduler_policy=rl_shadow; event_log=/workspace/artifacts/scheduler_v2_multiseed_20260915.jsonl; measured_carry_guard=False
[INFO] [1787831377.464078479] [six_angels_material_sorting_client]: runtime_health=odom_max_age=0.750s, joint_max_age=0.750s, stale_grace=2.000s, control_period=0.050s
[WARN] [1787831377.464779219] [six_angels_material_sorting_client]: scheduler v2 is active: task plans and command/resource guards are enforced
[INFO] [1787831377.465464309] [six_angels_material_sorting_client]: semantic audit disabled
[WARN] [1787831377.466149499] [six_angels_material_sorting_client]: task123_full enables integrated task-1/task-2 execution and task-3 top-box pick, measured packaging-box left placement, and safe return; task transitions remain referee-driven
[INFO] [1787831377.494459463] [six_angels_material_sorting_client]: instructions accepted: T1=yellow->shelf_point, T2=brown->table_point, T3=pink->shelf_prop_side
[INFO] [1787831377.513531336] [six_angels_material_sorting_client]: waiting for: detection:yellow
/usr/local/lib/python3.10/dist-packages/matplotlib/projections/__init__.py:63: UserWarning: Unable to import Axes3D. This may be due to multiple versions of Matplotlib being installed (e.g. as a system package and as a pip package). As a result, the 3D projection is not available.
  warnings.warn("Unable to import Axes3D. This may be due to multiple versions of "
[INFO] [1787831380.150218321] [material_box_detect]: material_box_detect up; backend=yolo; checkpoint=/workspace/baseline/examples/material_sorting/perception/checkpoints/best.pt; conf=0.65; center_compensation_scale=0.70; detection_log_period=0.0s
[INFO] [1787831382.314981560] [six_angels_material_sorting_client]: client inputs ready; starting three-task competition controller
[INFO] [1787831382.321169451] [six_angels_material_sorting_client]: controller=starting_task task=1 attempt=1 stage=navigate_to_pick score=0: starting task 1 attempt 1
[INFO] [1787831382.366026288] [six_angels_material_sorting_client]: controller=executing_stage task=1 attempt=1 stage=navigate_to_pick score=0: task 1 entering navigate_to_pick
[INFO] [1787831382.469076775] [six_angels_material_sorting_client]: controller=executing_stage task=1 attempt=1 stage=navigate_to_pick score=0: task 1 attempt 1 stage=navigate_to_pick
[INFO] [1787831382.660143516] [six_angels_material_sorting_client]: CONTROL_LOOP_HEALTH samples=101/101 interval_p95=50.14ms interval_p99=53.91ms execution_p95=0.78ms interval_misses=0 execution_misses=2
[INFO] [1787831382.705025284] [six_angels_material_sorting_client]: scheduler candidate action=task1:navigate_to_pick:stand:right source=heuristic reason=rl_shadow_isolated:submitted costmap_v=1
[INFO] [1787831384.416663187] [six_angels_material_sorting_client]: progress task=1 stage=navigate_to_pick: task 1 navigating to pick stand (-0.92, 1.55); nav_status=navigating; NAV_TEL phase=task1_pick status=navigating segment=nav_table x=-0.700 y=0.550 yaw=2.092 dist=1.024 yaw_err=-0.521 cmd=(0.000,0.650) clear=0.300 footprint=transit_stowed path=1.250 planned_straight=1.024 detour=1.221
[INFO] [1787831386.415472864] [six_angels_material_sorting_client]: progress task=1 stage=navigate_to_pick: task 1 navigating to pick stand (-0.92, 1.55); nav_status=navigating; NAV_TEL phase=task1_pick status=navigating segment=nav_table x=-0.781 y=0.613 yaw=2.490 dist=0.947 yaw_err=-0.919 cmd=(0.172,-0.146) clear=0.350 footprint=transit_stowed path=1.250 planned_straight=1.024 detour=1.221
[INFO] [1787831387.768409657] [six_angels_material_sorting_client]: CONTROL_LOOP_HEALTH samples=202/202 interval_p95=56.36ms interval_p99=59.07ms execution_p95=3.27ms interval_misses=1 execution_misses=2
[INFO] [1787831388.563113105] [six_angels_material_sorting_client]: progress task=1 stage=navigate_to_pick: task 1 navigating to pick stand (-0.92, 1.55); nav_status=navigating; NAV_TEL phase=task1_pick status=navigating segment=nav_table x=-0.918 y=0.770 yaw=1.977 dist=0.780 yaw_err=-0.406 cmd=(0.200,-0.492) clear=0.500 footprint=transit_stowed path=1.250 planned_straight=1.024 detour=1.221
[INFO] [1787831390.514928088] [six_angels_material_sorting_client]: progress task=1 stage=navigate_to_pick: task 1 navigating to pick stand (-0.92, 1.55); nav_status=navigating; NAV_TEL phase=task1_pick status=navigating segment=nav_table x=-0.954 y=0.985 yaw=1.587 dist=0.566 yaw_err=-0.016 cmd=(0.200,-0.083) clear=0.700 footprint=transit_stowed path=1.250 planned_straight=1.024 detour=1.221
[INFO] [1787831392.525242159] [six_angels_material_sorting_client]: progress task=1 stage=navigate_to_pick: task 1 navigating to pick stand (-0.92, 1.55); nav_status=navigating; NAV_TEL phase=task1_pick status=navigating segment=nav_table x=-0.950 y=1.203 yaw=1.535 dist=0.348 yaw_err=0.036 cmd=(0.200,-0.010) clear=0.500 footprint=transit_stowed path=1.250 planned_straight=1.024 detour=1.221
[INFO] [1787831392.715136293] [six_angels_material_sorting_client]: CONTROL_LOOP_HEALTH samples=301/301 interval_p95=56.74ms interval_p99=59.56ms execution_p95=3.25ms interval_misses=3 execution_misses=3
[INFO] [1787831394.565826793] [six_angels_material_sorting_client]: progress task=1 stage=navigate_to_pick: task 1 navigating to pick stand (-0.92, 1.55); nav_status=final_positioning; NAV_TEL phase=task1_pick status=final_positioning segment=nav_table x=-0.942 y=1.417 yaw=1.498 dist=0.135 yaw_err=0.072 cmd=(0.100,-0.177) clear=0.250 footprint=transit_stowed path=1.250 planned_straight=1.024 detour=1.221
[INFO] [1787831396.566273526] [six_angels_material_sorting_client]: progress task=1 stage=navigate_to_pick: task 1 navigating to pick stand (-0.92, 1.55); nav_status=final_aligning; NAV_TEL phase=task1_pick status=final_aligning segment=nav_table x=-0.934 y=1.481 yaw=1.501 dist=0.070 yaw_err=0.070 cmd=(0.000,0.139) clear=0.200 footprint=transit_stowed path=1.250 planned_straight=1.024 detour=1.221
[INFO] [1787831396.816731853] [six_angels_material_sorting_client]: controller=executing_stage task=1 attempt=1 stage=acquire_target score=0: task 1 entering acquire_target: task 1 reached the detected table-side pick stand; stopping before arm motion; NAV_GOAL_REACHED segment=nav_table
[INFO] [1787831396.865063512] [six_angels_material_sorting_client]: controller=executing_stage task=1 attempt=1 stage=acquire_target score=0: task 1 attempt 1 stage=acquire_target
[INFO] [1787831396.915558801] [six_angels_material_sorting_client]: controller=executing_stage task=1 attempt=1 stage=align_for_pick score=0: task 1 entering align_for_pick: task 1 target locked for open pregrasp at (-0.991, 2.2, 0.834); orientation=yaw0; source=rgbd_cuboid
[INFO] [1787831396.966463861] [six_angels_material_sorting_client]: controller=executing_stage task=1 attempt=1 stage=align_for_pick score=0: task 1 attempt 1 stage=align_for_pick
[INFO] [1787831397.716704633] [six_angels_material_sorting_client]: CONTROL_LOOP_HEALTH samples=400/401 interval_p95=55.83ms interval_p99=59.29ms execution_p95=3.18ms interval_misses=3 execution_misses=3
[INFO] [1787831399.014641442] [six_angels_material_sorting_client]: progress task=1 stage=align_for_pick: task 1 moving both open arms to pregrasp; target_base=(0.716, 0.085, 0.834); arm_tol=0.030, slide_err=0.006, left_err=0.002, right_err=0.006, cmd_err=0.000, max_vel=0.173
[INFO] [1787831399.815585976] [six_angels_material_sorting_client]: controller=executing_stage task=1 attempt=1 stage=grasp score=0: task 1 entering grasp: task 1 both open arms reached the non-contact pregrasp pose
[INFO] [1787831399.864870846] [six_angels_material_sorting_client]: controller=executing_stage task=1 attempt=1 stage=grasp score=0: task 1 attempt 1 stage=grasp
[INFO] [1787831401.869371068] [six_angels_material_sorting_client]: progress task=1 stage=grasp: task 1 continuously advancing the compliant contact search; speed=0.5 mm/s, offset=0.2/16.0 mm, surface_clearance=9.8 mm; compliance=active; left[contact=True, aligned=False, angle=0.5deg, effort_delta=1.78, effort_threshold=0.35, firm=True, firm_latched=False, velocity=0.000]; right[contact=True, aligned=False, angle=0.8deg, effort_delta=1.76, effort_threshold=0.35, firm=True, firm_latched=False, velocity=0.000]
[INFO] [1787831402.719274467] [six_angels_material_sorting_client]: CONTROL_LOOP_HEALTH samples=400/501 interval_p95=55.58ms interval_p99=59.29ms execution_p95=4.38ms interval_misses=3 execution_misses=3
[INFO] [1787831403.916808016] [six_angels_material_sorting_client]: progress task=1 stage=grasp: task 1 continuously advancing the compliant contact search; speed=0.5 mm/s, offset=1.3/16.0 mm, surface_clearance=8.7 mm; compliance=active; left[contact=True, aligned=False, angle=1.4deg, effort_delta=0.01, effort_threshold=0.35, firm=False, firm_latched=False, velocity=0.001]; right[contact=True, aligned=True, angle=2.9deg, effort_delta=0.11, effort_threshold=0.35, firm=False, firm_latched=False, velocity=0.000]
[INFO] [1787831405.918932271] [six_angels_material_sorting_client]: progress task=1 stage=grasp: task 1 continuously advancing the compliant contact search; speed=0.5 mm/s, offset=2.3/16.0 mm, surface_clearance=7.7 mm; compliance=active; left[contact=True, aligned=False, angle=1.4deg, effort_delta=0.02, effort_threshold=0.35, firm=False, firm_latched=False, velocity=0.000]; right[contact=True, aligned=True, angle=2.9deg, effort_delta=0.11, effort_threshold=0.35, firm=False, firm_latched=False, velocity=0.000]
[INFO] [1787831407.768318962] [six_angels_material_sorting_client]: CONTROL_LOOP_HEALTH samples=400/602 interval_p95=55.09ms interval_p99=58.51ms execution_p95=5.45ms interval_misses=3 execution_misses=3
[INFO] [1787831407.967746043] [six_angels_material_sorting_client]: progress task=1 stage=grasp: task 1 continuously advancing the compliant contact search; speed=0.5 mm/s, offset=3.3/16.0 mm, surface_clearance=6.7 mm; compliance=active; left[contact=True, aligned=False, angle=1.4deg, effort_delta=0.02, effort_threshold=0.35, firm=False, firm_latched=False, velocity=0.002]; right[contact=True, aligned=True, angle=2.9deg, effort_delta=0.11, effort_threshold=0.35, firm=False, firm_latched=False, velocity=0.000]
[INFO] [1787831409.967444552] [six_angels_material_sorting_client]: progress task=1 stage=grasp: task 1 continuously advancing the compliant contact search; speed=0.5 mm/s, offset=4.3/16.0 mm, surface_clearance=5.7 mm; compliance=active; left[contact=True, aligned=False, angle=1.3deg, effort_delta=0.02, effort_threshold=0.35, firm=False, firm_latched=False, velocity=0.000]; right[contact=True, aligned=True, angle=2.9deg, effort_delta=0.11, effort_threshold=0.35, firm=False, firm_latched=False, velocity=0.000]
[INFO] [1787831411.967465888] [six_angels_material_sorting_client]: progress task=1 stage=grasp: task 1 continuously advancing the compliant contact search; speed=0.5 mm/s, offset=5.3/16.0 mm, surface_clearance=4.7 mm; compliance=active; left[contact=True, aligned=False, angle=1.3deg, effort_delta=0.02, effort_threshold=0.35, firm=False, firm_latched=False, velocity=0.000]; right[contact=True, aligned=True, angle=2.9deg, effort_delta=0.11, effort_threshold=0.35, firm=False, firm_latched=False, velocity=0.000]
[INFO] [1787831412.769104300] [six_angels_material_sorting_client]: CONTROL_LOOP_HEALTH samples=400/702 interval_p95=50.23ms interval_p99=51.27ms execution_p95=5.39ms interval_misses=3 execution_misses=3
[INFO] [1787831414.017388621] [six_angels_material_sorting_client]: progress task=1 stage=grasp: task 1 continuously advancing the compliant contact search; speed=0.5 mm/s, offset=6.3/16.0 mm, surface_clearance=3.7 mm; compliance=active; left[contact=True, aligned=False, angle=1.3deg, effort_delta=0.02, effort_threshold=0.35, firm=False, firm_latched=False, velocity=0.002]; right[contact=True, aligned=True, angle=2.9deg, effort_delta=0.11, effort_threshold=0.35, firm=False, firm_latched=False, velocity=0.000]
[INFO] [1787831416.017980680] [six_angels_material_sorting_client]: progress task=1 stage=grasp: task 1 continuously advancing the compliant contact search; speed=0.5 mm/s, offset=7.3/16.0 mm, surface_clearance=2.7 mm; compliance=active; left[contact=True, aligned=False, angle=1.3deg, effort_delta=0.02, effort_threshold=0.35, firm=False, firm_latched=False, velocity=0.000]; right[contact=True, aligned=True, angle=2.9deg, effort_delta=0.11, effort_threshold=0.35, firm=False, firm_latched=False, velocity=0.000]
[INFO] [1787831417.818096811] [six_angels_material_sorting_client]: CONTROL_LOOP_HEALTH samples=400/803 interval_p95=50.23ms interval_p99=51.10ms execution_p95=5.49ms interval_misses=3 execution_misses=3
[INFO] [1787831418.018014416] [six_angels_material_sorting_client]: progress task=1 stage=grasp: task 1 continuously advancing the compliant contact search; speed=0.5 mm/s, offset=8.3/16.0 mm, surface_clearance=1.7 mm; compliance=active; left[contact=True, aligned=False, angle=1.2deg, effort_delta=0.01, effort_threshold=0.35, firm=False, firm_latched=False, velocity=0.000]; right[contact=True, aligned=True, angle=2.9deg, effort_delta=0.11, effort_threshold=0.35, firm=False, firm_latched=False, velocity=0.000]
[INFO] [1787831420.018995009] [six_angels_material_sorting_client]: progress task=1 stage=grasp: task 1 continuously advancing the compliant contact search; speed=0.5 mm/s, offset=9.3/16.0 mm, surface_clearance=0.7 mm; compliance=active; left[contact=True, aligned=False, angle=1.2deg, effort_delta=0.01, effort_threshold=0.35, firm=False, firm_latched=False, velocity=0.000]; right[contact=True, aligned=True, angle=2.9deg, effort_delta=0.11, effort_threshold=0.35, firm=False, firm_latched=False, velocity=0.000]
[INFO] [1787831422.067504479] [six_angels_material_sorting_client]: progress task=1 stage=grasp: task 1 continuously advancing the compliant contact search; speed=0.5 mm/s, offset=10.3/16.0 mm, surface_clearance=0.0 mm; compliance=active; left[contact=True, aligned=False, angle=1.2deg, effort_delta=0.01, effort_threshold=0.35, firm=False, firm_latched=False, velocity=0.000]; right[contact=True, aligned=True, angle=2.9deg, effort_delta=0.11, effort_threshold=0.35, firm=False, firm_latched=False, velocity=0.000]
[INFO] [1787831422.867518685] [six_angels_material_sorting_client]: CONTROL_LOOP_HEALTH samples=400/904 interval_p95=50.22ms interval_p99=50.82ms execution_p95=5.62ms interval_misses=3 execution_misses=3
[INFO] [1787831424.118044287] [six_angels_material_sorting_client]: progress task=1 stage=grasp: task 1 continuously advancing the compliant contact search; speed=0.5 mm/s, offset=11.4/16.0 mm, surface_clearance=0.0 mm; compliance=active; left[contact=True, aligned=False, angle=1.2deg, effort_delta=0.02, effort_threshold=0.35, firm=False, firm_latched=False, velocity=0.000]; right[contact=True, aligned=True, angle=2.9deg, effort_delta=0.09, effort_threshold=0.35, firm=False, firm_latched=False, velocity=0.000]
[INFO] [1787831426.117439959] [six_angels_material_sorting_client]: progress task=1 stage=grasp: task 1 continuously advancing the compliant contact search; speed=0.5 mm/s, offset=12.4/16.0 mm, surface_clearance=0.0 mm; compliance=active; left[contact=True, aligned=False, angle=1.1deg, effort_delta=0.02, effort_threshold=0.35, firm=False, firm_latched=False, velocity=0.000]; right[contact=True, aligned=True, angle=2.9deg, effort_delta=0.11, effort_threshold=0.35, firm=False, firm_latched=False, velocity=0.000]
[INFO] [1787831427.867554368] [six_angels_material_sorting_client]: CONTROL_LOOP_HEALTH samples=400/1004 interval_p95=50.21ms interval_p99=51.10ms execution_p95=6.25ms interval_misses=3 execution_misses=3
[INFO] [1787831428.167248410] [six_angels_material_sorting_client]: progress task=1 stage=grasp: task 1 continuously advancing the compliant contact search; speed=0.5 mm/s, offset=13.4/16.0 mm, surface_clearance=0.0 mm; compliance=active; left[contact=True, aligned=False, angle=1.1deg, effort_delta=0.01, effort_threshold=0.35, firm=False, firm_latched=False, velocity=0.000]; right[contact=True, aligned=True, angle=2.9deg, effort_delta=0.13, effort_threshold=0.35, firm=False, firm_latched=False, velocity=0.000]
[INFO] [1787831430.167242706] [six_angels_material_sorting_client]: progress task=1 stage=grasp: task 1 continuously advancing the compliant contact search; speed=0.5 mm/s, offset=14.4/16.0 mm, surface_clearance=0.0 mm; compliance=active; left[contact=True, aligned=False, angle=1.1deg, effort_delta=0.01, effort_threshold=0.35, firm=False, firm_latched=False, velocity=0.000]; right[contact=True, aligned=True, angle=2.9deg, effort_delta=0.14, effort_threshold=0.35, firm=False, firm_latched=False, velocity=0.000]
[INFO] [1787831432.217244690] [six_angels_material_sorting_client]: progress task=1 stage=grasp: task 1 continuously advancing the compliant contact search; speed=0.5 mm/s, offset=15.4/16.0 mm, surface_clearance=0.0 mm; compliance=active; left[contact=True, aligned=False, angle=1.0deg, effort_delta=0.01, effort_threshold=0.35, firm=False, firm_latched=False, velocity=0.000]; right[contact=True, aligned=True, angle=2.9deg, effort_delta=0.16, effort_threshold=0.35, firm=False, firm_latched=False, velocity=0.000]
[INFO] [1787831432.869571382] [six_angels_material_sorting_client]: CONTROL_LOOP_HEALTH samples=400/1104 interval_p95=50.20ms interval_p99=51.10ms execution_p95=6.28ms interval_misses=3 execution_misses=3
[INFO] [1787831434.215031609] [six_angels_material_sorting_client]: progress task=1 stage=grasp: task 1 holding maximum soft contact while waiting for bilateral wrist alignment (0.2/2.0s); compliance=active; left[contact=True, aligned=False, angle=1.0deg, effort_delta=0.02, effort_threshold=0.35, firm=False, firm_latched=False, velocity=0.000]; right[contact=True, aligned=True, angle=2.9deg, effort_delta=0.17, effort_threshold=0.35, firm=False, firm_latched=False, velocity=0.000]
[INFO] [1787831436.266936337] [six_angels_material_sorting_client]: progress task=1 stage=grasp: task 1 continuously advancing the compliant contact search; speed=0.5 mm/s, offset=15.1/16.0 mm, surface_clearance=0.0 mm; compliance=active; left[contact=False, aligned=False, angle=0.7deg, effort_delta=1.96, effort_threshold=0.35, firm=True, firm_latched=False, velocity=0.106]; right[contact=True, aligned=True, angle=3.2deg, effort_delta=1.20, effort_threshold=0.35, firm=True, firm_latched=False, velocity=0.014]
[INFO] [1787831437.870010517] [six_angels_material_sorting_client]: CONTROL_LOOP_HEALTH samples=400/1204 interval_p95=50.19ms interval_p99=51.09ms execution_p95=6.28ms interval_misses=3 execution_misses=3
[INFO] [1787831438.266091569] [six_angels_material_sorting_client]: progress task=1 stage=grasp: task 1 moving inward with compliant wrist monitoring; offset=16.0 mm; compliance=active; left[contact=False, aligned=False, angle=0.7deg, effort_delta=2.86, effort_threshold=0.35, firm=True, firm_latched=False, velocity=0.000]; right[contact=True, aligned=True, angle=3.3deg, effort_delta=2.06, effort_threshold=0.35, firm=True, firm_latched=False, velocity=0.000]; target_base=(0.716, 0.081, 0.834); arm_tol=0.240, slide_err=0.006, left_err=0.073, right_err=0.044, cmd_err=0.000, max_vel=0.006; compliance=active; left[contact=False, aligned=False, angle=0.7deg, effort_delta=2.86, effort_threshold=0.35, firm=True, firm_latched=False, velocity=0.000]; right[contact=True, aligned=True, angle=3.3deg, effort_delta=2.06, effort_threshold=0.35, firm=True, firm_latched=False, velocity=0.000]
[INFO] [1787831440.317563230] [six_angels_material_sorting_client]: progress task=1 stage=grasp: task 1 continuously applying locked-wrist preload; offset=16.8/18.0 mm; compliance=active; left[contact=True, aligned=True, angle=0.8deg, effort_delta=0.17, effort_threshold=0.35, firm=False, firm_latched=True, velocity=0.000]; right[contact=True, aligned=True, angle=3.0deg, effort_delta=0.51, effort_threshold=0.35, firm=False, firm_latched=False, velocity=0.000]
[INFO] [1787831442.366585308] [six_angels_material_sorting_client]: controller=executing_stage task=1 attempt=1 stage=lift score=0: task 1 entering lift: task 1 bilateral compliant grasp settled with locked wrists and 18.0 mm bounded preload; compliance=active; left[contact=True, aligned=True, angle=0.8deg, effort_delta=0.10, effort_threshold=0.35, firm=False, firm_latched=True, velocity=0.000]; right[contact=True, aligned=True, angle=3.0deg, effort_delta=0.46, effort_threshold=0.35, firm=False, firm_latched=False, velocity=0.000]
[INFO] [1787831442.415213031] [six_angels_material_sorting_client]: controller=executing_stage task=1 attempt=1 stage=lift score=0: task 1 attempt 1 stage=lift
[INFO] [1787831442.915035823] [six_angels_material_sorting_client]: CONTROL_LOOP_HEALTH samples=400/1305 interval_p95=50.19ms interval_p99=51.09ms execution_p95=6.28ms interval_misses=3 execution_misses=3
[INFO] [1787831444.415816602] [six_angels_material_sorting_client]: progress task=1 stage=lift: task 1 raising the spine while preserving arm preload; lift=0.150m, slide_target=0.318, slide_err=0.059, left_err=0.088, right_err=0.047, cmd_err=0.030, max_vel=0.155
[INFO] [1787831446.465379233] [six_angels_material_sorting_client]: progress task=1 stage=lift: task 1 raising the spine while preserving arm preload; lift=0.150m, slide_target=0.318, slide_err=0.009, left_err=0.088, right_err=0.048, cmd_err=0.000, max_vel=0.006
[INFO] [1787831446.615890934] [six_angels_material_sorting_client]: controller=executing_stage task=1 attempt=1 stage=transport score=0: task 1 entering transport: task 1 lifted the held box 0.150 m; holding before transport
[INFO] [1787831446.700954357] [material_box_detect]: started task-stage shelf empty confirmation
[INFO] [1787831446.713606890] [six_angels_material_sorting_client]: controller=executing_stage task=1 attempt=1 stage=transport score=0: task 1 attempt 1 stage=transport
[INFO] [1787831446.767319125] [six_angels_material_sorting_client]: scheduler candidate action=task1:transport:stand:right source=heuristic reason=rl_shadow_isolated:submitted costmap_v=43
[INFO] [1787831447.968638371] [six_angels_material_sorting_client]: CONTROL_LOOP_HEALTH samples=400/1406 interval_p95=50.19ms interval_p99=51.51ms execution_p95=6.00ms interval_misses=3 execution_misses=4
[INFO] [1787831448.665009552] [six_angels_material_sorting_client]: progress task=1 stage=transport: task 1 holding lifted box and retreating straight; remaining=0.584 m
[INFO] [1787831450.714578356] [six_angels_material_sorting_client]: progress task=1 stage=transport: task 1 holding lifted box and retreating straight; remaining=0.451 m
[INFO] [1787831452.764472988] [six_angels_material_sorting_client]: progress task=1 stage=transport: task 1 holding lifted box and retreating straight; remaining=0.316 m
[INFO] [1787831453.016809418] [six_angels_material_sorting_client]: CONTROL_LOOP_HEALTH samples=400/1507 interval_p95=50.18ms interval_p99=51.90ms execution_p95=5.72ms interval_misses=3 execution_misses=4
[INFO] [1787831454.813953765] [six_angels_material_sorting_client]: progress task=1 stage=transport: task 1 holding lifted box and retreating straight; remaining=0.173 m
[INFO] [1787831456.815521265] [six_angels_material_sorting_client]: progress task=1 stage=transport: task 1 holding lifted box and retreating straight; remaining=0.075 m
[INFO] [1787831458.064545604] [six_angels_material_sorting_client]: CONTROL_LOOP_HEALTH samples=400/1608 interval_p95=50.17ms interval_p99=51.90ms execution_p95=5.34ms interval_misses=3 execution_misses=4
[INFO] [1787831458.816122602] [six_angels_material_sorting_client]: progress task=1 stage=transport: task 1 holding lifted box and retreating straight; remaining=0.026 m
[INFO] [1787831460.816049284] [six_angels_material_sorting_client]: progress task=1 stage=transport: task 1 moving directly to the safe shelf pre-place stand; goal=(-1.00, 0.94, 3.14); nav_status=final_positioning; NAV_TEL phase=transfer status=final_positioning segment=nav_shelf x=-0.966 y=0.857 yaw=1.859 dist=0.088 yaw_err=1.283 cmd=(0.071,0.178) clear=0.600 footprint=transit_carry path=0.158 planned_straight=0.149 detour=1.062; shelf_frames=7; shelf_state=collecting
[INFO] [1787831461.917271247] [six_angels_material_sorting_client]: scheduler candidate action=task1:transport:stand:center source=heuristic reason=rl_shadow_isolated:accepted costmap_v=96
[INFO] [1787831462.815971302] [six_angels_material_sorting_client]: progress task=1 stage=transport: task 1 moving directly to the safe shelf pre-place stand; goal=(-1.00, 0.94, 3.14); nav_status=final_aligning; NAV_TEL phase=transfer status=final_aligning segment=nav_shelf x=-0.981 y=0.899 yaw=2.152 dist=0.043 yaw_err=0.989 cmd=(0.000,0.500) clear=0.600 footprint=transit_carry path=0.158 planned_straight=0.149 detour=1.062; shelf_frames=7; shelf_state=collecting
[INFO] [1787831463.080588320] [six_angels_material_sorting_client]: CONTROL_LOOP_HEALTH samples=400/1708 interval_p95=50.18ms interval_p99=51.90ms execution_p95=3.31ms interval_misses=3 execution_misses=4
[INFO] [1787831464.865170181] [six_angels_material_sorting_client]: progress task=1 stage=transport: task 1 moving directly to the safe shelf pre-place stand; goal=(-1.00, 0.94, 3.14); nav_status=final_aligning; NAV_TEL phase=transfer status=final_aligning segment=nav_shelf x=-0.981 y=0.899 yaw=2.778 dist=0.044 yaw_err=0.364 cmd=(0.000,0.500) clear=0.600 footprint=transit_carry path=0.158 planned_straight=0.149 detour=1.062; shelf_frames=7; shelf_state=collecting
[INFO] [1787831466.167438201] [six_angels_material_sorting_client]: controller=executing_stage task=1 attempt=1 stage=align_for_place score=30: task 1 entering align_for_place: task 1 reached the target-aligned safe shelf pre-place stand by direct A* with the carried center still 0.75 m in front of the shelf
[INFO] [1787831466.214714246] [six_angels_material_sorting_client]: controller=executing_stage task=1 attempt=1 stage=align_for_place score=30: task 1 attempt 1 stage=align_for_place
[INFO] [1787831468.115112100] [six_angels_material_sorting_client]: CONTROL_LOOP_HEALTH samples=400/1809 interval_p95=50.18ms interval_p99=50.45ms execution_p95=3.21ms interval_misses=3 execution_misses=4
[INFO] [1787831468.264558885] [six_angels_material_sorting_client]: progress task=1 stage=align_for_place: task 1 scanning shelf semantics for task-2 colour 'brown'; head_pitch=0.00, frames=7, colored=locked:brown@L1(3), packaging=locked:L3(3), empty=L2(2/3), occupancy=none(0/3)
[INFO] [1787831470.264567676] [six_angels_material_sorting_client]: progress task=1 stage=align_for_place: task 1 moving held box to shelf clearance height; slide_target=0.410, slide_err=0.017, left_err=0.086, right_err=0.049, cmd_err=0.000, slide_vel=0.077, max_vel=0.077
[INFO] [1787831472.314664609] [six_angels_material_sorting_client]: progress task=1 stage=align_for_place: task 1 aligning laterally outside the shelf; lateral alignment rotating toward shelf-front direction; yaw_err=1.564
[INFO] [1787831473.164317042] [six_angels_material_sorting_client]: CONTROL_LOOP_HEALTH samples=400/1910 interval_p95=50.18ms interval_p99=50.51ms execution_p95=3.21ms interval_misses=3 execution_misses=4
[INFO] [1787831474.364097947] [six_angels_material_sorting_client]: progress task=1 stage=align_for_place: task 1 aligning laterally outside the shelf; lateral alignment rotating toward shelf-front direction; yaw_err=1.134
[INFO] [1787831476.364780636] [six_angels_material_sorting_client]: progress task=1 stage=align_for_place: task 1 aligning laterally outside the shelf; lateral alignment rotating toward shelf-front direction; yaw_err=0.695
[INFO] [1787831478.164814947] [six_angels_material_sorting_client]: CONTROL_LOOP_HEALTH samples=400/2010 interval_p95=50.21ms interval_p99=50.66ms execution_p95=3.21ms interval_misses=3 execution_misses=4
[INFO] [1787831478.415510917] [six_angels_material_sorting_client]: progress task=1 stage=align_for_place: task 1 aligning laterally outside the shelf; lateral alignment rotating toward shelf-front direction; yaw_err=0.271
[INFO] [1787831480.464749274] [six_angels_material_sorting_client]: progress task=1 stage=align_for_place: task 1 aligning laterally outside the shelf; lateral alignment driving along shelf front; y_err=-0.034, x_err=-0.018
[INFO] [1787831482.515167187] [six_angels_material_sorting_client]: progress task=1 stage=align_for_place: task 1 aligning laterally outside the shelf; lateral alignment restoring shelf-facing yaw; yaw_err=-1.360
[INFO] [1787831483.164917769] [six_angels_material_sorting_client]: CONTROL_LOOP_HEALTH samples=400/2110 interval_p95=50.22ms interval_p99=50.71ms execution_p95=2.48ms interval_misses=3 execution_misses=4
[INFO] [1787831484.514678530] [six_angels_material_sorting_client]: progress task=1 stage=align_for_place: task 1 aligning laterally outside the shelf; lateral alignment restoring shelf-facing yaw; yaw_err=-0.935
[INFO] [1787831486.564387875] [six_angels_material_sorting_client]: progress task=1 stage=align_for_place: task 1 aligning laterally outside the shelf; lateral alignment restoring shelf-facing yaw; yaw_err=-0.496
[INFO] [1787831488.214868153] [six_angels_material_sorting_client]: CONTROL_LOOP_HEALTH samples=400/2211 interval_p95=50.22ms interval_p99=50.71ms execution_p95=1.85ms interval_misses=3 execution_misses=4
[INFO] [1787831488.614748947] [six_angels_material_sorting_client]: progress task=1 stage=align_for_place: task 1 aligning laterally outside the shelf; lateral alignment restoring shelf-facing yaw; yaw_err=-0.106
[INFO] [1787831490.664410514] [six_angels_material_sorting_client]: progress task=1 stage=align_for_place: task 1 entering the recognized empty shelf layer; advancing straight; remaining=0.860 m
[INFO] [1787831492.714694598] [six_angels_material_sorting_client]: progress task=1 stage=align_for_place: task 1 entering the recognized empty shelf layer; advancing straight; remaining=0.740 m
[INFO] [1787831493.264389285] [six_angels_material_sorting_client]: CONTROL_LOOP_HEALTH samples=400/2312 interval_p95=50.19ms interval_p99=50.69ms execution_p95=1.87ms interval_misses=3 execution_misses=4
[INFO] [1787831494.714456030] [six_angels_material_sorting_client]: progress task=1 stage=align_for_place: task 1 entering the recognized empty shelf layer; advancing straight; remaining=0.621 m
[INFO] [1787831496.764382515] [six_angels_material_sorting_client]: progress task=1 stage=align_for_place: task 1 entering the recognized empty shelf layer; advancing straight; remaining=0.501 m
[INFO] [1787831498.265321636] [six_angels_material_sorting_client]: CONTROL_LOOP_HEALTH samples=400/2412 interval_p95=50.17ms interval_p99=50.52ms execution_p95=1.74ms interval_misses=3 execution_misses=4
[INFO] [1787831498.764357109] [six_angels_material_sorting_client]: progress task=1 stage=align_for_place: task 1 entering the recognized empty shelf layer; advancing straight; remaining=0.386 m
[INFO] [1787831500.814464076] [six_angels_material_sorting_client]: progress task=1 stage=align_for_place: task 1 entering the recognized empty shelf layer; advancing straight; remaining=0.264 m
[INFO] [1787831502.814505642] [six_angels_material_sorting_client]: progress task=1 stage=align_for_place: task 1 entering the recognized empty shelf layer; advancing straight; remaining=0.147 m
[INFO] [1787831503.265262021] [six_angels_material_sorting_client]: CONTROL_LOOP_HEALTH samples=400/2512 interval_p95=50.18ms interval_p99=50.26ms execution_p95=1.62ms interval_misses=3 execution_misses=4
[INFO] [1787831504.864630361] [six_angels_material_sorting_client]: progress task=1 stage=align_for_place: task 1 entering the recognized empty shelf layer; advancing straight; remaining=0.075 m
[INFO] [1787831506.864701037] [six_angels_material_sorting_client]: progress task=1 stage=align_for_place: task 1 entering the recognized empty shelf layer; advancing straight; remaining=0.035 m
[INFO] [1787831507.914962016] [six_angels_material_sorting_client]: controller=executing_stage task=1 attempt=1 stage=place score=30: task 1 entering place: task 1 entered only the recognized empty shelf layer L2; confidence=0.53
[INFO] [1787831507.964678444] [six_angels_material_sorting_client]: controller=executing_stage task=1 attempt=1 stage=place score=30: task 1 attempt 1 stage=place
[INFO] [1787831508.314580880] [six_angels_material_sorting_client]: CONTROL_LOOP_HEALTH samples=400/2613 interval_p95=50.17ms interval_p99=50.28ms execution_p95=1.61ms interval_misses=3 execution_misses=4
[INFO] [1787831508.394391559] [material_box_detect]: stopped task-stage shelf empty confirmation
[INFO] [1787831509.964654949] [six_angels_material_sorting_client]: progress task=1 stage=place: task 1 lowering box compliantly onto shelf board; slide_target=0.453, slide_err=0.000, left_err=0.084, right_err=0.052, cmd_err=0.000, slide_vel=0.014, max_vel=0.014; compliant_place_phase=fast_approach, remaining_mm=12.0, step_mm=2.0, completion=None; placement_effort=active, slide_ratio=0.00, left_wrist_ratio=0.00, right_wrist_ratio=0.00, left_arm_max=0.00, right_arm_max=0.00, candidate=False, confirmed=False
[INFO] [1787831512.015083518] [six_angels_material_sorting_client]: progress task=1 stage=place: task 1 lowering box compliantly onto shelf board; slide_target=0.457, slide_err=0.004, left_err=0.084, right_err=0.052, cmd_err=0.000, slide_vel=0.005, max_vel=0.005; compliant_place_phase=fine_descent, remaining_mm=8.0, step_mm=2.0, completion=None; placement_effort=active, slide_ratio=204.51, left_wrist_ratio=0.00, right_wrist_ratio=0.00, left_arm_max=0.05, right_arm_max=0.07, candidate=False, confirmed=False
[INFO] [1787831513.314886277] [six_angels_material_sorting_client]: CONTROL_LOOP_HEALTH samples=400/2713 interval_p95=50.17ms interval_p99=50.28ms execution_p95=1.74ms interval_misses=3 execution_misses=4
[INFO] [1787831514.064771123] [six_angels_material_sorting_client]: progress task=1 stage=place: task 1 lowering box compliantly onto shelf board; slide_target=0.463, slide_err=0.003, left_err=0.084, right_err=0.052, cmd_err=0.000, slide_vel=0.006, max_vel=0.006; compliant_place_phase=fine_descent, remaining_mm=2.0, step_mm=2.0, completion=None; placement_effort=active, slide_ratio=200.41, left_wrist_ratio=0.01, right_wrist_ratio=0.00, left_arm_max=0.07, right_arm_max=0.09, candidate=False, confirmed=False
[INFO] [1787831516.065535846] [six_angels_material_sorting_client]: progress task=1 stage=place: task 1 gently spreading both arms to release on shelf; stage=1/1, half_width=0.155 m; target_base=(0.716, 0.081, 0.837); arm_tol=0.030, slide_err=0.006, left_err=0.009, right_err=0.011, cmd_err=0.000, max_vel=0.423
[INFO] [1787831517.266377254] [six_angels_material_sorting_client]: controller=executing_stage task=1 attempt=1 stage=verify_place score=30: task 1 entering verify_place: task 1 gently unloaded preload and opened both arms on the empty shelf layer
[INFO] [1787831517.314861882] [six_angels_material_sorting_client]: controller=executing_stage task=1 attempt=1 stage=verify_place score=30: task 1 attempt 1 stage=verify_place
[INFO] [1787831518.314957897] [six_angels_material_sorting_client]: controller=executing_stage task=1 attempt=1 stage=return_to_end score=30: task 1 entering return_to_end: task 1 shelf placement settled; handing result to referee
[INFO] [1787831518.315974938] [six_angels_material_sorting_client]: CONTROL_LOOP_HEALTH samples=400/2813 interval_p95=50.17ms interval_p99=50.31ms execution_p95=1.99ms interval_misses=3 execution_misses=4
[INFO] [1787831518.463079033] [six_angels_material_sorting_client]: controller=executing_stage task=1 attempt=1 stage=return_to_end score=30: task 1 attempt 1 stage=return_to_end
[INFO] [1787831518.467979135] [six_angels_material_sorting_client]: scheduler candidate action=task1:return_to_end:stand:left source=heuristic reason=rl_shadow_isolated:submitted costmap_v=103
[INFO] [1787831520.364739660] [six_angels_material_sorting_client]: progress task=1 stage=return_to_end: task 1 retreating straight; remaining=0.204 m after release
[INFO] [1787831522.364687729] [six_angels_material_sorting_client]: progress task=1 stage=return_to_end: task 1 retreating straight; remaining=0.090 m after release
[INFO] [1787831523.344176973] [six_angels_material_sorting_client]: CONTROL_LOOP_HEALTH samples=400/2912 interval_p95=51.37ms interval_p99=58.87ms execution_p95=2.10ms interval_misses=4 execution_misses=5
[INFO] [1787831524.414574103] [six_angels_material_sorting_client]: progress task=1 stage=return_to_end: task 1 retreating straight; remaining=0.035 m after release
[INFO] [1787831526.436744162] [six_angels_material_sorting_client]: progress task=1 stage=return_to_end: task 1 retracting arms after shelf retreat; transport retract; slide_err=0.003, left_err=0.289, right_err=0.321, cmd_err=0.216, max_vel=18.496
[INFO] [1787831528.413847779] [six_angels_material_sorting_client]: CONTROL_LOOP_HEALTH samples=400/3013 interval_p95=55.14ms interval_p99=59.08ms execution_p95=2.69ms interval_misses=4 execution_misses=5
[INFO] [1787831528.444345640] [six_angels_material_sorting_client]: progress task=1 stage=return_to_end: task 1 returning to the end zone; goal=(-0.78, 0.55, 1.57); nav_status=navigating; NAV_TEL phase=transfer status=navigating segment=nav_end x=-1.591 y=0.835 yaw=-2.915 dist=0.859 yaw_err=-1.798 cmd=(0.000,0.550) clear=0.550 footprint=transit_stowed path=0.838 planned_straight=0.859 detour=0.975
[INFO] [1787831530.465373590] [six_angels_material_sorting_client]: progress task=1 stage=return_to_end: task 1 returning to the end zone; goal=(-0.78, 0.55, 1.57); nav_status=navigating; NAV_TEL phase=transfer status=navigating segment=nav_end x=-1.590 y=0.835 yaw=-2.265 dist=0.859 yaw_err=-2.447 cmd=(0.000,0.550) clear=0.500 footprint=transit_stowed path=0.838 planned_straight=0.859 detour=0.975
[INFO] [1787831532.487114375] [six_angels_material_sorting_client]: progress task=1 stage=return_to_end: task 1 returning to the end zone; goal=(-0.78, 0.55, 1.57); nav_status=navigating; NAV_TEL phase=transfer status=navigating segment=nav_end x=-1.590 y=0.836 yaw=-1.639 dist=0.859 yaw_err=-3.074 cmd=(0.000,0.550) clear=0.550 footprint=transit_stowed path=0.838 planned_straight=0.859 detour=0.975
[INFO] [1787831533.415737662] [six_angels_material_sorting_client]: CONTROL_LOOP_HEALTH samples=400/3114 interval_p95=57.25ms interval_p99=59.87ms execution_p95=2.86ms interval_misses=5 execution_misses=5
[INFO] [1787831534.515637938] [six_angels_material_sorting_client]: progress task=1 stage=return_to_end: task 1 returning to the end zone; goal=(-0.78, 0.55, 1.57); nav_status=navigating; NAV_TEL phase=transfer status=navigating segment=nav_end x=-1.590 y=0.836 yaw=-1.007 dist=0.859 yaw_err=2.578 cmd=(0.000,0.550) clear=0.500 footprint=transit_stowed path=0.838 planned_straight=0.859 detour=0.975
[INFO] [1787831536.541830915] [six_angels_material_sorting_client]: progress task=1 stage=return_to_end: task 1 returning to the end zone; goal=(-0.78, 0.55, 1.57); nav_status=navigating; NAV_TEL phase=transfer status=navigating segment=nav_end x=-1.560 y=0.821 yaw=-0.440 dist=0.825 yaw_err=2.011 cmd=(0.180,0.201) clear=0.550 footprint=transit_stowed path=0.838 planned_straight=0.859 detour=0.975
[INFO] [1787831538.474470221] [six_angels_material_sorting_client]: CONTROL_LOOP_HEALTH samples=400/3215 interval_p95=58.41ms interval_p99=60.42ms execution_p95=3.30ms interval_misses=5 execution_misses=5
[INFO] [1787831538.565902948] [six_angels_material_sorting_client]: progress task=1 stage=return_to_end: task 1 returning to the end zone; goal=(-0.78, 0.55, 1.57); nav_status=navigating; NAV_TEL phase=transfer status=navigating segment=nav_end x=-1.384 y=0.755 yaw=-0.305 dist=0.638 yaw_err=1.875 cmd=(0.180,0.032) clear=0.500 footprint=transit_stowed path=0.838 planned_straight=0.859 detour=0.975
[INFO] [1787831540.654616411] [six_angels_material_sorting_client]: progress task=1 stage=return_to_end: task 1 returning to the end zone; goal=(-0.78, 0.55, 1.57); nav_status=navigating; NAV_TEL phase=transfer status=navigating segment=nav_end x=-1.194 y=0.698 yaw=-0.288 dist=0.439 yaw_err=1.859 cmd=(0.180,-0.003) clear=0.450 footprint=transit_stowed path=0.838 planned_straight=0.859 detour=0.975
[INFO] [1787831542.616056019] [six_angels_material_sorting_client]: progress task=1 stage=return_to_end: task 1 returning to the end zone; goal=(-0.78, 0.55, 1.57); nav_status=navigating; NAV_TEL phase=transfer status=navigating segment=nav_end x=-1.004 y=0.641 yaw=-0.293 dist=0.242 yaw_err=1.864 cmd=(0.180,-0.001) clear=0.400 footprint=transit_stowed path=0.838 planned_straight=0.859 detour=0.975
[INFO] [1787831543.515649786] [six_angels_material_sorting_client]: CONTROL_LOOP_HEALTH samples=400/3316 interval_p95=57.47ms interval_p99=60.42ms execution_p95=3.50ms interval_misses=5 execution_misses=5
[INFO] [1787831544.615743487] [six_angels_material_sorting_client]: progress task=1 stage=return_to_end: task 1 returning to the end zone; goal=(-0.78, 0.55, 1.57); nav_status=final_positioning; NAV_TEL phase=transfer status=final_positioning segment=nav_end x=-0.873 y=0.598 yaw=-0.416 dist=0.105 yaw_err=1.987 cmd=(0.084,-0.121) clear=0.350 footprint=transit_stowed path=0.838 planned_straight=0.859 detour=0.975
[INFO] [1787831546.616612831] [six_angels_material_sorting_client]: progress task=1 stage=return_to_end: task 1 returning to the end zone; goal=(-0.78, 0.55, 1.57); nav_status=final_aligning; NAV_TEL phase=transfer status=final_aligning segment=nav_end x=-0.843 y=0.584 yaw=-0.120 dist=0.071 yaw_err=1.691 cmd=(0.000,0.500) clear=0.400 footprint=transit_stowed path=0.838 planned_straight=0.859 detour=0.975
[INFO] [1787831548.527845152] [six_angels_material_sorting_client]: CONTROL_LOOP_HEALTH samples=400/3416 interval_p95=56.09ms interval_p99=60.27ms execution_p95=3.47ms interval_misses=5 execution_misses=5
[INFO] [1787831548.665057979] [six_angels_material_sorting_client]: progress task=1 stage=return_to_end: task 1 returning to the end zone; goal=(-0.78, 0.55, 1.57); nav_status=final_aligning; NAV_TEL phase=transfer status=final_aligning segment=nav_end x=-0.843 y=0.584 yaw=0.446 dist=0.072 yaw_err=1.124 cmd=(0.000,0.500) clear=0.350 footprint=transit_stowed path=0.838 planned_straight=0.859 detour=0.975
[INFO] [1787831550.665555744] [six_angels_material_sorting_client]: progress task=1 stage=return_to_end: task 1 returning to the end zone; goal=(-0.78, 0.55, 1.57); nav_status=final_aligning; NAV_TEL phase=transfer status=final_aligning segment=nav_end x=-0.844 y=0.584 yaw=1.015 dist=0.072 yaw_err=0.556 cmd=(0.000,0.500) clear=0.300 footprint=transit_stowed path=0.838 planned_straight=0.859 detour=0.975
[INFO] [1787831552.666006423] [six_angels_material_sorting_client]: controller=waiting_for_referee task=1 attempt=1 stage=- score=40: task 1 local sequence completed; waiting for Server referee: task 1 returned to the end zone; local sequence complete
[INFO] [1787831552.714660793] [six_angels_material_sorting_client]: controller=starting_task task=2 attempt=1 stage=navigate_to_pick score=40: referee advanced to task 2; starting attempt 1
[INFO] [1787831552.764592934] [six_angels_material_sorting_client]: controller=executing_stage task=2 attempt=1 stage=navigate_to_pick score=40: task 2 entering navigate_to_pick
[INFO] [1787831552.818717057] [six_angels_material_sorting_client]: controller=executing_stage task=2 attempt=1 stage=navigate_to_pick score=40: task 2 attempt 1 stage=navigate_to_pick
[INFO] [1787831552.872376770] [six_angels_material_sorting_client]: scheduler candidate action=task2:navigate_to_pick:stand:left source=heuristic reason=rl_shadow_isolated:submitted costmap_v=150
[INFO] [1787831553.516221581] [six_angels_material_sorting_client]: CONTROL_LOOP_HEALTH samples=400/3516 interval_p95=55.05ms interval_p99=59.71ms execution_p95=3.49ms interval_misses=5 execution_misses=5
[INFO] [1787831554.865758841] [six_angels_material_sorting_client]: progress task=2 stage=navigate_to_pick: task 2 navigating to the brown shelf box; goal=(-1.50, 0.89, 3.14); nav_status=navigating; NAV_TEL phase=transfer status=navigating segment=nav_shelf x=-0.863 y=0.740 yaw=1.906 dist=0.654 yaw_err=1.236 cmd=(0.125,0.547) clear=0.500 footprint=transit_stowed path=0.950 planned_straight=0.722 detour=1.315
[INFO] [1787831556.865636061] [six_angels_material_sorting_client]: progress task=2 stage=navigate_to_pick: task 2 navigating to the brown shelf box; goal=(-1.50, 0.89, 3.14); nav_status=navigating; NAV_TEL phase=transfer status=navigating segment=nav_shelf x=-0.953 y=0.858 yaw=2.532 dist=0.548 yaw_err=0.609 cmd=(0.176,0.550) clear=0.600 footprint=transit_stowed path=0.950 planned_straight=0.722 detour=1.315
[INFO] [1787831558.568085908] [six_angels_material_sorting_client]: CONTROL_LOOP_HEALTH samples=400/3617 interval_p95=50.20ms interval_p99=54.07ms execution_p95=3.49ms interval_misses=5 execution_misses=5
[INFO] [1787831558.865707706] [six_angels_material_sorting_client]: progress task=2 stage=navigate_to_pick: task 2 navigating to the brown shelf box; goal=(-1.50, 0.89, 3.14); nav_status=navigating; NAV_TEL phase=transfer status=navigating segment=nav_shelf x=-1.135 y=0.915 yaw=3.106 dist=0.366 yaw_err=0.036 cmd=(0.180,0.234) clear=0.750 footprint=transit_stowed path=0.950 planned_straight=0.722 detour=1.315
[INFO] [1787831560.867029556] [six_angels_material_sorting_client]: progress task=2 stage=navigate_to_pick: task 2 navigating to the brown shelf box; goal=(-1.50, 0.89, 3.14); nav_status=navigating; NAV_TEL phase=transfer status=navigating segment=nav_shelf x=-1.318 y=0.904 yaw=-3.029 dist=0.183 yaw_err=-0.112 cmd=(0.135,0.047) clear=0.700 footprint=transit_stowed path=0.950 planned_straight=0.722 detour=1.315
[INFO] [1787831562.866623821] [six_angels_material_sorting_client]: progress task=2 stage=navigate_to_pick: task 2 navigating to the brown shelf box; goal=(-1.50, 0.89, 3.14); nav_status=final_positioning; NAV_TEL phase=transfer status=final_positioning segment=nav_shelf x=-1.427 y=0.892 yaw=-3.041 dist=0.074 yaw_err=-0.101 cmd=(0.059,-0.008) clear=0.700 footprint=transit_stowed path=0.950 planned_straight=0.722 detour=1.315
[INFO] [1787831563.617397717] [six_angels_material_sorting_client]: CONTROL_LOOP_HEALTH samples=400/3718 interval_p95=50.20ms interval_p99=51.02ms execution_p95=3.40ms interval_misses=5 execution_misses=5
[INFO] [1787831563.965919928] [six_angels_material_sorting_client]: controller=executing_stage task=2 attempt=1 stage=acquire_target score=40: task 2 entering acquire_target: task 2 reached the far shelf arm-staging stand for brown
[INFO] [1787831564.014815059] [six_angels_material_sorting_client]: controller=executing_stage task=2 attempt=1 stage=acquire_target score=40: task 2 attempt 1 stage=acquire_target
[INFO] [1787831564.064816621] [six_angels_material_sorting_client]: controller=executing_stage task=2 attempt=1 stage=align_for_pick score=40: task 2 entering align_for_pick: task 2 validated the brown shelf layer; coarse target=(-2.741, 0.965, 0.513); full RGB-D object centre will be locked after camera settling
[INFO] [1787831564.115365423] [six_angels_material_sorting_client]: controller=executing_stage task=2 attempt=1 stage=align_for_pick score=40: task 2 attempt 1 stage=align_for_pick
[INFO] [1787831566.165012148] [six_angels_material_sorting_client]: progress task=2 stage=align_for_pick: task 2 moving the retracted arms to the target shelf layer; slide_target=0.789, slide_err=0.583, left_err=0.003, right_err=0.003, cmd_err=0.566, slide_vel=0.087, max_vel=0.087
[INFO] [1787831568.214526948] [six_angels_material_sorting_client]: progress task=2 stage=align_for_pick: task 2 moving the retracted arms to the target shelf layer; slide_target=0.789, slide_err=0.462, left_err=0.003, right_err=0.003, cmd_err=0.443, slide_vel=0.085, max_vel=0.085
[INFO] [1787831568.664846196] [six_angels_material_sorting_client]: CONTROL_LOOP_HEALTH samples=400/3819 interval_p95=50.19ms interval_p99=51.10ms execution_p95=3.39ms interval_misses=5 execution_misses=5
[INFO] [1787831570.215402611] [six_angels_material_sorting_client]: progress task=2 stage=align_for_pick: task 2 moving the retracted arms to the target shelf layer; slide_target=0.789, slide_err=0.343, left_err=0.003, right_err=0.003, cmd_err=0.323, slide_vel=0.081, max_vel=0.081
[INFO] [1787831572.264851491] [six_angels_material_sorting_client]: progress task=2 stage=align_for_pick: task 2 moving the retracted arms to the target shelf layer; slide_target=0.789, slide_err=0.220, left_err=0.003, right_err=0.003, cmd_err=0.200, slide_vel=0.092, max_vel=0.092
[INFO] [1787831573.714658768] [six_angels_material_sorting_client]: CONTROL_LOOP_HEALTH samples=400/3920 interval_p95=50.19ms interval_p99=51.02ms execution_p95=3.26ms interval_misses=5 execution_misses=5
[INFO] [1787831574.264953074] [six_angels_material_sorting_client]: progress task=2 stage=align_for_pick: task 2 moving the retracted arms to the target shelf layer; slide_target=0.789, slide_err=0.099, left_err=0.003, right_err=0.003, cmd_err=0.080, slide_vel=0.106, max_vel=0.106
[INFO] [1787831576.314167544] [six_angels_material_sorting_client]: progress task=2 stage=align_for_pick: task 2 moving the retracted arms to the target shelf layer; slide_target=0.789, slide_err=0.002, left_err=0.003, right_err=0.003, cmd_err=0.000, slide_vel=0.018, max_vel=0.018
[INFO] [1787831578.314306987] [six_angels_material_sorting_client]: progress task=2 stage=align_for_pick: task 2 holding outside the shelf and collecting fresh target-centre frames; center_samples=0/7 quality=mask_cloud_cuboid rejected=0
[INFO] [1787831578.764287521] [six_angels_material_sorting_client]: CONTROL_LOOP_HEALTH samples=400/4021 interval_p95=50.21ms interval_p99=51.05ms execution_p95=3.14ms interval_misses=5 execution_misses=5
[INFO] [1787831580.314323425] [six_angels_material_sorting_client]: progress task=2 stage=align_for_pick: task 2 advancing straight toward the locked object centre; advancing straight; remaining=0.416 m
[INFO] [1787831582.315542628] [six_angels_material_sorting_client]: progress task=2 stage=align_for_pick: task 2 advancing straight toward the locked object centre; advancing straight; remaining=0.306 m
[INFO] [1787831583.765191042] [six_angels_material_sorting_client]: CONTROL_LOOP_HEALTH samples=400/4121 interval_p95=50.19ms interval_p99=50.56ms execution_p95=2.02ms interval_misses=5 execution_misses=5
[INFO] [1787831584.364265738] [six_angels_material_sorting_client]: progress task=2 stage=align_for_pick: task 2 advancing straight toward the locked object centre; advancing straight; remaining=0.194 m
[INFO] [1787831586.364817490] [six_angels_material_sorting_client]: progress task=2 stage=align_for_pick: task 2 advancing straight toward the locked object centre; advancing straight; remaining=0.098 m
[INFO] [1787831588.414016440] [six_angels_material_sorting_client]: progress task=2 stage=align_for_pick: task 2 advancing straight toward the locked object centre; advancing straight; remaining=0.051 m
[INFO] [1787831588.814379656] [six_angels_material_sorting_client]: CONTROL_LOOP_HEALTH samples=400/4222 interval_p95=50.21ms interval_p99=50.60ms execution_p95=1.71ms interval_misses=5 execution_misses=5
[INFO] [1787831590.414722662] [six_angels_material_sorting_client]: progress task=2 stage=align_for_pick: task 2 correcting final base drift before shelf pregrasp; lateral alignment rotating toward shelf-front direction; yaw_err=1.571
[INFO] [1787831592.414251739] [six_angels_material_sorting_client]: progress task=2 stage=align_for_pick: task 2 correcting final base drift before shelf pregrasp; lateral alignment rotating toward shelf-front direction; yaw_err=1.211
[INFO] [1787831593.814574607] [six_angels_material_sorting_client]: CONTROL_LOOP_HEALTH samples=400/4322 interval_p95=50.22ms interval_p99=50.63ms execution_p95=1.70ms interval_misses=5 execution_misses=5
[INFO] [1787831594.464438414] [six_angels_material_sorting_client]: progress task=2 stage=align_for_pick: task 2 correcting final base drift before shelf pregrasp; lateral alignment rotating toward shelf-front direction; yaw_err=0.786
[INFO] [1787831596.464229580] [six_angels_material_sorting_client]: progress task=2 stage=align_for_pick: task 2 correcting final base drift before shelf pregrasp; lateral alignment rotating toward shelf-front direction; yaw_err=0.400
[INFO] [1787831598.514306035] [six_angels_material_sorting_client]: progress task=2 stage=align_for_pick: task 2 correcting final base drift before shelf pregrasp; lateral alignment rotating toward shelf-front direction; yaw_err=0.072
[INFO] [1787831598.814565198] [six_angels_material_sorting_client]: CONTROL_LOOP_HEALTH samples=400/4422 interval_p95=50.22ms interval_p99=50.56ms execution_p95=1.67ms interval_misses=5 execution_misses=5
[INFO] [1787831600.564230544] [six_angels_material_sorting_client]: progress task=2 stage=align_for_pick: task 2 correcting final base drift before shelf pregrasp; lateral alignment driving along shelf front; y_err=-0.104, x_err=0.003
[INFO] [1787831602.614613639] [six_angels_material_sorting_client]: progress task=2 stage=align_for_pick: task 2 correcting final base drift before shelf pregrasp; lateral alignment driving along shelf front; y_err=-0.056, x_err=0.004
[INFO] [1787831603.864459721] [six_angels_material_sorting_client]: CONTROL_LOOP_HEALTH samples=400/4523 interval_p95=50.19ms interval_p99=50.51ms execution_p95=1.59ms interval_misses=5 execution_misses=5
[INFO] [1787831604.614279344] [six_angels_material_sorting_client]: progress task=2 stage=align_for_pick: task 2 correcting final base drift before shelf pregrasp; lateral alignment driving along shelf front; y_err=-0.019, x_err=0.004
[INFO] [1787831606.614868014] [six_angels_material_sorting_client]: progress task=2 stage=align_for_pick: task 2 correcting final base drift before shelf pregrasp; lateral alignment restoring shelf-facing yaw; yaw_err=-1.322
[INFO] [1787831608.664687392] [six_angels_material_sorting_client]: progress task=2 stage=align_for_pick: task 2 correcting final base drift before shelf pregrasp; lateral alignment restoring shelf-facing yaw; yaw_err=-0.884
[INFO] [1787831608.864996750] [six_angels_material_sorting_client]: CONTROL_LOOP_HEALTH samples=400/4623 interval_p95=50.19ms interval_p99=50.51ms execution_p95=1.68ms interval_misses=5 execution_misses=5
[INFO] [1787831610.664693131] [six_angels_material_sorting_client]: progress task=2 stage=align_for_pick: task 2 correcting final base drift before shelf pregrasp; lateral alignment restoring shelf-facing yaw; yaw_err=-0.489
[INFO] [1787831612.714842529] [six_angels_material_sorting_client]: progress task=2 stage=align_for_pick: task 2 correcting final base drift before shelf pregrasp; lateral alignment restoring shelf-facing yaw; yaw_err=-0.118
[INFO] [1787831613.865579417] [six_angels_material_sorting_client]: CONTROL_LOOP_HEALTH samples=400/4723 interval_p95=50.18ms interval_p99=50.56ms execution_p95=1.84ms interval_misses=5 execution_misses=5
[INFO] [1787831614.765383793] [six_angels_material_sorting_client]: progress task=2 stage=align_for_pick: task 2 correcting final base drift before shelf pregrasp; lateral alignment restoring shelf-facing yaw; yaw_err=-0.019
[INFO] [1787831616.815461290] [six_angels_material_sorting_client]: progress task=2 stage=align_for_pick: task 2 fine-aligning arms around the shelf box; task 1 moving both open arms to pregrasp; target_base=(0.757, -0.007, 0.515); arm_tol=0.030, slide_err=0.009, left_err=0.003, right_err=0.003, cmd_err=0.000, max_vel=0.012
[INFO] [1787831617.415936119] [six_angels_material_sorting_client]: controller=executing_stage task=2 attempt=1 stage=grasp score=40: task 2 entering grasp: task 2 both open arms reached the shelf-box pregrasp pose after the safe straight approach
[INFO] [1787831617.465281804] [six_angels_material_sorting_client]: controller=executing_stage task=2 attempt=1 stage=grasp score=40: task 2 attempt 1 stage=grasp
[INFO] [1787831618.865574613] [six_angels_material_sorting_client]: CONTROL_LOOP_HEALTH samples=400/4823 interval_p95=50.16ms interval_p99=50.69ms execution_p95=2.16ms interval_misses=5 execution_misses=5
[INFO] [1787831619.468312684] [six_angels_material_sorting_client]: progress task=2 stage=grasp: task 1 continuously advancing the compliant contact search; speed=0.5 mm/s, offset=0.3/16.0 mm, surface_clearance=9.7 mm; compliance=active; left[contact=True, aligned=False, angle=1.1deg, effort_delta=1.82, effort_threshold=0.35, firm=True, firm_latched=False, velocity=0.001]; right[contact=True, aligned=False, angle=1.1deg, effort_delta=1.77, effort_threshold=0.35, firm=True, firm_latched=False, velocity=0.001]
[INFO] [1787831621.469016148] [six_angels_material_sorting_client]: progress task=2 stage=grasp: task 1 continuously applying locked-wrist preload; offset=1.9/2.7 mm; compliance=active; left[contact=True, aligned=True, angle=3.2deg, effort_delta=0.06, effort_threshold=0.35, firm=False, firm_latched=False, velocity=0.001]; right[contact=True, aligned=True, angle=3.0deg, effort_delta=0.04, effort_threshold=0.35, firm=False, firm_latched=False, velocity=0.001]
[INFO] [1787831622.966117882] [six_angels_material_sorting_client]: controller=executing_stage task=2 attempt=1 stage=lift score=40: task 2 entering lift: task 1 bilateral compliant grasp settled with locked wrists and 2.7 mm bounded preload; compliance=active; left[contact=True, aligned=True, angle=3.2deg, effort_delta=0.03, effort_threshold=0.35, firm=False, firm_latched=False, velocity=0.000]; right[contact=True, aligned=True, angle=3.0deg, effort_delta=0.00, effort_threshold=0.35, firm=False, firm_latched=False, velocity=0.000]
[INFO] [1787831623.015276547] [six_angels_material_sorting_client]: controller=executing_stage task=2 attempt=1 stage=lift score=40: task 2 attempt 1 stage=lift
[INFO] [1787831623.866233606] [six_angels_material_sorting_client]: CONTROL_LOOP_HEALTH samples=400/4923 interval_p95=50.17ms interval_p99=51.00ms execution_p95=5.01ms interval_misses=5 execution_misses=5
[INFO] [1787831625.015103398] [six_angels_material_sorting_client]: progress task=2 stage=lift: task 1 raising the spine while preserving arm preload; lift=0.080m, slide_target=0.706, slide_err=0.015, left_err=0.017, right_err=0.017, cmd_err=0.000, max_vel=0.018
[INFO] [1787831626.016135266] [six_angels_material_sorting_client]: controller=executing_stage task=2 attempt=1 stage=transport score=40: task 2 entering transport: task 1 lifted the held box 0.080 m; holding before transport
[INFO] [1787831626.118853568] [six_angels_material_sorting_client]: controller=executing_stage task=2 attempt=1 stage=transport score=40: task 2 attempt 1 stage=transport
[INFO] [1787831627.767869697] [six_angels_material_sorting_client]: scheduler candidate action=task2:transport:stand:left source=heuristic reason=rl_shadow_isolated:inference_result_stale costmap_v=187
[INFO] [1787831628.210822133] [six_angels_material_sorting_client]: progress task=2 stage=transport: task 2 holding the shelf box and retreating straight; remaining=0.488 m
[INFO] [1787831629.006524529] [six_angels_material_sorting_client]: CONTROL_LOOP_HEALTH samples=400/5023 interval_p95=51.17ms interval_p99=56.57ms execution_p95=5.20ms interval_misses=6 execution_misses=8
[INFO] [1787831630.156528078] [six_angels_material_sorting_client]: progress task=2 stage=transport: task 2 holding the shelf box and retreating straight; remaining=0.350 m
[INFO] [1787831632.141090227] [six_angels_material_sorting_client]: progress task=2 stage=transport: task 2 holding the shelf box and retreating straight; remaining=0.210 m
[INFO] [1787831633.983078476] [six_angels_material_sorting_client]: CONTROL_LOOP_HEALTH samples=400/5123 interval_p95=55.10ms interval_p99=59.54ms execution_p95=5.25ms interval_misses=8 execution_misses=9
[INFO] [1787831634.229397724] [six_angels_material_sorting_client]: progress task=2 stage=transport: task 2 holding the shelf box and retreating straight; remaining=0.092 m
[INFO] [1787831636.282342237] [six_angels_material_sorting_client]: progress task=2 stage=transport: task 2 holding the shelf box and retreating straight; remaining=0.036 m
[INFO] [1787831638.281315467] [six_angels_material_sorting_client]: progress task=2 stage=transport: task 2 raising the held box to maximum transport height; slide_target=-0.040, slide_err=0.710, left_err=0.017, right_err=0.017, cmd_err=0.680, slide_vel=0.089, max_vel=0.089
[INFO] [1787831638.966026954] [six_angels_material_sorting_client]: CONTROL_LOOP_HEALTH samples=400/5221 interval_p95=55.19ms interval_p99=90.64ms execution_p95=5.26ms interval_misses=11 execution_misses=12
[INFO] [1787831640.238281059] [six_angels_material_sorting_client]: progress task=2 stage=transport: task 2 raising the held box to maximum transport height; slide_target=-0.040, slide_err=0.588, left_err=0.017, right_err=0.017, cmd_err=0.557, slide_vel=0.041, max_vel=0.041
[INFO] [1787831642.238811908] [six_angels_material_sorting_client]: progress task=2 stage=transport: task 2 raising the held box to maximum transport height; slide_target=-0.040, slide_err=0.469, left_err=0.017, right_err=0.017, cmd_err=0.437, slide_vel=0.113, max_vel=0.113
[INFO] [1787831643.964987416] [six_angels_material_sorting_client]: CONTROL_LOOP_HEALTH samples=400/5321 interval_p95=56.84ms interval_p99=90.64ms execution_p95=2.02ms interval_misses=11 execution_misses=12
[INFO] [1787831644.264458194] [six_angels_material_sorting_client]: progress task=2 stage=transport: task 2 raising the held box to maximum transport height; slide_target=-0.040, slide_err=0.343, left_err=0.017, right_err=0.017, cmd_err=0.315, slide_vel=0.055, max_vel=0.055
[INFO] [1787831646.293279237] [six_angels_material_sorting_client]: progress task=2 stage=transport: task 2 raising the held box to maximum transport height; slide_target=-0.040, slide_err=0.227, left_err=0.017, right_err=0.017, cmd_err=0.194, slide_vel=0.038, max_vel=0.038
[INFO] [1787831648.314870500] [six_angels_material_sorting_client]: progress task=2 stage=transport: task 2 raising the held box to maximum transport height; slide_target=-0.040, slide_err=0.099, left_err=0.017, right_err=0.017, cmd_err=0.072, slide_vel=0.108, max_vel=0.108
[INFO] [1787831649.001217765] [six_angels_material_sorting_client]: CONTROL_LOOP_HEALTH samples=400/5421 interval_p95=55.27ms interval_p99=85.90ms execution_p95=1.85ms interval_misses=11 execution_misses=12
[INFO] [1787831650.470465959] [six_angels_material_sorting_client]: progress task=2 stage=transport: task 2 raising the held box to maximum transport height; slide_target=-0.040, slide_err=0.013, left_err=0.017, right_err=0.017, cmd_err=0.000, slide_vel=0.015, max_vel=0.015
[INFO] [1787831652.386024764] [six_angels_material_sorting_client]: progress task=2 stage=transport: task 2 preserving the shelf grasp while reversing toward table column x=-0.997; retreating straight; remaining=0.225 m; minimum carried-envelope clearance=0.332 m (carried_box to shelf)
[INFO] [1787831654.032776469] [six_angels_material_sorting_client]: CONTROL_LOOP_HEALTH samples=400/5520 interval_p95=55.27ms interval_p99=61.64ms execution_p95=2.55ms interval_misses=12 execution_misses=13
[INFO] [1787831654.450856974] [six_angels_material_sorting_client]: progress task=2 stage=transport: task 2 preserving the shelf grasp while reversing toward table column x=-0.997; retreating straight; remaining=0.107 m; minimum carried-envelope clearance=0.450 m (carried_box to shelf)
[INFO] [1787831656.516126108] [six_angels_material_sorting_client]: progress task=2 stage=transport: task 2 preserving the shelf grasp while reversing toward table column x=-0.997; retreating straight; remaining=0.046 m; minimum carried-envelope clearance=0.454 m (left_shoulder to south_wall)
[INFO] [1787831658.564310827] [six_angels_material_sorting_client]: progress task=2 stage=transport: task 2 preserving the shelf grasp while turning north; goal=(-1.01, 0.78, 1.57); nav_status=final_aligning; NAV_TEL phase=transfer status=final_aligning segment=nav_table x=-1.005 y=0.784 yaw=3.052 dist=0.006 yaw_err=-1.482 cmd=(0.000,-0.500) clear=0.550 footprint=transit_carry path=0.000 planned_straight=0.000 detour=1.000; minimum carried-envelope clearance=0.462 m (left_shoulder to south_wall)
[INFO] [1787831659.066634100] [six_angels_material_sorting_client]: CONTROL_LOOP_HEALTH samples=400/5617 interval_p95=55.98ms interval_p99=66.68ms execution_p95=3.43ms interval_misses=15 execution_misses=16
[INFO] [1787831660.516886849] [six_angels_material_sorting_client]: progress task=2 stage=transport: task 2 preserving the shelf grasp while turning north; goal=(-1.01, 0.78, 1.57); nav_status=final_aligning; NAV_TEL phase=transfer status=final_aligning segment=nav_table x=-1.004 y=0.783 yaw=2.427 dist=0.007 yaw_err=-0.857 cmd=(0.000,-0.500) clear=0.500 footprint=transit_carry path=0.000 planned_straight=0.000 detour=1.000; minimum carried-envelope clearance=0.565 m (left_shoulder to south_wall)
[INFO] [1787831662.622198477] [six_angels_material_sorting_client]: progress task=2 stage=transport: task 2 preserving the shelf grasp while turning north; goal=(-1.01, 0.78, 1.57); nav_status=final_aligning; NAV_TEL phase=transfer status=final_aligning segment=nav_table x=-1.004 y=0.783 yaw=1.817 dist=0.007 yaw_err=-0.246 cmd=(0.000,-0.493) clear=0.550 footprint=transit_carry path=0.000 planned_straight=0.000 detour=1.000; minimum carried-envelope clearance=0.673 m (base to south_wall)
[INFO] [1787831664.063462026] [six_angels_material_sorting_client]: CONTROL_LOOP_HEALTH samples=400/5715 interval_p95=57.05ms interval_p99=99.61ms execution_p95=4.33ms interval_misses=17 execution_misses=17
[INFO] [1787831664.614097879] [six_angels_material_sorting_client]: progress task=2 stage=transport: task 2 carrying the unchanged shelf grasp north toward table entry y=1.192; advancing straight; remaining=0.349 m; minimum carried-envelope clearance=0.733 m (base to south_wall)
[INFO] [1787831666.565893562] [six_angels_material_sorting_client]: progress task=2 stage=transport: task 2 carrying the unchanged shelf grasp north toward table entry y=1.192; advancing straight; remaining=0.226 m; minimum carried-envelope clearance=0.724 m (base to table)
[INFO] [1787831668.661677609] [six_angels_material_sorting_client]: progress task=2 stage=transport: task 2 carrying the unchanged shelf grasp north toward table entry y=1.192; advancing straight; remaining=0.116 m; minimum carried-envelope clearance=0.643 m (base to table)
[INFO] [1787831669.015880184] [six_angels_material_sorting_client]: CONTROL_LOOP_HEALTH samples=400/5814 interval_p95=58.84ms interval_p99=99.61ms execution_p95=4.34ms interval_misses=19 execution_misses=18
[INFO] [1787831670.665802899] [six_angels_material_sorting_client]: progress task=2 stage=transport: task 2 carrying the unchanged shelf grasp north toward table entry y=1.192; advancing straight; remaining=0.057 m; minimum carried-envelope clearance=0.607 m (base to table)
[INFO] [1787831672.726957635] [six_angels_material_sorting_client]: progress task=2 stage=transport: task 2 carrying the unchanged shelf grasp north toward table entry y=1.192; advancing straight; remaining=0.017 m; minimum carried-envelope clearance=0.567 m (base to table)
[INFO] [1787831672.816128135] [six_angels_material_sorting_client]: controller=executing_stage task=2 attempt=1 stage=align_for_place score=80: task 2 entering align_for_place: task 2 reached the table entry through envelope-checked reverse, turn and forward segments without changing the grasp
[INFO] [1787831672.864847062] [six_angels_material_sorting_client]: controller=executing_stage task=2 attempt=1 stage=align_for_place score=80: task 2 attempt 1 stage=align_for_place
[INFO] [1787831674.064995361] [six_angels_material_sorting_client]: CONTROL_LOOP_HEALTH samples=400/5915 interval_p95=58.25ms interval_p99=97.67ms execution_p95=4.07ms interval_misses=19 execution_misses=18
[INFO] [1787831674.864764588] [six_angels_material_sorting_client]: progress task=2 stage=align_for_place: task 2 moving box to table clearance height; slide_target=0.413, slide_err=0.350, left_err=0.017, right_err=0.017, cmd_err=0.333, slide_vel=0.100, max_vel=0.100
[INFO] [1787831676.864825389] [six_angels_material_sorting_client]: progress task=2 stage=align_for_place: task 2 moving box to table clearance height; slide_target=0.413, slide_err=0.228, left_err=0.017, right_err=0.017, cmd_err=0.213, slide_vel=0.151, max_vel=0.151
[INFO] [1787831678.914750261] [six_angels_material_sorting_client]: progress task=2 stage=align_for_place: task 2 moving box to table clearance height; slide_target=0.413, slide_err=0.108, left_err=0.017, right_err=0.017, cmd_err=0.090, slide_vel=0.050, max_vel=0.050
[INFO] [1787831679.115087724] [six_angels_material_sorting_client]: CONTROL_LOOP_HEALTH samples=400/6016 interval_p95=56.37ms interval_p99=60.74ms execution_p95=3.97ms interval_misses=19 execution_misses=18
[INFO] [1787831680.965064238] [six_angels_material_sorting_client]: progress task=2 stage=align_for_place: task 2 moving box to table clearance height; slide_target=0.413, slide_err=0.003, left_err=0.017, right_err=0.017, cmd_err=0.000, slide_vel=0.019, max_vel=0.019
[INFO] [1787831683.016357900] [six_angels_material_sorting_client]: progress task=2 stage=align_for_place: task 2 advancing straight from table entry to the exact saved origin; advancing straight; remaining=0.214 m; minimum carried-envelope clearance=0.462 m (base to table)
[INFO] [1787831684.115472174] [six_angels_material_sorting_client]: CONTROL_LOOP_HEALTH samples=400/6116 interval_p95=55.24ms interval_p99=59.62ms execution_p95=3.25ms interval_misses=19 execution_misses=18
[INFO] [1787831685.016218097] [six_angels_material_sorting_client]: progress task=2 stage=align_for_place: task 2 advancing straight from table entry to the exact saved origin; advancing straight; remaining=0.111 m; minimum carried-envelope clearance=0.390 m (base to table)
[INFO] [1787831687.065677956] [six_angels_material_sorting_client]: progress task=2 stage=align_for_place: task 2 advancing straight from table entry to the exact saved origin; advancing straight; remaining=0.053 m; minimum carried-envelope clearance=0.353 m (base to table)
[INFO] [1787831688.916403165] [six_angels_material_sorting_client]: controller=executing_stage task=2 attempt=1 stage=place score=80: task 2 entering place: task 2 aligned held box over task 1's original table coordinate
[INFO] [1787831688.964998862] [six_angels_material_sorting_client]: controller=executing_stage task=2 attempt=1 stage=place score=80: task 2 attempt 1 stage=place
[INFO] [1787831689.165440927] [six_angels_material_sorting_client]: CONTROL_LOOP_HEALTH samples=400/6217 interval_p95=50.32ms interval_p99=55.65ms execution_p95=2.98ms interval_misses=19 execution_misses=18
[INFO] [1787831690.965295391] [six_angels_material_sorting_client]: progress task=2 stage=place: task 2 lowering box compliantly onto original table point; slide_target=0.456, slide_err=0.001, left_err=0.017, right_err=0.017, cmd_err=0.000, slide_vel=0.014, max_vel=0.014; compliant_place_phase=fast_approach, remaining_mm=12.0, step_mm=2.0, completion=None; placement_effort=active, slide_ratio=0.00, left_wrist_ratio=0.00, right_wrist_ratio=0.00, left_arm_max=0.00, right_arm_max=0.00, candidate=False, confirmed=False
[INFO] [1787831693.015245502] [six_angels_material_sorting_client]: progress task=2 stage=place: task 2 lowering box compliantly onto original table point; slide_target=0.460, slide_err=0.004, left_err=0.017, right_err=0.017, cmd_err=0.000, slide_vel=0.005, max_vel=0.005; compliant_place_phase=fine_descent, remaining_mm=8.0, step_mm=2.0, completion=None; placement_effort=active, slide_ratio=201.00, left_wrist_ratio=0.12, right_wrist_ratio=0.30, left_arm_max=2.97, right_arm_max=3.02, candidate=False, confirmed=False
[INFO] [1787831694.165263146] [six_angels_material_sorting_client]: CONTROL_LOOP_HEALTH samples=400/6317 interval_p95=50.23ms interval_p99=50.70ms execution_p95=2.77ms interval_misses=19 execution_misses=18
[INFO] [1787831695.065205007] [six_angels_material_sorting_client]: controller=executing_stage task=2 attempt=1 stage=verify_place score=80: task 2 entering verify_place: task 2 opened both arms and released at task 1's original point
[INFO] [1787831695.114766346] [six_angels_material_sorting_client]: controller=executing_stage task=2 attempt=1 stage=verify_place score=80: task 2 attempt 1 stage=verify_place
[INFO] [1787831696.115922096] [six_angels_material_sorting_client]: controller=executing_stage task=2 attempt=1 stage=return_to_end score=80: task 2 entering return_to_end: task 2 table placement settled; handing result to referee
[INFO] [1787831696.232064204] [six_angels_material_sorting_client]: controller=executing_stage task=2 attempt=1 stage=return_to_end score=80: task 2 attempt 1 stage=return_to_end
[INFO] [1787831696.235527906] [six_angels_material_sorting_client]: scheduler candidate action=task2:return_to_end:stand:left source=heuristic reason=rl_shadow_isolated:inference_result_stale costmap_v=334
[INFO] [1787831698.228711704] [six_angels_material_sorting_client]: progress task=2 stage=return_to_end: task 2 retreating straight; remaining=0.227 m after table release
[INFO] [1787831699.261977696] [six_angels_material_sorting_client]: CONTROL_LOOP_HEALTH samples=400/6418 interval_p95=50.30ms interval_p99=57.35ms execution_p95=2.90ms interval_misses=19 execution_misses=19
[INFO] [1787831700.312906699] [six_angels_material_sorting_client]: progress task=2 stage=return_to_end: task 2 retreating straight; remaining=0.098 m after table release
[INFO] [1787831702.267401123] [six_angels_material_sorting_client]: progress task=2 stage=return_to_end: task 2 retreating straight; remaining=0.040 m after table release
[INFO] [1787831704.264877175] [six_angels_material_sorting_client]: CONTROL_LOOP_HEALTH samples=400/6519 interval_p95=50.75ms interval_p99=57.41ms execution_p95=2.74ms interval_misses=19 execution_misses=20
[INFO] [1787831704.314673015] [six_angels_material_sorting_client]: progress task=2 stage=return_to_end: task 2 retracting arms after table retreat; transport retract; slide_err=0.005, left_err=0.421, right_err=0.412, cmd_err=0.369, max_vel=5.692
[INFO] [1787831706.315359983] [six_angels_material_sorting_client]: progress task=2 stage=return_to_end: task 2 returning to the end zone; goal=(-0.78, 0.55, 1.57); nav_status=navigating; NAV_TEL phase=transfer status=navigating segment=nav_end x=-1.008 y=1.091 yaw=1.399 dist=0.587 yaw_err=0.172 cmd=(0.000,-0.550) clear=0.600 footprint=transit_stowed path=0.539 planned_straight=0.587 detour=0.917
[INFO] [1787831708.367323865] [six_angels_material_sorting_client]: progress task=2 stage=return_to_end: task 2 returning to the end zone; goal=(-0.78, 0.55, 1.57); nav_status=navigating; NAV_TEL phase=transfer status=navigating segment=nav_end x=-1.008 y=1.091 yaw=0.749 dist=0.587 yaw_err=0.821 cmd=(0.000,-0.550) clear=0.550 footprint=transit_stowed path=0.539 planned_straight=0.587 detour=0.917
[INFO] [1787831709.302399409] [six_angels_material_sorting_client]: CONTROL_LOOP_HEALTH samples=400/6619 interval_p95=50.75ms interval_p99=57.41ms execution_p95=2.76ms interval_misses=19 execution_misses=21
[INFO] [1787831710.453543542] [six_angels_material_sorting_client]: progress task=2 stage=return_to_end: task 2 returning to the end zone; goal=(-0.78, 0.55, 1.57); nav_status=navigating; NAV_TEL phase=transfer status=navigating segment=nav_end x=-1.009 y=1.090 yaw=0.099 dist=0.587 yaw_err=1.472 cmd=(0.000,-0.550) clear=0.600 footprint=transit_stowed path=0.539 planned_straight=0.587 detour=0.917
[INFO] [1787831712.465497548] [six_angels_material_sorting_client]: progress task=2 stage=return_to_end: task 2 returning to the end zone; goal=(-0.78, 0.55, 1.57); nav_status=navigating; NAV_TEL phase=transfer status=navigating segment=nav_end x=-1.009 y=1.090 yaw=-0.525 dist=0.587 yaw_err=2.096 cmd=(0.000,-0.550) clear=0.550 footprint=transit_stowed path=0.539 planned_straight=0.587 detour=0.917
[INFO] [1787831714.266464902] [six_angels_material_sorting_client]: CONTROL_LOOP_HEALTH samples=400/6719 interval_p95=50.73ms interval_p99=57.41ms execution_p95=3.65ms interval_misses=19 execution_misses=21
[INFO] [1787831714.500891672] [six_angels_material_sorting_client]: progress task=2 stage=return_to_end: task 2 returning to the end zone; goal=(-0.78, 0.55, 1.57); nav_status=navigating; NAV_TEL phase=transfer status=navigating segment=nav_end x=-0.980 y=1.044 yaw=-1.063 dist=0.533 yaw_err=2.634 cmd=(0.180,-0.170) clear=0.600 footprint=transit_stowed path=0.539 planned_straight=0.587 detour=0.917
[INFO] [1787831716.491966264] [six_angels_material_sorting_client]: progress task=2 stage=return_to_end: task 2 returning to the end zone; goal=(-0.78, 0.55, 1.57); nav_status=navigating; NAV_TEL phase=transfer status=navigating segment=nav_end x=-0.893 y=0.854 yaw=-1.185 dist=0.324 yaw_err=2.755 cmd=(0.180,-0.024) clear=0.500 footprint=transit_stowed path=0.539 planned_straight=0.587 detour=0.917
[INFO] [1787831718.515462639] [six_angels_material_sorting_client]: progress task=2 stage=return_to_end: task 2 returning to the end zone; goal=(-0.78, 0.55, 1.57); nav_status=final_positioning; NAV_TEL phase=transfer status=final_positioning segment=nav_end x=-0.826 y=0.684 yaw=-1.215 dist=0.142 yaw_err=2.786 cmd=(0.100,-0.051) clear=0.350 footprint=transit_stowed path=0.539 planned_straight=0.587 detour=0.917
[INFO] [1787831719.266685230] [six_angels_material_sorting_client]: CONTROL_LOOP_HEALTH samples=400/6819 interval_p95=50.23ms interval_p99=50.85ms execution_p95=3.65ms interval_misses=19 execution_misses=21
[INFO] [1787831720.577333180] [six_angels_material_sorting_client]: progress task=2 stage=return_to_end: task 2 returning to the end zone; goal=(-0.78, 0.55, 1.57); nav_status=final_aligning; NAV_TEL phase=transfer status=final_aligning segment=nav_end x=-0.802 y=0.616 yaw=-1.049 dist=0.070 yaw_err=2.620 cmd=(0.000,0.500) clear=0.250 footprint=transit_stowed path=0.539 planned_straight=0.587 detour=0.917
[INFO] [1787831722.615968032] [six_angels_material_sorting_client]: progress task=2 stage=return_to_end: task 2 returning to the end zone; goal=(-0.78, 0.55, 1.57); nav_status=final_aligning; NAV_TEL phase=transfer status=final_aligning segment=nav_end x=-0.802 y=0.617 yaw=-0.419 dist=0.070 yaw_err=1.990 cmd=(0.000,0.500) clear=0.350 footprint=transit_stowed path=0.539 planned_straight=0.587 detour=0.917
[INFO] [1787831724.315616561] [six_angels_material_sorting_client]: CONTROL_LOOP_HEALTH samples=400/6920 interval_p95=50.19ms interval_p99=50.49ms execution_p95=3.65ms interval_misses=19 execution_misses=21
[INFO] [1787831724.665087143] [six_angels_material_sorting_client]: progress task=2 stage=return_to_end: task 2 returning to the end zone; goal=(-0.78, 0.55, 1.57); nav_status=final_aligning; NAV_TEL phase=transfer status=final_aligning segment=nav_end x=-0.803 y=0.617 yaw=0.211 dist=0.071 yaw_err=1.360 cmd=(0.000,0.500) clear=0.400 footprint=transit_stowed path=0.539 planned_straight=0.587 detour=0.917
[INFO] [1787831726.666112719] [six_angels_material_sorting_client]: progress task=2 stage=return_to_end: task 2 returning to the end zone; goal=(-0.78, 0.55, 1.57); nav_status=final_aligning; NAV_TEL phase=transfer status=final_aligning segment=nav_end x=-0.803 y=0.617 yaw=0.799 dist=0.071 yaw_err=0.772 cmd=(0.000,0.500) clear=0.350 footprint=transit_stowed path=0.539 planned_straight=0.587 detour=0.917
[INFO] [1787831728.676041094] [six_angels_material_sorting_client]: progress task=2 stage=return_to_end: task 2 returning to the end zone; goal=(-0.78, 0.55, 1.57); nav_status=final_aligning; NAV_TEL phase=transfer status=final_aligning segment=nav_end x=-0.804 y=0.616 yaw=1.372 dist=0.070 yaw_err=0.199 cmd=(0.000,0.397) clear=0.400 footprint=transit_stowed path=0.539 planned_straight=0.587 detour=0.917
[INFO] [1787831729.316154215] [six_angels_material_sorting_client]: controller=waiting_for_referee task=2 attempt=1 stage=- score=100: task 2 local sequence completed; waiting for Server referee: task 2 returned to the end zone; local sequence complete
[INFO] [1787831729.317136836] [six_angels_material_sorting_client]: CONTROL_LOOP_HEALTH samples=400/7020 interval_p95=50.21ms interval_p99=50.49ms execution_p95=3.69ms interval_misses=19 execution_misses=21
[INFO] [1787831729.364737985] [six_angels_material_sorting_client]: controller=starting_task task=3 attempt=1 stage=navigate_to_pick score=100: referee advanced to task 3; starting attempt 1
[INFO] [1787831729.414571946] [six_angels_material_sorting_client]: task detection epoch retains pink RGB-D history
[INFO] [1787831729.417087737] [six_angels_material_sorting_client]: controller=executing_stage task=3 attempt=1 stage=navigate_to_pick score=100: task 3 entering navigate_to_pick
[INFO] [1787831729.523470442] [six_angels_material_sorting_client]: controller=executing_stage task=3 attempt=1 stage=navigate_to_pick score=100: task 3 attempt 1 stage=navigate_to_pick
[INFO] [1787831729.818186382] [six_angels_material_sorting_client]: scheduler candidate action=task3:navigate_to_pick:stand:left source=heuristic reason=rl_shadow_isolated:inference_result_stale costmap_v=386
[INFO] [1787831731.551637774] [six_angels_material_sorting_client]: progress task=3 stage=navigate_to_pick: task 3 navigating to top-box pink pick stand; nav_status=navigating
[INFO] [1787831733.515892350] [six_angels_material_sorting_client]: progress task=3 stage=navigate_to_pick: task 3 navigating to top-box pink pick stand; nav_status=navigating
[INFO] [1787831734.366005933] [six_angels_material_sorting_client]: CONTROL_LOOP_HEALTH samples=400/7119 interval_p95=52.52ms interval_p99=56.76ms execution_p95=3.66ms interval_misses=21 execution_misses=25
[INFO] [1787831735.516957372] [six_angels_material_sorting_client]: progress task=3 stage=navigate_to_pick: task 3 navigating to top-box pink pick stand; nav_status=navigating
[INFO] [1787831737.596786026] [six_angels_material_sorting_client]: progress task=3 stage=navigate_to_pick: task 3 navigating to top-box pink pick stand; nav_status=navigating
[INFO] [1787831739.366225152] [six_angels_material_sorting_client]: CONTROL_LOOP_HEALTH samples=400/7219 interval_p95=54.90ms interval_p99=56.87ms execution_p95=4.79ms interval_misses=21 execution_misses=25
[INFO] [1787831739.606696291] [six_angels_material_sorting_client]: progress task=3 stage=navigate_to_pick: task 3 navigating to top-box pink pick stand; nav_status=navigating
[INFO] [1787831741.708070636] [six_angels_material_sorting_client]: progress task=3 stage=navigate_to_pick: task 3 navigating to top-box pink pick stand; nav_status=final_positioning
[INFO] [1787831743.875459327] [six_angels_material_sorting_client]: progress task=3 stage=navigate_to_pick: task 3 navigating to top-box pink pick stand; nav_status=final_aligning
[INFO] [1787831744.316144312] [six_angels_material_sorting_client]: controller=executing_stage task=3 attempt=1 stage=acquire_target score=100: task 3 entering acquire_target: task 3 reached the detected pink top-box pick stand; NAV_GOAL_REACHED segment=nav_table
[INFO] [1787831744.365162572] [six_angels_material_sorting_client]: controller=executing_stage task=3 attempt=1 stage=acquire_target score=100: task 3 attempt 1 stage=acquire_target
[INFO] [1787831744.366431943] [six_angels_material_sorting_client]: CONTROL_LOOP_HEALTH samples=400/7314 interval_p95=55.17ms interval_p99=82.35ms execution_p95=13.51ms interval_misses=24 execution_misses=27
[INFO] [1787831744.414573963] [six_angels_material_sorting_client]: controller=executing_stage task=3 attempt=1 stage=align_for_pick score=100: task 3 entering align_for_pick: task 3 reused the stable top-box center collected during navigation: center=(-0.549, 2.265, 1.006), orientation=yaw90
[INFO] [1787831744.464414864] [six_angels_material_sorting_client]: controller=executing_stage task=3 attempt=1 stage=align_for_pick score=100: task 3 attempt 1 stage=align_for_pick
[INFO] [1787831746.464864145] [six_angels_material_sorting_client]: progress task=3 stage=align_for_pick: task 1 moving both open arms to pregrasp; target_base=(0.718, -0.014, 1.006); arm_tol=0.030, slide_err=0.000, left_err=0.002, right_err=0.002, cmd_err=0.000, max_vel=0.014
[INFO] [1787831747.265299347] [six_angels_material_sorting_client]: controller=executing_stage task=3 attempt=1 stage=grasp score=100: task 3 entering grasp: task 1 both open arms reached the non-contact pregrasp pose
[INFO] [1787831747.314915848] [six_angels_material_sorting_client]: controller=executing_stage task=3 attempt=1 stage=grasp score=100: task 3 attempt 1 stage=grasp
[INFO] [1787831749.315236334] [six_angels_material_sorting_client]: progress task=3 stage=grasp: task 1 starting continuous compliant inward motion; compliance=active; left[contact=False, aligned=False, angle=0.1deg, effort_delta=1.66, effort_threshold=0.35, firm=True, firm_latched=False, velocity=0.000]; right[contact=False, aligned=False, angle=0.2deg, effort_delta=1.70, effort_threshold=0.35, firm=True, firm_latched=False, velocity=0.000]
[INFO] [1787831749.367205387] [six_angels_material_sorting_client]: CONTROL_LOOP_HEALTH samples=400/7414 interval_p95=55.17ms interval_p99=82.35ms execution_p95=13.45ms interval_misses=24 execution_misses=27
[INFO] [1787831751.367119856] [six_angels_material_sorting_client]: progress task=3 stage=grasp: task 1 continuously applying locked-wrist preload; offset=1.7/2.8 mm; compliance=active; left[contact=True, aligned=True, angle=2.2deg, effort_delta=0.02, effort_threshold=0.35, firm=False, firm_latched=False, velocity=0.000]; right[contact=True, aligned=True, angle=2.0deg, effort_delta=0.04, effort_threshold=0.35, firm=False, firm_latched=False, velocity=0.000]
[INFO] [1787831753.065794388] [six_angels_material_sorting_client]: controller=executing_stage task=3 attempt=1 stage=lift score=100: task 3 entering lift: task 1 bilateral compliant grasp settled with locked wrists and 2.8 mm bounded preload; compliance=active; left[contact=True, aligned=True, angle=2.2deg, effort_delta=0.00, effort_threshold=0.35, firm=False, firm_latched=False, velocity=0.001]; right[contact=True, aligned=True, angle=2.0deg, effort_delta=0.02, effort_threshold=0.35, firm=False, firm_latched=False, velocity=0.000]
[INFO] [1787831753.114930479] [six_angels_material_sorting_client]: controller=executing_stage task=3 attempt=1 stage=lift score=100: task 3 attempt 1 stage=lift
[INFO] [1787831754.414732742] [six_angels_material_sorting_client]: CONTROL_LOOP_HEALTH samples=400/7515 interval_p95=54.90ms interval_p99=58.90ms execution_p95=13.19ms interval_misses=24 execution_misses=27
[INFO] [1787831755.164680957] [six_angels_material_sorting_client]: progress task=3 stage=lift: task 3 raising the spine while preserving arm preload; bounded_contact=False; lift=0.150m, slide_target=0.146, slide_err=0.055, left_err=0.016, right_err=0.016, cmd_err=0.027, max_vel=0.095
[INFO] [1787831757.164997956] [six_angels_material_sorting_client]: controller=executing_stage task=3 attempt=1 stage=transport score=100: task 3 entering transport: task 3 accepted the completed 0.15 m lift with bounded held-box contact motion; lift=0.150m, slide_target=0.146, slide_err=0.009, left_err=0.016, right_err=0.016, cmd_err=0.000, max_vel=0.007
[INFO] [1787831757.276961357] [six_angels_material_sorting_client]: controller=executing_stage task=3 attempt=1 stage=transport score=100: task 3 attempt 1 stage=transport
[INFO] [1787831757.282713331] [six_angels_material_sorting_client]: scheduler candidate action=task3:transport:stand:right source=heuristic reason=rl_shadow_isolated:submitted costmap_v=408
[INFO] [1787831759.319474757] [six_angels_material_sorting_client]: progress task=3 stage=transport: task 3 holding the top-box and retreating from table; retreating straight; remaining=0.239 m
[INFO] [1787831759.464783310] [six_angels_material_sorting_client]: CONTROL_LOOP_HEALTH samples=400/7616 interval_p95=54.77ms interval_p99=60.45ms execution_p95=8.01ms interval_misses=24 execution_misses=29
[INFO] [1787831761.266342600] [six_angels_material_sorting_client]: progress task=3 stage=transport: task 3 holding the top-box and retreating from table; retreating straight; remaining=0.115 m
[INFO] [1787831763.314358680] [six_angels_material_sorting_client]: progress task=3 stage=transport: task 3 holding the top-box and retreating from table; retreating straight; remaining=0.050 m
[INFO] [1787831764.465096718] [six_angels_material_sorting_client]: CONTROL_LOOP_HEALTH samples=400/7716 interval_p95=50.40ms interval_p99=57.11ms execution_p95=4.27ms interval_misses=24 execution_misses=29
[INFO] [1787831765.364266305] [six_angels_material_sorting_client]: progress task=3 stage=transport: task 3 turning counter-clockwise toward the shelf before translation; yaw_error=1.472
[INFO] [1787831767.367276504] [six_angels_material_sorting_client]: progress task=3 stage=transport: task 3 turning counter-clockwise toward the shelf before translation; yaw_error=1.080
[INFO] [1787831769.365547913] [six_angels_material_sorting_client]: progress task=3 stage=transport: task 3 turning counter-clockwise toward the shelf before translation; yaw_error=0.682
[INFO] [1787831769.514800599] [six_angels_material_sorting_client]: CONTROL_LOOP_HEALTH samples=400/7817 interval_p95=50.76ms interval_p99=57.11ms execution_p95=4.21ms interval_misses=24 execution_misses=29
[INFO] [1787831771.415734488] [six_angels_material_sorting_client]: progress task=3 stage=transport: task 3 turning counter-clockwise toward the shelf before translation; yaw_error=0.271
[INFO] [1787831773.467786689] [six_angels_material_sorting_client]: progress task=3 stage=transport: task 1 advancing shelfward with the safe west-facing heading; advancing straight; remaining=0.471 m
[INFO] [1787831774.514858619] [six_angels_material_sorting_client]: CONTROL_LOOP_HEALTH samples=400/7917 interval_p95=50.98ms interval_p99=57.11ms execution_p95=1.93ms interval_misses=24 execution_misses=29
[INFO] [1787831775.515082660] [six_angels_material_sorting_client]: progress task=3 stage=transport: task 1 advancing shelfward with the safe west-facing heading; advancing straight; remaining=0.366 m
[INFO] [1787831777.564449775] [six_angels_material_sorting_client]: progress task=3 stage=transport: task 1 advancing shelfward with the safe west-facing heading; advancing straight; remaining=0.251 m
[INFO] [1787831779.564767112] [six_angels_material_sorting_client]: CONTROL_LOOP_HEALTH samples=400/8018 interval_p95=50.60ms interval_p99=52.13ms execution_p95=1.83ms interval_misses=24 execution_misses=29
[INFO] [1787831779.614067765] [six_angels_material_sorting_client]: progress task=3 stage=transport: task 1 advancing shelfward with the safe west-facing heading; advancing straight; remaining=0.141 m
[INFO] [1787831781.614419345] [six_angels_material_sorting_client]: progress task=3 stage=transport: task 1 advancing shelfward with the safe west-facing heading; advancing straight; remaining=0.074 m
[INFO] [1787831783.666498413] [six_angels_material_sorting_client]: progress task=3 stage=transport: task 1 advancing shelfward with the safe west-facing heading; advancing straight; remaining=0.033 m
[INFO] [1787831784.565040344] [six_angels_material_sorting_client]: CONTROL_LOOP_HEALTH samples=400/8118 interval_p95=50.31ms interval_p99=51.66ms execution_p95=1.84ms interval_misses=24 execution_misses=29
[INFO] [1787831785.664488958] [six_angels_material_sorting_client]: progress task=3 stage=transport: task 3 moving laterally at the safe shelf-front clearance; lateral alignment rotating toward shelf-front direction; yaw_err=1.461
[INFO] [1787831787.664349758] [six_angels_material_sorting_client]: progress task=3 stage=transport: task 3 moving laterally at the safe shelf-front clearance; lateral alignment rotating toward shelf-front direction; yaw_err=1.070
[INFO] [1787831789.564912965] [six_angels_material_sorting_client]: CONTROL_LOOP_HEALTH samples=400/8218 interval_p95=50.32ms interval_p99=51.55ms execution_p95=1.76ms interval_misses=24 execution_misses=29
[INFO] [1787831789.666432472] [six_angels_material_sorting_client]: progress task=3 stage=transport: task 3 moving laterally at the safe shelf-front clearance; lateral alignment rotating toward shelf-front direction; yaw_err=0.676
[INFO] [1787831791.665360618] [six_angels_material_sorting_client]: progress task=3 stage=transport: task 3 moving laterally at the safe shelf-front clearance; lateral alignment rotating toward shelf-front direction; yaw_err=0.261
[INFO] [1787831793.714193710] [six_angels_material_sorting_client]: progress task=3 stage=transport: task 3 moving laterally at the safe shelf-front clearance; lateral alignment driving along shelf front; y_err=-0.329, x_err=-0.010
[INFO] [1787831794.614603930] [six_angels_material_sorting_client]: CONTROL_LOOP_HEALTH samples=400/8319 interval_p95=50.16ms interval_p99=50.96ms execution_p95=1.76ms interval_misses=24 execution_misses=29
[INFO] [1787831795.714811323] [six_angels_material_sorting_client]: progress task=3 stage=transport: task 3 moving laterally at the safe shelf-front clearance; lateral alignment driving along shelf front; y_err=-0.231, x_err=-0.008
[INFO] [1787831797.764554863] [six_angels_material_sorting_client]: progress task=3 stage=transport: task 3 moving laterally at the safe shelf-front clearance; lateral alignment driving along shelf front; y_err=-0.132, x_err=-0.007
[INFO] [1787831799.664848025] [six_angels_material_sorting_client]: CONTROL_LOOP_HEALTH samples=400/8420 interval_p95=50.14ms interval_p99=50.96ms execution_p95=1.69ms interval_misses=24 execution_misses=29
[INFO] [1787831799.814177595] [six_angels_material_sorting_client]: progress task=3 stage=transport: task 3 moving laterally at the safe shelf-front clearance; lateral alignment driving along shelf front; y_err=-0.068, x_err=-0.007
[INFO] [1787831801.864326381] [six_angels_material_sorting_client]: progress task=3 stage=transport: task 3 moving laterally at the safe shelf-front clearance; lateral alignment driving along shelf front; y_err=-0.027, x_err=-0.007
[INFO] [1787831803.864866977] [six_angels_material_sorting_client]: progress task=3 stage=transport: task 3 moving laterally at the safe shelf-front clearance; lateral alignment restoring shelf-facing yaw; yaw_err=-1.363
[INFO] [1787831804.714714640] [six_angels_material_sorting_client]: CONTROL_LOOP_HEALTH samples=400/8521 interval_p95=50.14ms interval_p99=50.64ms execution_p95=1.69ms interval_misses=24 execution_misses=29
[INFO] [1787831805.914251889] [six_angels_material_sorting_client]: progress task=3 stage=transport: task 3 moving laterally at the safe shelf-front clearance; lateral alignment restoring shelf-facing yaw; yaw_err=-0.938
[INFO] [1787831807.916227343] [six_angels_material_sorting_client]: progress task=3 stage=transport: task 3 moving laterally at the safe shelf-front clearance; lateral alignment restoring shelf-facing yaw; yaw_err=-0.527
[INFO] [1787831809.715078111] [six_angels_material_sorting_client]: CONTROL_LOOP_HEALTH samples=400/8621 interval_p95=50.14ms interval_p99=50.41ms execution_p95=1.69ms interval_misses=24 execution_misses=29
[INFO] [1787831809.915781038] [six_angels_material_sorting_client]: progress task=3 stage=transport: task 3 moving laterally at the safe shelf-front clearance; lateral alignment restoring shelf-facing yaw; yaw_err=-0.144
[INFO] [1787831810.816857429] [six_angels_material_sorting_client]: controller=executing_stage task=3 attempt=1 stage=align_for_place score=140: task 3 entering align_for_place: task 1 reached the safe shelf pre-place stand with the carried center still 0.75 m in front of the shelf
[INFO] [1787831810.865497202] [six_angels_material_sorting_client]: controller=executing_stage task=3 attempt=1 stage=align_for_place score=140: task 3 attempt 1 stage=align_for_place
[INFO] [1787831812.915053785] [six_angels_material_sorting_client]: progress task=3 stage=align_for_place: task 1 moving held top-box to task-3 shelf clearance height; slide_target=0.026, slide_err=0.027, left_err=0.016, right_err=0.016, cmd_err=0.000, slide_vel=0.042, max_vel=0.042
[INFO] [1787831814.764570836] [six_angels_material_sorting_client]: CONTROL_LOOP_HEALTH samples=400/8722 interval_p95=50.16ms interval_p99=50.56ms execution_p95=1.80ms interval_misses=24 execution_misses=29
[INFO] [1787831814.963946651] [six_angels_material_sorting_client]: progress task=3 stage=align_for_place: task 3 aligning outside shelf for packaging-box left placement; lateral alignment rotating toward shelf-front direction; yaw_err=1.489
[INFO] [1787831816.964344798] [six_angels_material_sorting_client]: progress task=3 stage=align_for_place: task 3 aligning outside shelf for packaging-box left placement; lateral alignment rotating toward shelf-front direction; yaw_err=1.082
[INFO] [1787831819.015377431] [six_angels_material_sorting_client]: progress task=3 stage=align_for_place: task 3 aligning outside shelf for packaging-box left placement; lateral alignment rotating toward shelf-front direction; yaw_err=0.631
[INFO] [1787831819.764863575] [six_angels_material_sorting_client]: CONTROL_LOOP_HEALTH samples=400/8822 interval_p95=50.16ms interval_p99=50.54ms execution_p95=1.80ms interval_misses=24 execution_misses=29
[INFO] [1787831821.064550817] [six_angels_material_sorting_client]: progress task=3 stage=align_for_place: task 3 aligning outside shelf for packaging-box left placement; lateral alignment rotating toward shelf-front direction; yaw_err=0.182
[INFO] [1787831823.114650637] [six_angels_material_sorting_client]: progress task=3 stage=align_for_place: task 3 aligning outside shelf for packaging-box left placement; lateral alignment driving along shelf front; y_err=-0.270, x_err=-0.006
[INFO] [1787831824.814770538] [six_angels_material_sorting_client]: CONTROL_LOOP_HEALTH samples=400/8923 interval_p95=50.18ms interval_p99=50.54ms execution_p95=1.81ms interval_misses=24 execution_misses=29
[INFO] [1787831825.164413360] [six_angels_material_sorting_client]: progress task=3 stage=align_for_place: task 3 aligning outside shelf for packaging-box left placement; lateral alignment driving along shelf front; y_err=-0.165, x_err=-0.004
[INFO] [1787831827.214252085] [six_angels_material_sorting_client]: progress task=3 stage=align_for_place: task 3 aligning outside shelf for packaging-box left placement; lateral alignment driving along shelf front; y_err=-0.082, x_err=-0.004
[INFO] [1787831829.215030060] [six_angels_material_sorting_client]: progress task=3 stage=align_for_place: task 3 aligning outside shelf for packaging-box left placement; lateral alignment driving along shelf front; y_err=-0.038, x_err=-0.004
[INFO] [1787831829.814813106] [six_angels_material_sorting_client]: CONTROL_LOOP_HEALTH samples=400/9023 interval_p95=50.20ms interval_p99=50.42ms execution_p95=1.80ms interval_misses=24 execution_misses=29
[INFO] [1787831831.214700187] [six_angels_material_sorting_client]: progress task=3 stage=align_for_place: task 3 aligning outside shelf for packaging-box left placement; lateral alignment restoring shelf-facing yaw; yaw_err=-1.423
[INFO] [1787831833.264267542] [six_angels_material_sorting_client]: progress task=3 stage=align_for_place: task 3 aligning outside shelf for packaging-box left placement; lateral alignment restoring shelf-facing yaw; yaw_err=-0.971
[INFO] [1787831834.864714316] [six_angels_material_sorting_client]: CONTROL_LOOP_HEALTH samples=400/9124 interval_p95=50.20ms interval_p99=50.36ms execution_p95=1.75ms interval_misses=24 execution_misses=29
[INFO] [1787831835.264253485] [six_angels_material_sorting_client]: progress task=3 stage=align_for_place: task 3 aligning outside shelf for packaging-box left placement; lateral alignment restoring shelf-facing yaw; yaw_err=-0.532
[INFO] [1787831837.314630226] [six_angels_material_sorting_client]: progress task=3 stage=align_for_place: task 3 aligning outside shelf for packaging-box left placement; lateral alignment restoring shelf-facing yaw; yaw_err=-0.112
[INFO] [1787831839.364608371] [six_angels_material_sorting_client]: progress task=3 stage=align_for_place: task 1 advancing to the shallow task-3 insertion stand; advancing straight; remaining=0.568 m
[INFO] [1787831839.864897781] [six_angels_material_sorting_client]: CONTROL_LOOP_HEALTH samples=400/9224 interval_p95=50.22ms interval_p99=50.42ms execution_p95=1.75ms interval_misses=24 execution_misses=29
[INFO] [1787831841.415414298] [six_angels_material_sorting_client]: progress task=3 stage=align_for_place: task 1 advancing to the shallow task-3 insertion stand; advancing straight; remaining=0.447 m
[INFO] [1787831843.464594478] [six_angels_material_sorting_client]: progress task=3 stage=align_for_place: task 1 advancing to the shallow task-3 insertion stand; advancing straight; remaining=0.325 m
[INFO] [1787831844.864880634] [six_angels_material_sorting_client]: CONTROL_LOOP_HEALTH samples=400/9324 interval_p95=50.27ms interval_p99=50.53ms execution_p95=1.75ms interval_misses=24 execution_misses=29
[INFO] [1787831845.514272091] [six_angels_material_sorting_client]: progress task=3 stage=align_for_place: task 1 advancing to the shallow task-3 insertion stand; advancing straight; remaining=0.207 m
[INFO] [1787831847.514998953] [six_angels_material_sorting_client]: progress task=3 stage=align_for_place: task 1 advancing to the shallow task-3 insertion stand; advancing straight; remaining=0.104 m
[INFO] [1787831849.564910852] [six_angels_material_sorting_client]: progress task=3 stage=align_for_place: task 1 advancing to the shallow task-3 insertion stand; advancing straight; remaining=0.049 m
[INFO] [1787831849.914561469] [six_angels_material_sorting_client]: CONTROL_LOOP_HEALTH samples=400/9425 interval_p95=50.26ms interval_p99=50.50ms execution_p95=1.77ms interval_misses=24 execution_misses=29
[INFO] [1787831851.614252214] [six_angels_material_sorting_client]: progress task=3 stage=align_for_place: task 3 advancing the base an additional 0.15 m before release; advancing straight; remaining=0.135 m
[INFO] [1787831853.664188699] [six_angels_material_sorting_client]: progress task=3 stage=align_for_place: task 3 advancing the base an additional 0.15 m before release; advancing straight; remaining=0.070 m
[INFO] [1787831854.914726098] [six_angels_material_sorting_client]: CONTROL_LOOP_HEALTH samples=400/9525 interval_p95=50.27ms interval_p99=50.61ms execution_p95=1.78ms interval_misses=24 execution_misses=29
[INFO] [1787831855.714423338] [six_angels_material_sorting_client]: progress task=3 stage=align_for_place: task 3 advancing the base an additional 0.15 m before release; advancing straight; remaining=0.040 m
[INFO] [1787831857.714352423] [six_angels_material_sorting_client]: progress task=3 stage=align_for_place: task 3 advancing the base an additional 0.15 m before release; advancing straight; remaining=0.017 m
[INFO] [1787831857.915106876] [six_angels_material_sorting_client]: controller=executing_stage task=3 attempt=1 stage=place score=140: task 3 entering place: task 3 reached the direct base-release position without arm insertion; extra advance=0.15 m
[INFO] [1787831857.964944752] [six_angels_material_sorting_client]: controller=executing_stage task=3 attempt=1 stage=place score=140: task 3 attempt 1 stage=place
[INFO] [1787831859.915262295] [six_angels_material_sorting_client]: CONTROL_LOOP_HEALTH samples=400/9625 interval_p95=50.26ms interval_p99=50.53ms execution_p95=1.92ms interval_misses=24 execution_misses=29
[INFO] [1787831859.964977180] [six_angels_material_sorting_client]: progress task=3 stage=place: task 1 lowering task-3 box compliantly onto the shelf board; slide_target=0.134, slide_err=0.032, left_err=0.016, right_err=0.016, cmd_err=0.015, slide_vel=0.177, max_vel=0.177; compliant_place_phase=fast_approach, remaining_mm=27.0, step_mm=2.0, completion=None; placement_effort=active, slide_ratio=0.00, left_wrist_ratio=0.00, right_wrist_ratio=0.00, left_arm_max=0.00, right_arm_max=0.00, candidate=False, confirmed=False
[INFO] [1787831861.964956382] [six_angels_material_sorting_client]: progress task=3 stage=place: task 1 lowering task-3 box compliantly onto the shelf board; slide_target=0.136, slide_err=0.002, left_err=0.016, right_err=0.016, cmd_err=0.000, slide_vel=0.007, max_vel=0.007; compliant_place_phase=fine_descent, remaining_mm=10.0, step_mm=2.0, completion=None; placement_effort=active, slide_ratio=0.00, left_wrist_ratio=0.00, right_wrist_ratio=0.00, left_arm_max=0.00, right_arm_max=0.00, candidate=False, confirmed=False
[INFO] [1787831864.015006812] [six_angels_material_sorting_client]: progress task=3 stage=place: task 3 spreading both arms locally to release; target_base=(0.718, -0.01, 1.164); arm_tol=0.030, slide_err=0.006, left_err=0.038, right_err=0.036, cmd_err=0.030, max_vel=0.075
[INFO] [1787831864.964576354] [six_angels_material_sorting_client]: CONTROL_LOOP_HEALTH samples=400/9726 interval_p95=50.24ms interval_p99=50.69ms execution_p95=2.11ms interval_misses=24 execution_misses=29
[INFO] [1787831865.515719510] [six_angels_material_sorting_client]: controller=executing_stage task=3 attempt=1 stage=verify_place score=140: task 3 entering verify_place: task 3 released the box from the achieved insertion pose without world-frame IK recomputation
[INFO] [1787831865.565011406] [six_angels_material_sorting_client]: controller=executing_stage task=3 attempt=1 stage=verify_place score=140: task 3 attempt 1 stage=verify_place
[INFO] [1787831866.615055241] [six_angels_material_sorting_client]: controller=executing_stage task=3 attempt=1 stage=return_to_end score=140: task 3 entering return_to_end: task 1 shelf placement settled; handing result to referee
[INFO] [1787831866.754158551] [six_angels_material_sorting_client]: controller=executing_stage task=3 attempt=1 stage=return_to_end score=140: task 3 attempt 1 stage=return_to_end
[INFO] [1787831866.759823305] [six_angels_material_sorting_client]: scheduler candidate action=task3:return_to_end:stand:left source=heuristic reason=rl_shadow_isolated:submitted costmap_v=502
[INFO] [1787831868.664626137] [six_angels_material_sorting_client]: progress task=3 stage=return_to_end: task 3 retreating the base 0.40 m after release; retreating straight; remaining=0.275 m
[INFO] [1787831870.036037517] [six_angels_material_sorting_client]: CONTROL_LOOP_HEALTH samples=400/9826 interval_p95=50.44ms interval_p99=56.71ms execution_p95=2.23ms interval_misses=25 execution_misses=30
[INFO] [1787831870.664603111] [six_angels_material_sorting_client]: progress task=3 stage=return_to_end: task 3 retreating the base 0.40 m after release; retreating straight; remaining=0.134 m
[INFO] [1787831872.714454383] [six_angels_material_sorting_client]: progress task=3 stage=return_to_end: task 3 retreating the base 0.40 m after release; retreating straight; remaining=0.054 m
[INFO] [1787831874.714863942] [six_angels_material_sorting_client]: progress task=3 stage=return_to_end: task 3 compacting open arms to half-width 0.065 m; target_base=(0.718, -0.01, 1.164); arm_tol=0.030, slide_err=0.009, left_err=0.125, right_err=0.122, cmd_err=0.093, max_vel=0.197
[INFO] [1787831874.965645224] [six_angels_material_sorting_client]: CONTROL_LOOP_HEALTH samples=400/9926 interval_p95=54.97ms interval_p99=60.22ms execution_p95=2.35ms interval_misses=26 execution_misses=30
[INFO] [1787831876.824914594] [six_angels_material_sorting_client]: progress task=3 stage=return_to_end: task 3 pushing the released box farther into the shelf by 0.38 m; advancing straight; remaining=0.353 m
[INFO] [1787831878.891717277] [six_angels_material_sorting_client]: progress task=3 stage=return_to_end: task 3 pushing the released box farther into the shelf by 0.38 m; advancing straight; remaining=0.220 m
[INFO] [1787831880.006467739] [six_angels_material_sorting_client]: CONTROL_LOOP_HEALTH samples=400/10026 interval_p95=55.88ms interval_p99=61.75ms execution_p95=2.15ms interval_misses=27 execution_misses=32
[INFO] [1787831880.864331415] [six_angels_material_sorting_client]: progress task=3 stage=return_to_end: task 3 pushing the released box farther into the shelf by 0.38 m; advancing straight; remaining=0.108 m
[INFO] [1787831882.912330340] [six_angels_material_sorting_client]: progress task=3 stage=return_to_end: task 3 pushing the released box farther into the shelf by 0.38 m; advancing straight; remaining=0.057 m
[INFO] [1787831884.914818844] [six_angels_material_sorting_client]: progress task=3 stage=return_to_end: task 3 pushing the released box farther into the shelf by 0.38 m; advancing straight; remaining=0.019 m
[INFO] [1787831885.099316999] [six_angels_material_sorting_client]: CONTROL_LOOP_HEALTH samples=400/10127 interval_p95=57.05ms interval_p99=61.75ms execution_p95=2.01ms interval_misses=27 execution_misses=32
[INFO] [1787831886.966063277] [six_angels_material_sorting_client]: progress task=3 stage=return_to_end: task 3 retreating after the post-release push; retreating straight; remaining=0.342 m
[INFO] [1787831888.993676306] [six_angels_material_sorting_client]: progress task=3 stage=return_to_end: task 3 retreating after the post-release push; retreating straight; remaining=0.207 m
[INFO] [1787831890.082849457] [six_angels_material_sorting_client]: CONTROL_LOOP_HEALTH samples=400/10228 interval_p95=58.49ms interval_p99=61.15ms execution_p95=1.86ms interval_misses=28 execution_misses=32
[INFO] [1787831891.014416292] [six_angels_material_sorting_client]: progress task=3 stage=return_to_end: task 3 retreating after the post-release push; retreating straight; remaining=0.085 m
[INFO] [1787831893.080933844] [six_angels_material_sorting_client]: progress task=3 stage=return_to_end: task 3 retreating after the post-release push; retreating straight; remaining=0.027 m
[INFO] [1787831895.114716826] [six_angels_material_sorting_client]: progress task=3 stage=return_to_end: task 3 retracting both arms after the post-release push; transport retract; slide_err=0.007, left_err=0.003, right_err=0.003, cmd_err=0.000, max_vel=0.016
[INFO] [1787831895.116165377] [six_angels_material_sorting_client]: CONTROL_LOOP_HEALTH samples=400/10329 interval_p95=57.94ms interval_p99=61.15ms execution_p95=1.89ms interval_misses=28 execution_misses=32
[INFO] [1787831897.114947585] [six_angels_material_sorting_client]: progress task=3 stage=return_to_end: task 3 raising the retracted arms to maximum transport height; slide_target=-0.040, slide_err=0.082, left_err=0.003, right_err=0.003, cmd_err=0.053, slide_vel=0.038, max_vel=0.038
[INFO] [1787831899.215514871] [six_angels_material_sorting_client]: progress task=3 stage=return_to_end: task 3 raising the retracted arms to maximum transport height; slide_target=-0.040, slide_err=0.010, left_err=0.003, right_err=0.003, cmd_err=0.000, slide_vel=0.009, max_vel=0.009
[INFO] [1787831900.166001966] [six_angels_material_sorting_client]: CONTROL_LOOP_HEALTH samples=400/10430 interval_p95=57.46ms interval_p99=60.90ms execution_p95=2.35ms interval_misses=28 execution_misses=33
[INFO] [1787831901.175988705] [six_angels_material_sorting_client]: progress task=3 stage=return_to_end: task 1 returning to the end zone; goal=(-0.78, 0.55, 1.57); nav_status=navigating; NAV_TEL phase=transfer status=navigating segment=nav_end x=-1.280 y=0.552 yaw=2.706 dist=0.500 yaw_err=-1.135 cmd=(0.000,-0.550) clear=0.300 footprint=transit_stowed path=0.500 planned_straight=0.500 detour=0.999
[INFO] [1787831903.215472272] [six_angels_material_sorting_client]: progress task=3 stage=return_to_end: task 1 returning to the end zone; goal=(-0.78, 0.55, 1.57); nav_status=navigating; NAV_TEL phase=transfer status=navigating segment=nav_end x=-1.279 y=0.551 yaw=1.985 dist=0.499 yaw_err=-0.414 cmd=(0.000,-0.550) clear=0.300 footprint=transit_stowed path=0.500 planned_straight=0.500 detour=0.999
[INFO] [1787831905.215294631] [six_angels_material_sorting_client]: CONTROL_LOOP_HEALTH samples=400/10531 interval_p95=56.91ms interval_p99=60.04ms execution_p95=2.69ms interval_misses=28 execution_misses=33
[INFO] [1787831905.266152969] [six_angels_material_sorting_client]: progress task=3 stage=return_to_end: task 1 returning to the end zone; goal=(-0.78, 0.55, 1.57); nav_status=navigating; NAV_TEL phase=transfer status=navigating segment=nav_end x=-1.279 y=0.550 yaw=1.249 dist=0.499 yaw_err=0.322 cmd=(0.000,-0.550) clear=0.300 footprint=transit_stowed path=0.500 planned_straight=0.500 detour=0.999
[INFO] [1787831907.277500279] [six_angels_material_sorting_client]: progress task=3 stage=return_to_end: task 1 returning to the end zone; goal=(-0.78, 0.55, 1.57); nav_status=navigating; NAV_TEL phase=transfer status=navigating segment=nav_end x=-1.280 y=0.550 yaw=0.512 dist=0.500 yaw_err=1.059 cmd=(0.000,-0.550) clear=0.300 footprint=transit_stowed path=0.500 planned_straight=0.500 detour=0.999
[INFO] [1787831909.348428326] [six_angels_material_sorting_client]: progress task=3 stage=return_to_end: task 1 returning to the end zone; goal=(-0.78, 0.55, 1.57); nav_status=navigating; NAV_TEL phase=transfer status=navigating segment=nav_end x=-1.138 y=0.570 yaw=0.070 dist=0.359 yaw_err=1.501 cmd=(0.180,-0.090) clear=0.400 footprint=transit_stowed path=0.500 planned_straight=0.500 detour=0.999
[INFO] [1787831910.216047306] [six_angels_material_sorting_client]: CONTROL_LOOP_HEALTH samples=400/10631 interval_p95=56.39ms interval_p99=59.12ms execution_p95=3.00ms interval_misses=28 execution_misses=33
[INFO] [1787831911.365472446] [six_angels_material_sorting_client]: progress task=3 stage=return_to_end: task 1 returning to the end zone; goal=(-0.78, 0.55, 1.57); nav_status=final_positioning; NAV_TEL phase=transfer status=final_positioning segment=nav_end x=-0.923 y=0.577 yaw=-0.014 dist=0.145 yaw_err=1.584 cmd=(0.099,-0.344) clear=0.400 footprint=transit_stowed path=0.500 planned_straight=0.500 detour=0.999
[INFO] [1787831913.365741246] [six_angels_material_sorting_client]: progress task=3 stage=return_to_end: task 1 returning to the end zone; goal=(-0.78, 0.55, 1.57); nav_status=final_aligning; NAV_TEL phase=transfer status=final_aligning segment=nav_end x=-0.845 y=0.567 yaw=-0.020 dist=0.067 yaw_err=1.590 cmd=(0.000,0.500) clear=0.400 footprint=transit_stowed path=0.500 planned_straight=0.500 detour=0.999
[INFO] [1787831915.265676953] [six_angels_material_sorting_client]: CONTROL_LOOP_HEALTH samples=400/10732 interval_p95=55.67ms interval_p99=58.02ms execution_p95=3.05ms interval_misses=28 execution_misses=33
[INFO] [1787831915.415033955] [six_angels_material_sorting_client]: progress task=3 stage=return_to_end: task 1 returning to the end zone; goal=(-0.78, 0.55, 1.57); nav_status=final_aligning; NAV_TEL phase=transfer status=final_aligning segment=nav_end x=-0.846 y=0.567 yaw=0.641 dist=0.068 yaw_err=0.930 cmd=(0.000,0.500) clear=0.300 footprint=transit_stowed path=0.500 planned_straight=0.500 detour=0.999
[INFO] [1787831917.415404950] [six_angels_material_sorting_client]: progress task=3 stage=return_to_end: task 1 returning to the end zone; goal=(-0.78, 0.55, 1.57); nav_status=final_aligning; NAV_TEL phase=transfer status=final_aligning segment=nav_end x=-0.846 y=0.567 yaw=1.303 dist=0.068 yaw_err=0.267 cmd=(0.000,0.500) clear=0.300 footprint=transit_stowed path=0.500 planned_straight=0.500 detour=0.999
[INFO] [1787831918.265964961] [six_angels_material_sorting_client]: controller=finished task=3 attempt=1 stage=- score=160: referee terminal cleanup completed
